location,item,UPC,Quantity
UC,100-F5BBO-W6226M-SESLT-XL,198895008048,23
UC,100-F5BDE-P4888M-MDNGO-M,198895009359,28
UC,100-F5BWQ-J5810M-SESLT-1X,198895016944,16
UC,100-F5BWQ-J5810M-SESLT-L,198895016920,46
UC,100-F5BWQ-J5810M-SESLT-M,198895016913,46
UC,100-F5BWQ-J5810M-SESLT-S,198895016906,17
UC,100-F5BWQ-J5810M-SESLT-XL,198895016937,29
UC,100-F5BWQ-V1355M-WINE-XS,198895018153,8
UC,100-F5CEA-W6247M-DOVE-XL,198895018375,19
UC,100-F5CUF-W6221M-ASH-1X/2X,198895105846,19
UC,100-F5CVY-V1343M-IVORY-M,198895021146,122
UC,100-F5CVY-V1343M-IVORY-S,198895021139,104
UC,100-F5CVY-V1343M-IVORY-XL,198895021160,65
UC,100-F5CVY-V1343M-IVORY-XS,198895021122,71
UC,100-F5CVY-W6218M-IVORY-L,198895021429,70
UC,100-F5CVY-W6218M-IVORY-M,198895021412,108
UC,100-F5CVY-W6218M-IVORY-S,198895021405,79
UC,100-F5CVY-W6218M-IVORY-XL,198895021436,56
UC,100-F5DKS-W6243M-DKPRL-L,198895123376,14
UC,100-F5FIT-W6211M-ARCBL-L,198895023522,23
UC,100-F5FWU-W6223M-ASH-2X,198895130404,1
UC,100-F5FYY-T6241M-BLASH-L,198895033873,26
UC,100-F5FYY-T6241M-BLASH-M,198895033866,25
UC,100-F5FYY-T6244P-BLASH-PM,198895094348,59
UC,100-F5FYY-T6244P-BLASH-PS,198895094331,43
UC,100-F5GEZ-C2164M-BISCU-L,198895038250,21
UC,100-F5GEZ-C2164M-BISCU-XL,198895038267,17
UC,100-F5GGR-C2160M-BISCU-L,198895038977,16
UC,100-F5GGR-C2160M-BISCU-M,198895038960,26
UC,100-F5MPS-K5447M-BLACK-L,198895050795,16
UC,100-F5MPS-K5447M-BLACK-M,198895050788,30
UC,100-F5MPS-K5447M-BLACK-S,198895050771,13
UC,100-F5MPS-K5447M-BLACK-XL,198895050801,30
UC,100-F5OET-P4897M-LUNET-L,198895150891,48
UC,100-F5OET-P4897M-LUNET-M,198895150884,71
UC,100-F5OET-P4897M-LUNET-S,198895150877,54
UC,100-F5OET-P4897M-LUNET-XL,198895150907,39
UC,100-F5QVB-J5808M-BLACK-XL,198895056391,18
UC,100-F5QVB-J5808M-WHEAT-1X,198895056490,13
UC,100-F5QVB-J5808M-WHEAT-2X,198895056506,21
UC,100-F5QVB-J5808M-WHEAT-XL,198895056483,37
UC,100-F5SBP-V1356M-DOVE-L,198895142452,4
UC,100-F5TFF-D5320M-ROYAL-L,198895067915,25
UC,100-F5TFF-D5320M-ROYAL-M,198895067908,45
UC,100-F5TJH-P4846M-BLACK-L,198895167264,31
UC,100-F5TJH-P4846M-BLACK-M,198895167257,12
UC,100-F5TJH-P4846M-BLACK-S,198895167240,35
UC,100-F5TJH-P4846P-BLACK-PL,198895167349,30
UC,100-F5TJX-J5820M-WDLND-XL,198895072964,2
UC,100-F5TJX-P4610P-BLACK-PM,198895097646,30
UC,100-F5TJX-P4610P-BLACK-PS,198895097639,37
UC,100-F5TJX-P4708P-BLACK-PM,198895097806,17
UC,100-F5TJX-P4708P-BLACK-PS,198895097790,25
UC,100-F5TJX-P4893P-BLACK-PM,198895296490,27
UC,100-F5TJX-V1350M-CHALK-L,198895075385,81
UC,100-F5TJX-V1350M-CHALK-M,198895075378,132
UC,100-F5TJX-V1350M-CHALK-S,198895075361,112
UC,100-F5TK-S4420M-BLACK-M,198895077785,78
UC,100-F5ULO-D5390M-BLACK-XXS,198895081294,1
UC,100-F5VBI-W6272M-BLSWH-1X,198895155810,1
UC,100-F5VLO-D0620M-BLACK-M,198895083663,4
UC,100-F5VLO-T6368P-BLACK-PM,198895098490,14
UC,100-F5VLO-T6368P-BLACK-PP,198895098476,16
UC,100-F5VLO-T6368P-BLACK-PS,198895098483,21
UC,100-F5YHH-J5619M-SOFWH-1X,198895089566,6
UC,100-F5YHH-J5619M-SOFWH-2X,198895089573,10
UC,100-F5YHH-J5619M-SOFWH-3X,198895089580,8
UC,100-F5YSA-W5894M-BLACK-M,198895001568,22
UC,100-F5YSA-W5894M-BLACK-S,198895001551,16
UC,100-S5RBC-T6209M-BLACK-1X,672178145083,1
UC,100-S6AJH-T6368M-BLSTR-1X,198895170608,1
UC,100-S6AJH-T6368M-LFRST-1X,198895170691,1
UC,100-S6AJH-T6368M-LFRST-L,198895170677,3
UC,100-S6AJH-T6368M-LFRST-M,198895170660,4
UC,100-S6AJH-T6368M-LFRST-XL,198895170684,3
UC,100-S6AJH-T6368P-ARYBL-PL,198895280499,1
UC,100-S6AJH-T6368P-ARYBL-PP,198895280468,1
UC,100-S6AJH-T6462M-WHITE-S,198895171100,1
UC,100-S6AJH-T6462P-WHITE-PP,198895280789,2
UC,100-S6AKR-C2030P-RIVER-PL,198895259099,1
UC,100-S6AKR-J5808M-BLACK-S,198895171285,4
UC,100-S6AKR-J5808M-BLACK-XXS,198895171261,2
UC,100-S6AKR-J5808M-DOVE-S,198895171377,1
UC,100-S6BBR-P4607M-BAYLF-XS,198895172268,1
UC,100-S6BBR-P4607M-BONE-S,198895172367,2
UC,100-S6BBR-P4607M-INK-2X,198895172770,10
UC,100-S6BBR-P4607M-INK-L,198895172749,27
UC,100-S6BBR-P4607M-INK-M,198895172732,18
UC,100-S6BBR-P4607M-INK-XL,198895172756,32
UC,100-S6BBR-T6354M-EUCLY-1X,198895173845,2
UC,100-S6BBR-T6354M-EUCLY-L,198895173821,2
UC,100-S6BBR-T6354M-EUCLY-M,198895173814,1
UC,100-S6BBR-T6354M-EUCLY-S,198895173807,1
UC,100-S6BBR-T6354M-EUCLY-XL,198895173838,1
UC,100-S6BBR-T6354M-EUCLY-XS,198895173791,1
UC,100-S6BBR-T6360M-AQRUS-M,198895173906,1
UC,100-S6BBR-T6360M-AQRUS-S,198895173890,1
UC,100-S6BBR-T6360M-AQRUS-XXS,198895173876,2
UC,100-S6BBR-T6360M-INK-2X,198895310912,1
UC,100-S6BBR-T6360M-INK-3X,198895310929,1
UC,100-S6BBR-T6360M-INK-XL,198895310899,4
UC,100-S6BBR-T6413M-INK-L,198895176259,28
UC,100-S6BBR-T6413M-INK-M,198895176242,36
UC,100-S6BBR-T6413M-INK-S,198895176235,6
UC,100-S6BBR-T6413M-SKYLT-L,198895176709,49
UC,100-S6BBR-T6413M-SKYLT-M,198895176693,51
UC,100-S6BBR-T6413M-SKYLT-S,198895176686,27
UC,100-S6BBR-T6413M-SKYLT-XL,198895176716,29
UC,100-S6BBR-T6413M-SKYLT-XS,198895176679,12
UC,100-S6BBR-T6524M-BONE-XXS,198895433376,3
UC,100-S6BDE-P4679M-CLIND-XS,198895178116,2
UC,100-S6BDE-P4887M-CLIND-1X,198895178611,1
UC,100-S6BDE-P4887M-DPIND-XS,198895178659,1
UC,100-S6BDE-P4888M-CLIND-XXS,198895178826,1
UC,100-S6BDE-P4888P-CLIND-PL,198895266547,1
UC,100-S6BDE-P4888P-CLIND-PM,198895266530,3
UC,100-S6BDE-P4888P-CLIND-PS,198895266523,3
UC,100-S6BDE-P4901M-BLACK-XS,198895178925,1
UC,100-S6BDE-P4901M-BLACK-XXS,198895178918,1
UC,100-S6BDE-P4901P-CLIND-PM,198895281168,3
UC,100-S6BDE-P4901P-CLIND-PP,198895281144,4
UC,100-S6BDE-P4901P-CLIND-PS,198895281151,2
UC,100-S6BDE-P4901P-MDNGO-PP,198895259433,1
UC,100-S6BIU-W5905M-BLACK-3X,198895179366,1
UC,100-S6BMG-J5835M-INK-XXS,198895180768,2
UC,100-S6BVR-K5239M-INK-XXS,198895181123,2
UC,100-S6BVR-W6220M-SKYLT-3X,198895181567,1
UC,100-S6CIZ-D5345M-INK-XS,198895181819,5
UC,100-S6CIZ-U4406M-BLACK-XS,198895250218,1
UC,100-S6CXU-T6318M-CDMOM-XL,198895182663,3
UC,100-S6CXU-T6412M-EUCLY-XL,198895182847,1
UC,100-S6DEE-J5558M-INK-L,198895183011,1
UC,100-S6DEE-J5558P-INK-PP,198895281267,1
UC,100-S6DEE-P4366M-DOVE-1X,198895250539,1
UC,100-S6DEE-P4366M-DOVE-M,198895250508,1
UC,100-S6DEE-P4366M-INK-M,198895183271,1
UC,100-S6DEE-P4689P-SESLT-PS,198895433642,2
UC,100-S6DEE-T5705M-DOVE-XS,198895308315,1
UC,100-S6FEI-K5463M-DKPRL-XS,198895184438,1
UC,100-S6FEP-W6260M-DKPRL-XXS,198895184513,1
UC,100-S6FTE-T6468M-INK-XL,198895185015,1
UC,100-S6FWA-K5474M-UNNAT-1X,198895327347,19
UC,100-S6FWA-K5474M-UNNAT-2X,198895327354,10
UC,100-S6FWA-K5474M-UNNAT-3X,198895327361,12
UC,100-S6FWA-K5474M-UNNAT-L,198895327323,33
UC,100-S6FWA-K5474M-UNNAT-M,198895327316,43
UC,100-S6FWA-K5474M-UNNAT-S,198895327309,18
UC,100-S6FWA-K5474M-UNNAT-XL,198895327330,26
UC,100-S6FWA-K5474M-UNNAT-XS,198895327293,13
UC,100-S6FWA-W6277M-BLACK-L,198895327866,48
UC,100-S6FWA-W6277M-BLACK-M,198895327859,57
UC,100-S6FWA-W6277M-BLACK-S,198895327842,38
UC,100-S6FWA-W6277M-BLACK-XL,198895327873,27
UC,100-S6FWA-W6277M-BLACK-XS,198895327835,24
UC,100-S6FWH-T5684M-KELP-S,198895332433,6
UC,100-S6FWH-T5684M-KELP-XXS,198895332419,1
UC,100-S6FZS-W6269M-HAZE-L,198895185909,29
UC,100-S6FZS-W6269M-HAZE-M,198895185893,54
UC,100-S6FZS-W6269M-HAZE-S,198895185886,38
UC,100-S6FZS-W6269M-INK-M,198895185985,20
UC,100-S6FZS-W6269M-INK-S,198895185978,25
UC,100-S6FZS-W6269M-INK-XS,198895185961,13
UC,100-S6FZX-K5470M-INK-L,198895186081,35
UC,100-S6FZX-K5470M-INK-M,198895186074,19
UC,100-S6FZX-K5470M-INK-S,198895186067,2
UC,100-S6FZX-K5470M-INK-XL,198895186098,33
UC,100-S6GAS-W6176M-BLACK-3X,198895186210,1
UC,100-S6GBI-K5436M-FLINT-L,198895186890,1
UC,100-S6GBI-K5436M-FLINT-XL,198895186906,1
UC,100-S6GBI-K5436M-UNNAT-XL,198895261436,1
UC,100-S6GC1-J5837M-BLACK-L,198895187736,2
UC,100-S6GC1-J5837M-BLACK-M,198895187729,2
UC,100-S6GC1-J5837M-BLACK-S,198895187712,4
UC,100-S6GC1-J5837M-BLACK-XXS,198895187699,4
UC,100-S6GC1-P4889M-FLINT-3X,198895261559,1
UC,100-S6GC1-P4889M-FLINT-M,198895261504,1
UC,100-S6GC1-P4889M-FLINT-S,198895261498,1
UC,100-S6GC1-P4889M-FLINT-XS,198895261481,2
UC,100-S6GC1-P4889M-INK-2X,198895188214,1
UC,100-S6GC1-P4889M-INK-3X,198895188221,1
UC,100-S6GC1-T5775M-BLSTR-1X,198895188290,1
UC,100-S6GC1-T5775M-BLSTR-L,198895188276,1
UC,100-S6GC1-T5775M-BLSTR-S,198895188252,1
UC,100-S6GC1-T5775M-BLSTR-XL,198895188283,1
UC,100-S6GC1-T5775P-BLSTR-PS,198895283742,2
UC,100-S6GC1-T6368M-FSTFL-L,198895188634,3
UC,100-S6GC1-T6368M-FSTFL-S,198895188610,2
UC,100-S6GC1-T6368M-FSTFL-XS,198895188603,1
UC,100-S6GC1-U4274M-BLACK-3X,198895251000,1
UC,100-S6GC1-U4274M-INK-L,198895190255,1
UC,100-S6GDD-P4679M-WHITE-XXS,198895191207,1
UC,100-S6GK-U2372M-EUCLY-3X,198895192457,1
UC,100-S6GK-U2372M-FLINT-XXS,198895192464,1
UC,100-S6GK-U2372M-IVORY-XXS,198895192648,1
UC,100-S6ISZ-T5670M-SKYLT-XXS,198895195137,1
UC,100-S6IZ1-T5670M-INK-XL,198895196264,1
UC,100-S6IZ1-T5670M-RIVER-XL,198895196356,1
UC,100-S6IZ1-T5670M-SEAFM-L,198895196431,1
UC,100-S6IZ1-T5670P-INK-PL,198895284329,1
UC,100-S6IZ1-T5852M-BDORG-M,198895196608,2
UC,100-S6JRD-P4366P-WLNUT-PP,198895510138,1
UC,100-S6LEL-W5971M-BLSTR-2X,198895202675,1
UC,100-S6LEL-W5971M-PETUN-L,198895251864,29
UC,100-S6LEL-W5971M-PETUN-M,198895251857,47
UC,100-S6LEL-W5971M-PETUN-S,198895251840,53
UC,100-S6LEL-W5971M-PETUN-XL,198895251871,8
UC,100-S6LEL-W5971M-PETUN-XS,198895251833,29
UC,100-S6LEL-W5971M-TEAL-L,198895251956,36
UC,100-S6LEL-W5971M-TEAL-M,198895251949,48
UC,100-S6LEL-W5971M-TEAL-S,198895251932,52
UC,100-S6LEL-W5971M-TEAL-XL,198895251963,16
UC,100-S6LEL-W5971M-TEAL-XS,198895251925,32
UC,100-S6LOL-D5385P-DPDIV-PL,198895434014,1
UC,100-S6LOL-P4794M-BAYLF-XXS,198895203863,1
UC,100-S6LOL-P4794M-DPDIV-2X,198895204020,2
UC,100-S6LOL-P4794M-DPDIV-S,198895203979,3
UC,100-S6LOL-P4794P-DPDIV-PM,198895267872,3
UC,100-S6LOL-P4794P-DPDIV-PP,198895267858,4
UC,100-S6LOL-T6090M-BAYLF-XL,198895204631,1
UC,100-S6LOL-T6090M-DPDIV-2X,198895204747,1
UC,100-S6LOL-T6450M-BAYLF-XS,198895204860,1
UC,100-S6LVT-P4586M-EUCLY-L,198895205348,1
UC,100-S6LVT-P4586P-EUCLY-PM,198895262914,1
UC,100-S6LVT-T6104M-EUCLY-S,198895205416,2
UC,100-S6LVT-T6104M-EUCLY-XS,198895205409,1
UC,100-S6LVT-T6104M-EUCLY-XXS,198895205393,1
UC,100-S6LVT-T6108M-EUCLY-M,198895205515,1
UC,100-S6LVT-T6108M-EUCLY-XS,198895205492,3
UC,100-S6LVT-T6108M-EUCLY-XXS,198895205485,3
UC,100-S6LVT-T6108P-EUCLY-PL,198895263003,2
UC,100-S6LVT-T6108P-EUCLY-PP,198895262976,1
UC,100-S6LVT-T6108P-EUCLY-PS,198895262983,1
UC,100-S6NBO-J5827M-BLACK-1X,198895205638,2
UC,100-S6NWG-T6090M-FLINT-1X,198895206291,1
UC,100-S6NWG-T6090M-FLINT-L,198895206277,1
UC,100-S6NWG-T6090M-FLINT-M,198895206260,1
UC,100-S6NWG-T6090P-FLINT-PM,198895284831,1
UC,100-S6NWG-T6090P-FLINT-PP,198895284817,1
UC,100-S6NWG-U4393M-BLACK-S,198895252298,3
UC,100-S6NWG-U4393M-FLINT-3X,198895206673,1
UC,100-S6OFQ-C0506M-BAYLF-XS,198895207021,1
UC,100-S6OIJ-T6435M-PARUS-1X,198895475420,24
UC,100-S6OIJ-T6435M-PARUS-XS,198895475376,1
UC,100-S6OJH-D5420M-BDORG-3X,198895207748,1
UC,100-S6OJH-D5420M-BLACK-3X,198895207830,2
UC,100-S6OKB-J5613P-BLACK-PL,198895290368,34
UC,100-S6OKB-J5613P-BLACK-PM,198895290351,39
UC,100-S6OKB-J5613P-BLACK-PS,198895290344,36
UC,100-S6OKB-P4366P-BLACK-PL,198895285128,33
UC,100-S6OKB-P4366P-BLACK-PM,198895285111,35
UC,100-S6OKB-P4366P-BLACK-PS,198895285104,22
UC,100-S6OKB-P4607M-WHITE-XXS,198895435202,2
UC,100-S6OKB-P4655M-BLACK-1X,198895209346,1
UC,100-S6OKB-P4655M-BLACK-XS,198895209292,1
UC,100-S6OKB-P4655P-BLACK-PL,198895268206,27
UC,100-S6OKB-P4655P-BLACK-PM,198895268190,43
UC,100-S6OKB-P4655P-INK-PM,198895268237,32
UC,100-S6OKB-P4856P-BLACK-PL,198895285166,26
UC,100-S6OKB-P4856P-BLACK-PM,198895285159,40
UC,100-S6OKB-P4856P-BLACK-PS,198895285142,24
UC,100-S6OKB-P4856P-FLINT-PM,198895285197,31
UC,100-S6OKB-P4856P-WHITE-PP,198895285210,2
UC,100-S6OLA-T6368M-BDORG-3X,198895211431,1
UC,100-S6OLA-T6368M-BDORG-XS,198895211363,2
UC,100-S6QVB-J5832M-PARUS-L,198895214937,3
UC,100-S6QVB-J5832M-PARUS-XXS,198895214890,3
UC,100-S6QVB-P4830P-BAYLF-PL,198895305352,1
UC,100-S6QVB-P4830P-PARUS-PP,198895285814,1
UC,100-S6QVB-P4830P-PARUS-PS,198895285821,2
UC,100-S6QVB-P4873P-PARUS-PL,198895263836,1
UC,100-S6QVB-P4873P-PARUS-PS,198895263812,1
UC,100-S6RBR-T6460M-INK-XL,198895216474,1
UC,100-S6RBR-T6460M-INK-XXS,198895216429,1
UC,100-S6RII-P4689P-BREZE-PL,198895481001,1
UC,100-S6RII-P4794M-INK-XS,198895219130,1
UC,100-S6RIT-K4809M-BLACK-2X,198895434441,3
UC,100-S6RIT-K4809M-BLACK-3X,198895434458,1
UC,100-S6RIT-K4809M-INK-2X,198895434625,1
UC,100-S6RIT-W6268M-BDORG-M,198895305437,2
UC,100-S6RIT-W6268M-BDORG-XS,198895305413,1
UC,100-S6RIT-W6268M-INK-3X,198895221300,1
UC,100-S6RIT-W6268M-WHITE-XXS,198895221492,3
UC,100-S6SJP-T6070M-CDMOM-L,198895222192,1
UC,100-S6SJP-T6070M-CDMOM-M,198895222185,1
UC,100-S6SJP-T6070M-CDMOM-S,198895222178,4
UC,100-S6SJP-T6070M-CDMOM-XS,198895222161,5
UC,100-S6SJP-T6070M-CDMOM-XXS,198895222154,2
UC,100-S6TFF-D5320M-BLSTR-2X,198895421342,2
UC,100-S6TFF-P4366M-BLACK-3X,198895224271,3
UC,100-S6TFF-P4874M-INK-2X,198895224448,1
UC,100-S6TFF-P4874M-INK-L,198895224417,56
UC,100-S6TFF-P4874M-INK-M,198895224400,31
UC,100-S6TFF-P4874M-INK-XL,198895224424,29
UC,100-S6TFF-S4422P-BLACK-PM,198895268718,2
UC,100-S6TFF-S4422P-BLACK-PS,198895268701,2
UC,100-S6TGK-P4668M-BLACK-1X,198895225872,14
UC,100-S6TGK-P4668M-BLACK-L,198895225858,27
UC,100-S6TGK-P4668M-BLACK-M,198895225841,6
UC,100-S6TGK-P4668M-BLACK-S,198895225834,15
UC,100-S6TGK-P4668M-BLACK-XL,198895225865,29
UC,100-S6TGK-P4668M-BLACK-XXS,198895225810,1
UC,100-S6TGK-T6109M-BLACK-2X,198895226060,2
UC,100-S6TGK-T6109M-BLACK-M,198895226022,10
UC,100-S6TGK-T6109M-BLACK-S,198895226015,7
UC,100-S6TGK-T6109M-INK-L,198895226121,33
UC,100-S6TGK-T6109M-INK-M,198895226114,41
UC,100-S6TGK-T6109M-INK-S,198895226107,30
UC,100-S6TGK-T6109M-WHITE-2X,198895226244,1
UC,100-S6TGK-T6189M-BLACK-L,198895226305,56
UC,100-S6TGK-T6189M-BLACK-M,198895226299,57
UC,100-S6TGK-T6189M-BLACK-S,198895226282,49
UC,100-S6TGK-T6189M-WHITE-L,198895226480,49
UC,100-S6TGK-T6189M-WHITE-M,198895226473,51
UC,100-S6TGK-T6424M-BLACK-1X,198895226596,1
UC,100-S6TGK-T6424M-BLACK-L,198895226572,3
UC,100-S6TGK-T6424M-BLACK-XL,198895226589,2
UC,100-S6TGK-U4275M-BLACK-1X,198895226862,1
UC,100-S6TGK-U4275M-WHITE-3X,198895227067,1
UC,100-S6TGK-U4275M-WHITE-S,198895227005,1
UC,100-S6TJH-P4900M-BLACK-2X,198895227289,4
UC,100-S6TJH-P4900M-BLACK-S,198895227234,2
UC,100-S6TJH-P4900P-BLACK-PP,198895263966,2
UC,100-S6TJX-P0696M-FSTFL-1X,198895227821,1
UC,100-S6TJX-P0696M-FSTFL-XXS,198895227760,1
UC,100-S6TJX-P0696P-FSTFL-PM,198895286552,1
UC,100-S6TJX-P0696P-FSTFL-PS,198895286545,1
UC,100-S6TKO-P0696M-INK-1X,198895228095,1
UC,100-S6TKO-P0696P-INK-PL,198895286682,1
UC,100-S6TKO-P4893M-BLACK-3X,198895228927,2
UC,100-S6TKO-P4893M-DOVE-L,198895228972,33
UC,100-S6TKO-P4893M-DOVE-M,198895228965,30
UC,100-S6TKO-P4893M-DOVE-XS,198895228941,1
UC,100-S6TKO-P4893M-INK-1X,198895229085,1
UC,100-S6TKO-P4893M-INK-XL,198895229078,1
UC,100-S6TKO-P4893P-BLACK-PL,198895268886,1
UC,100-S6TKO-P4893P-BLACK-PP,198895268855,2
UC,100-S6TKO-P4902M-BLACK-L,198895229153,47
UC,100-S6TKO-P4902M-BLACK-M,198895229146,59
UC,100-S6TKO-P4902M-BLACK-XL,198895229160,19
UC,100-S6TKO-P4902M-BLACK-XXS,198895229115,2
UC,100-S6TKO-P4902M-INK-S,198895229221,1
UC,100-S6TKO-P4902P-BLACK-PP,198895268978,1
UC,100-S6TKO-P4932M-BLACK-M,198895307547,2
UC,100-S6TKO-P4932M-BLACK-S,198895307530,1
UC,100-S6TKO-P4932M-DOVE-L,198895361723,39
UC,100-S6TKO-P4932M-DOVE-M,198895361716,36
UC,100-S6TKO-P4932M-DOVE-S,198895361709,16
UC,100-S6TKO-P4932M-DOVE-XL,198895361730,36
UC,100-S6TKO-P4932M-DOVE-XS,198895361693,1
UC,100-S6TKO-P4932M-INK-XS,198895307790,1
UC,100-S6TKO-P4932P-BLACK-PS,198895361785,1
UC,100-S6TKO-P4932P-DOVE-PL,198895361846,29
UC,100-S6TKO-P4932P-DOVE-PM,198895361839,28
UC,100-S6TKO-P4932P-INK-PP,198895361853,5
UC,100-S6TUP-C2180M-DKIND-1X,198895229627,2
UC,100-S6TUP-C2180M-DKIND-2X,198895229634,1
UC,100-S6TUP-C2180M-DKIND-S,198895229580,3
UC,100-S6TUP-C2180M-DKIND-XXS,198895229566,3
UC,100-S6TUP-C2180P-DKIND-PL,198895269128,1
UC,100-S6TUP-P4701M-DKIND-2X,198895229726,3
UC,100-S6TUP-P4701M-DKIND-L,198895229696,4
UC,100-S6TUP-P4701M-DKIND-XL,198895229702,4
UC,100-S6TUP-P4701M-DKIND-XS,198895229665,9
UC,100-S6TUP-P4701P-DKIND-PL,198895269166,1
UC,100-S6TUP-T6268M-DKIND-1X,198895229801,1
UC,100-S6TUP-T6268M-DKIND-L,198895229788,1
UC,100-S6TUP-T6268M-DKIND-XS,198895229757,3
UC,100-S6TUP-T6268M-DKIND-XXS,198895229740,3
UC,100-S6ULO-P4850M-BLACK-S,198895231040,2
UC,100-S6ULO-P4850M-BLACK-XS,198895231033,1
UC,100-S6ULO-P4850M-EUCLY-XXS,198895231118,2
UC,100-S6WZK-J5558P-INK-PM,198895286873,1
UC,100-S6WZK-J5558P-INK-PP,198895286859,2
UC,100-S6WZK-P4885M-INK-2X,198895232931,1
UC,100-S6WZK-P4885M-INK-S,198895232887,3
UC,100-S6XJU-T6189M-BLACK-XXS,198895232955,2
UC,100-S6XJU-T6189M-EUCLY-XXS,198895233136,5
UC,100-S6XJU-U4395M-INK-3X,198895234027,1
UC,100-S6XJU-U4395M-INK-L,198895233983,1
UC,100-S6YCN-T5775P-WHTBL-PP,198895482497,1
UC,100-S6YCN-T6450M-WHEAT-S,198895407728,1
UC,100-S6YCN-T6450M-WHEAT-XS,198895407711,1
UB,100-AAAN-H0584M-BLKGY-OS,190428629096,1
UB,100-AAAN-H0584M-WHNAT-OS,190428625623,2
UB,100-AAAU-C1850M-BARK-XS,190428977524,1
UB,100-AAAZ-J5025M-INDGO-XS,672178096354,1
UB,100-AAAZ-P4118M-BLACK-M,672178096422,1
UB,100-AAAZ-P4118M-BLACK-XS,672178096408,1
UB,100-AAAZ-P4118M-INDGO-L,672178096484,1
UB,100-AABS-H7003M-CHAR-OS,193481118279,6
UB,100-AABS-H7003M-RED-OS,193481118293,32
UB,100-AABT-HG737M-CHAR-OS,193481118491,2
UB,100-AABW-C2011M-NAVY-S/M,193481258371,1
UB,100-AACE-H7003M-RED-OS,193481263955,1
UB,100-AACX-H0710M-INDGO-OS,193481993678,32
UB,100-AACZ-T5694M-WHITE-L,193481492768,1
UB,100-AACZ-T5695M-WHITE-L,193481492782,1
UB,100-AADD-HG742M-CHAR-OS,193481585576,4
UB,100-AADD-HG742M-GREY-OS,197223381549,7
UB,100-AADD-HG742M-WHASH-OS,197223228332,24
UB,100-AADD-HG743M-GREY-OS,197223462835,7
UB,100-AADD-HG743M-RED-OS,193481585675,2
UB,100-AADD-HG743M-STONE-OS,196124519624,11
UB,100-AADD-HG743M-WHASH-OS,197223228851,12
UB,100-AADD-HG763M-GREY-OS,197223462859,8
UB,100-AADD-HG763M-WHASH-OS,197223212850,23
UB,100-AADF-H0690M-BONE-OS,197223228899,108
UB,100-AADF-H0690M-CASIS-OS,197223462811,43
UB,100-AADF-H0690M-CHAR-OS,193481585811,34
UB,100-AADF-H0690M-COFFE-OS,196124619690,82
UB,100-AADF-H0690M-NOCTN-OS,197223462750,41
UB,100-AADF-H0690M-RED-OS,193481585859,1
UB,100-AADF-H0691M-BONE-OS,197223228875,100
UB,100-AADF-H0691M-CHAR-OS,193481585873,28
UB,100-AADF-H0691M-COFFE-OS,196124619676,62
UB,100-AADF-H0740M-CHAR-OS,197223205487,65
UB,100-AADF-H0766M-CHAR-OS,197223388418,2
UB,100-AADF-H689M-RED-OS,193481585972,12
UB,100-AADH-H0690M-TERAC-OS,193481812214,1
UB,100-AADV-H0733M-CITRS-OS,196124490350,18
UB,100-AADV-H0734M-CITRS-OS,196124490398,67
UB,100-AADV-H0734M-STONE-OS,196124490411,16
UB,100-AAEB-HG767M-BONE-OS,197223245780,1
UB,100-AAEB-HG779M-IVORY-OS,197223381624,1
UB,100-AAEB-HG780M-IVORY-OS,197223381648,1
UB,100-AAEB-HG781M-IVORY-OS,197223381662,1
UB,100-AAEB-HG783M-IVORY-OS,197223381709,1
UB,100-AAEB-HG788M-IVORY-OS,197223381808,1
UB,100-AAEB-HG789M-IVORY-OS,197223381822,1
UB,100-AAEB-HG790M-IVORY-OS,197223381846,1
UB,100-AAEB-HG806M-IVORY-OS,197223692300,1
UB,100-AAEB-HG809M-IVORY-OS,197223692362,1
UB,100-AAEB-HG811M-IVORY-OS,197223692409,1
UB,100-AAEB-HG812M-IVORY-OS,197223692423,1
UB,100-AAEB-HG815M-IVORY-OS,197223692485,1
UB,100-AAEB-HG816M-IVORY-OS,197223692508,1
UB,100-AAEB-HG817M-IVORY-OS,197223692522,1
UB,100-AAEB-HG818M-IVORY-OS,197223692546,1
UB,100-AAEB-HG819M-IVORY-OS,197223692560,1
UB,100-AAEB-HG821M-IVORY-OS,197223692607,1
UB,100-ACUUL-B0150M-BLACK-M,886884195236,1
UB,100-EEGT1-A1235M-BLACK-OS,193481134729,67
UB,100-EEGT1-A1235M-BONE-OS,193481134743,1
UB,100-EETK-P0547M-BLACK-XL,713259282737,1
UB,100-F1MPW-A2100M-BLACK-OS,193481868709,108
UB,100-F1MPW-A2100M-PEARL-OS,193481924849,116
UB,100-F2MPW-A2100M-BLACK-OS,196124546163,9
UB,100-F2MPW-G0432M-BLACK-OS,196124596618,7
UB,100-F3CYX-G0450M-ROSBY-OS,197223148937,3
UB,100-F3DGZ-L0327M-BLACK-OS,197223223092,1
UB,100-F3LRH-B0321M-BLACK-XS,197223488774,2
UB,100-F3LRH-B0321M-BLACK-XXS,197223488767,14
UB,100-F3MPW-A2100M-BLACK-OS,197223150084,224
UB,100-F3MPW-X0448M-PEARL-OS,197223208358,8
UB,100-F3ODK-A2269M-SUNBM-OS,197223104865,2
UB,100-F4ANA-N1281M-PEARL-OS,197223571742,1
UB,100-F4BPU-A0245M-BLACK-OS,197223577607,129
UB,100-F4DGZ-L0327M-BLACK-OS,197223640424,34
UB,100-F4ITY-N1260M-OPAL-OS,197223599111,1
UB,100-F4LAD-A0040M-BLACK-OS,197223604631,2
UB,100-F4LRH-B0321M-BLACK-S,197223604679,4
UB,100-F4LRH-B0321M-BLACK-XS,197223604662,1
UB,100-F4LRH-B0321M-BLACK-XXS,197223604655,22
UB,100-F4MPW-A2100M-BLACK-OS,197223646877,23
UB,100-F4MPW-A2100M-DLFNA-OS,197223699408,1
UB,100-F4MPW-G0432M-MPOAT-OS,197223605997,15
UB,100-F4MPW-X0448M-MPOAT-OS,197223607519,62
UB,100-F4NWN-A2100M-DLFNA-OS,197223700074,98
UB,100-F4NWN-G0085M-CHAR-OS,197223608738,1
UB,100-F4NWN-G0085M-DLFNA-OS,197223700111,22
UB,100-F4NWN-X0563M-DLFNA-OS,197223700159,78
UB,100-F4ODV-A2269M-BLACK-OS,197223711377,147
UB,100-F4RST-L0298M-BLACK-1X,197223843955,2
UB,100-F4RST-L0298M-BLACK-L,197223843931,60
UB,100-F4RST-L0298M-BLACK-M,197223843924,22
UB,100-F4RST-L0298M-BLACK-S,197223843917,4
UB,100-F4RST-L0298M-BLACK-XL,197223843948,27
UB,100-F4RST-L0298M-BLACK-XS,197223843900,18
UB,100-F4UUL-H0748M-BLACK-OS,197223625537,24
UB,100-F4VL2-N1579M-BLACK-OS,197223713821,38
UB,100-F4WTQ-N1187M-BLACK-OS,197223630616,2
UB,100-F5AAGV-X564M-BLUE-OS,198895159801,1
UB,100-F5AAVL-X564M-RED-OS,198895159825,3
UB,100-F5DCI-A2100M-MOON-OS,198895099404,199
UB,100-F5DCI-A2100M-OAT-OS,198895099411,179
UB,100-F5DCI-A2100M-SSPRY-OS,198895099428,146
UB,100-F5DCI-G0085M-MOON-OS,198895099442,99
UB,100-F5DCI-G0085M-OAT-OS,198895099459,88
UB,100-F5DCI-G0085M-SSPRY-OS,198895099466,92
UB,100-F5DCI-X0585M-MOON-OS,198895099480,61
UB,100-F5DCI-X0585M-OAT-OS,198895099497,9
UB,100-F5DFU-L0340M-CHAR-OS,198895022747,60
UB,100-F5DFU-L0340M-RUBY-OS,198895022761,86
UB,100-F5DGZ-L0333M-BLACK-OS,198895022815,79
UB,100-F5DKS-N1586M-DKPRL-XX/XS,198895238384,5
UB,100-F5GC1-A2357M-BLACK-OS,198895034290,59
UB,100-F5GC1-A2357M-ROYAL-OS,198895034313,123
UB,100-F5ITY-A2213M-ASH-OS,198895042905,1
UB,100-F5MPS-A2100M-ARCBL-OS,198895292249,3
UB,100-F5MPS-A2100M-BLACK-OS,198895165673,22
UB,100-F5MPS-G0432M-ULTRV-OS,198895128531,9
UB,100-F5MPS-X0565M-RYE-OS,198895136611,1
UB,100-F5MPS-X0565M-SSPRY-OS,198895052423,1
UB,100-F5MPS-X0565M-WINE-OS,198895052430,1
UB,100-F5ODP-A2380M-RNFST-OS,198895054779,134
UB,100-F5ODP-A2380M-ROYAL-OS,198895054786,5
UB,100-F5PAO-A2357M-ABGNE-OS,198895155452,3
UB,100-F5PAO-A2357M-BRNCH-OS,198895155469,187
UB,100-F5PAO-A2357M-NMBUS-OS,198895155476,96
UB,100-F5TEC-H0649M-BLACK-OS,198895067779,170
UB,100-F5TMO-L0397M-ALPNE-OS,198895079383,9
UB,100-F5TMO-L0397M-BLACK-OS,198895079390,12
UB,100-F5TOF-A0835M-BLECR-OS,198895079437,78
UB,100-F5TOF-A0835M-SOFWH-OS,198895079444,47
UB,100-F5TRD-H0649M-ESPRS-OS,198895122317,26
UB,100-F5TZT-A2357M-BISCU-OS,198895144173,133
UB,100-F5VLO-A2357M-BLACK-OS,198895100902,42
UB,100-F5VLO-A2357M-INK-OS,198895100919,2
UB,100-F5VLO-B0321M-BLACK-1X,198895083519,23
UB,100-F5VLO-B0321M-BLACK-2X,198895083526,8
UB,100-F5VLO-B0321M-BLACK-3X,198895083533,1
UB,100-F5VLO-B0321M-BLACK-L,198895083496,2
UB,100-F5VLO-B0321M-BLACK-M,198895083489,3
UB,100-F5VLO-B0321M-BLACK-S,198895083472,43
UB,100-F5VLO-B0321M-BLACK-XL,198895083502,8
UB,100-F5VLO-B0321M-BLACK-XS,198895083465,16
UB,100-F5VLO-B0321M-BLACK-XXS,198895083458,36
UB,100-F5VLO-N1579M-BLACK-OS,198895084172,91
UB,100-F5VLX-G0085M-BLACK-OS,198895086084,40
UB,100-F5VLX-X0563M-BLACK-OS,198895086091,59
UB,100-F5VLY-A2100M-BLACK-OS,198895146542,5
UB,100-F5VLY-N1585M-BLACK-OS,198895114992,49
UB,100-F5WDJ-B0118M-SDDLE-1X,198895100988,6
UB,100-F5WDJ-B0118M-SDDLE-L,198895100964,7
UB,100-F5WDJ-B0118M-SDDLE-M,198895100957,5
UB,100-F5WDJ-B0118M-SDDLE-S,198895100940,3
UB,100-F5WDJ-B0118M-SDDLE-XL,198895100971,5
UB,100-F5WDJ-B0118M-SDDLE-XS,198895100933,3
UB,100-F5WDJ-B0118M-SDDLE-XXS,198895100926,6
UB,100-F5YRN-L0311M-BLACK-OS,198895089955,71
UB,100-F5YSA-N1585M-BLACK-OS,198895115029,23
UB,100-F5YWW-A2337M-RYE-OS,198895090005,9
UB,100-F5ZTM-H0649M-MOCHA-OS,198895145798,69
UB,100-F5ZTM-H0701M-MOCHA-OS,198895145804,17
UB,100-F5ZUL-B0321M-BLACK-1X,198895090524,1
UB,100-F5ZUL-B0321M-BLACK-2X,198895090531,9
UB,100-F5ZUL-B0321M-BLACK-3X,198895090548,13
UB,100-F5ZUL-B0321M-BLACK-L,198895090500,1
UB,100-F5ZUL-B0321M-BLACK-XL,198895090517,2
UB,100-F5ZUL-B0321M-BLACK-XS,198895090470,1
UB,100-F5ZUW-B0321M-CASIS-1X,198895091064,8
UB,100-F5ZUW-B0321M-CASIS-2X,198895091071,6
UB,100-F5ZUW-B0321M-CASIS-3X,198895091088,8
UB,100-F5ZUW-B0321M-CASIS-L,198895091040,5
UB,100-F5ZUW-B0321M-CASIS-M,198895091033,11
UB,100-F5ZUW-B0321M-CASIS-S,198895091026,2
UB,100-F5ZUW-B0321M-CASIS-XL,198895091057,4
UB,100-F5ZUW-B0321M-CASIS-XS,198895091019,1
UB,100-F5ZUW-B0321M-CASIS-XXS,198895091002,4
UB,100-F5ZUW-B0321M-INK-1X,198895091156,23
UB,100-F5ZUW-B0321M-INK-2X,198895091163,13
UB,100-F5ZUW-B0321M-INK-3X,198895091170,6
UB,100-F5ZUW-B0321M-INK-L,198895091132,27
UB,100-F5ZUW-B0321M-INK-M,198895091125,37
UB,100-F5ZUW-B0321M-INK-S,198895091118,61
UB,100-F5ZUW-B0321M-INK-XL,198895091149,34
UB,100-F5ZUW-B0321M-INK-XS,198895091101,35
UB,100-F5ZUW-B0321M-INK-XXS,198895091095,42
UB,100-F5ZXC-A2336M-BLACK-OS,198895101251,53
UB,100-F5ZXC-A2336M-MOON-OS,198895101268,2
UB,100-GFP-X0647-UNDEF-N/S,198895136741,199
UB,100-GFP-X6013-BLACK-N/S,672178253054,1
UB,100-GFP-X6021-LTGRY-N/S,190428253826,1
UB,100-GFP-X6025-UNDEF-N/S,190428939423,187
UB,100-GFP-X6041-UNDEF-N/S,672178253122,21
UB,100-GFP-X6042-UNDEF-N/S,672178253108,185
UB,100-GFP-X6043-UNDEF-N/S,672178253115,274
UB,100-GWP-1047-RASNT-OS,190428805810,1
UB,100-QRGT1-A1235M-BLACK-OS,197223642312,38
UB,100-QRGT1-A1235M-BONE-OS,197223642336,28
UB,100-R0MPW-A2100M-BLACK-OS,193481536363,4
UB,100-R0MPW-A2100M-PEARL-OS,193481536424,6
UB,100-S3NF-N1387M-WHITE-1X/2X,196124919462,10
UB,100-S4BPU-A0245M-AGEAN-OS,197223395836,2
UB,100-S4BPU-A0245M-ALMND-OS,197223395850,1
UB,100-S4BPU-A0245M-BLACK-OS,197223462873,115
UB,100-S4BPU-A0245M-RIVER-OS,197223430353,1
UB,100-S4BPU-A0245M-SEAFM-OS,197223518594,1
UB,100-S4DGZ-L0327M-BLACK-OS,197223650447,41
UB,100-S4IRG-A0835M-OCEAN-OS,197223569824,1
UB,100-S4ODK-A2269M-RHPDY-OS,197223311508,3
UB,100-S4RXR-L0395M-RIVER-OS,197223466383,1
UB,100-S4TEC-H0649M-BLACK-OS,197223564980,2
UB,100-S4TEC-H0693M-BLACK-OS,197223646556,16
UB,100-S4WKR-H0723M-NATRL-OS,197223418771,1
UB,100-S4XKB-X0580M-ECRU-OS,197223429593,1
UB,100-S4XKG-L0391M-RIVER-OS,197223367628,6
UB,100-S4YRN-L0310M-MOON-OS,197223367680,2
UB,100-S5BPQ-A0245M-BLACK-OS,197223874447,8
UB,100-S5BPQ-A0245M-CHALK-OS,197223874522,266
UB,100-S5BPQ-A0245M-INK-OS,672178381337,23
UB,100-S5DGZ-L0404M-WHEAT-OS,197223836049,1
UB,100-S5DOJ-A1131M-OHUBL-OS,197223770589,163
UB,100-S5EXP-A2350M-PLSKY-OS,672178406658,225
UB,100-S5EXP-A2350M-TMRLO-OS,197223943792,130
UB,100-S5LRH-B0321M-BLACK-M,197223875703,4
UB,100-S5LRH-B0321M-BLACK-S,197223875697,10
UB,100-S5LRH-B0321M-BLACK-XS,197223875680,8
UB,100-S5LRH-B0321M-BLACK-XXS,197223875673,1
UB,100-S5ODP-A2370M-BLACK-OS,197223927327,266
UB,100-S5ODP-A2380M-BLACK-OS,197223927884,200
UB,100-S5TEC-H0649M-BLACK-OS,197223847496,74
UB,100-S5TEC-H0693M-BLACK-OS,197223847519,51
UB,100-S5THM-A0460M-BRNCH-OS,672178107647,112
UB,100-S5TMO-L0403M-BLACK-OS,197223836681,1
UB,100-S5UUL-B0100M-BLACK-1X/2X,672178527339,15
UB,100-S5UUL-B0100M-BLACK-L/XL,672178527254,8
UB,100-S5UUL-B0100M-BLACK-XX/XS,672178527117,7
UB,100-S5UUL-H0749M-BLACK-OS,672178116298,46
UB,100-S5WKR-H0759M-BLNAT-OS,672178117356,53
UB,100-S5WKR-H0759M-NATBL-OS,672178117400,158
UB,100-S5WKR-H0760M-NATBL-OS,672178117455,1
UB,100-S5WKR-H0761M-NATRL-OS,672178117493,41
UB,100-S5WKR-X0549M-NATRL-OS,197223997825,28
UB,100-S5WKR-X0583M-BLNAT-OS,672178117608,14
UB,100-S5YRN-L0311M-BLACK-OS,197223862338,122
UB,100-S5ZUL-B0321M-BLACK-1X,672178321296,11
UB,100-S5ZUL-B0321M-BLACK-2X,672178321333,4
UB,100-S5ZUL-B0321M-BLACK-3X,672178321401,1
UB,100-S5ZUL-B0321M-BLACK-L,672178321203,13
UB,100-S5ZUL-B0321M-BLACK-M,672178321081,23
UB,100-S5ZUL-B0321M-BLACK-S,672178321012,29
UB,100-S5ZUL-B0321M-BLACK-XL,672178321258,8
UB,100-S5ZUL-B0321M-BLACK-XS,672178320947,6
UB,100-S5ZUL-B0321M-BLACK-XXS,672178320879,4
UB,100-S6CFY-L0403M-KELP-OS,198895501778,140
UB,100-S6CFY-L0403M-TEAL-OS,198895501785,100
UB,100-S6CFY-L0403M-WHITE-OS,198895501792,113
UB,100-S6DEU-L0322M-ARYBL-OS,198895183967,67
UB,100-S6DEU-L0322M-DOVE-OS,198895183981,97
UB,100-S6DEU-L0322M-INK-OS,198895184001,103
UB,100-S6DEU-L0322M-MOON-OS,198895184018,84
UB,100-S6DGZ-L0404M-BAYLF-OS,198895418540,89
UB,100-S6DGZ-L0404M-BLACK-OS,198895418793,96
UB,100-S6DGZ-L0404M-INK-OS,198895184032,78
UB,100-S6DGZ-L0404M-PARUS-OS,198895184056,59
UB,100-S6GBY-A2359M-HAZE-OS,198895187668,96
UB,100-S6GBY-A2359M-LFRST-OS,198895187675,131
UB,100-S6NWG-A2362M-FLINT-OS,198895205768,92
UB,100-S6ODP-A2370M-BLACK-OS,198895426170,70
UB,100-S6ODP-A2370M-BREZE-OS,198895497941,68
UB,100-S6ODP-A2370M-FLINT-OS,198895426187,22
UB,100-S6ODP-A2370M-INK-OS,198895423742,66
UB,100-S6ODP-A2370M-KELP-OS,198895497958,68
UB,100-S6ODP-A2370M-TEAL-OS,198895497989,42
UB,100-S6OEC-A2370M-KELP-OS,198895367886,47
UB,100-S6PKA-A0460M-SKYLT-OS,198895270384,56
UB,100-S6PQW-A2377M-BLACK-OS,198895376789,119
UB,100-S6PQW-A2377M-WHEAT-OS,198895376796,138
UB,100-S6PQW-A2377M-WHITE-OS,198895376802,100
UB,100-S6QBO-A2372M-INK-OS,198895214708,4
UB,100-S6RPX-L0418M-BLACK-OS,198895221584,87
UB,100-S6RPX-L0418M-KELP-OS,198895502096,86
UB,100-S6RPX-L0418M-PARUS-OS,198895221607,88
UB,100-S6SVY-A2357M-KELP-OS,198895394882,41
UB,100-S6SVY-A2357M-WHEAT-OS,198895394912,55
UB,100-S6SXR-L0407M-ARYBL-OS,198895223236,78
UB,100-S6SXR-L0407M-INK-OS,198895223243,78
UB,100-S6SYC-L0405M-BLACK-OS,198895223267,80
UB,100-S6SYC-L0405M-INK-OS,198895223274,90
UB,100-S6SYC-L0405M-WHITE-OS,198895223281,71
UB,100-S6TGH-A0192M-BREZE-OS,198895243432,64
UB,100-S6TGH-A0192M-CRSPK-OS,198895500023,100
UB,100-S6TGH-A0192M-WHEAT-OS,198895243449,107
UB,100-S6TIG-A0460M-FLINT-OS,198895227180,14
UB,100-S6TZR-A2361M-BDORG-OS,198895230913,42
UB,100-S6TZR-A2361M-INK-OS,198895230920,21
UB,100-S6UAU-A2360M-CTRON-OS,198895230968,137
UB,100-S6UAU-A2360M-SKYLT-OS,198895230999,106
UB,100-S6UAU-A2360M-WREN-OS,198895231002,77
UB,100-S6UWZ-A0460M-INK-OS,198895231651,35
UB,100-S6WKR-H0757M-BLACK-OS,198895418564,231
UB,100-S6WKR-H0757M-NATRL-OS,198895418571,195
UB,100-S6WKR-H0760M-NATBL-OS,198895470302,129
UB,100-S6WKR-H0770M-NATRL-OS,198895441692,70
UB,100-S6WKR-H0772M-HZLWD-OS,198895485184,143
UB,100-S6WKR-H0772M-NATBL-OS,198895470319,147
UB,100-S6WKR-X0549M-BLACK-OS,198895418595,97
UB,100-S6WKR-X0549M-NATRL-OS,198895418601,86
UB,100-S6WKR-X0586M-NATRL-OS,198895475468,73
UB,100-S6XKJ-L0394M-NATRL-OS,198895235116,145
UB,100-S6YRN-L0310M-INK-OS,198895235543,86
UB,100-S6YRN-L0310M-MOON-OS,198895235550,152
UB,100-S6YRN-L0311M-BLACK-OS,198895235567,110
UB,100-S6ZUS-L0296M-BLACK-OS,198895235949,131
UB,100-S6ZUU-B0115M-BLACK-1X/2X,198895282158,10
UB,100-S6ZUU-B0115M-BLACK-L/XL,198895282141,15
UB,100-S6ZUU-B0115M-BLACK-S/M,198895282134,27
UB,100-S6ZUU-B0115M-BLACK-XX/XS,198895282127,5
UB,100-S6ZUU-B0115M-SDDLE-1X/2X,198895517861,17
UB,100-S6ZUU-B0115M-SDDLE-L/XL,198895517854,23
UB,100-S6ZUU-B0115M-SDDLE-S/M,198895517847,28
UB,100-S6ZUU-B0115M-SDDLE-XX/XS,198895517830,10
UB,100-SBZUS-L0296M-BLKWH-9-11,196124069709,57
UA,100-AABO-D2600M-INDIGO OVERDYE-1X,828487098385,1
UA,100-AABO-D2600P-INDIGO OVERDYE-PL,828487098392,1
UA,100-AABO-D2601M-INDIGO OVERDYE-XS,828487098408,1
UA,100-AABO-D2602M-INDIGO OVERDYE-S,828487098415,1
UA,100-AABO-D2603M-INDIGO OVERDYE-S,828487098422,1
UA,100-AABO-D2604M-INDIGO OVERDYE-M,828487098439,1
UA,100-AABO-D2605M-INDIGO OVERDYE-L,828487098446,1
UA,100-AABO-D2606M-INDIGO OVERDYE-L,828487098453,1
UA,100-AABO-D2607M-INDIGO OVERDYE-L,828487098460,1
UA,100-AABO-D2608M-INDIGO OVERDYE-XL,828487098477,1
UA,100-AABO-D2609M-INDIGO OVERDYE-XL,828487098484,1
UA,100-AABO-J2601P-INDIGO OVERDYE-PM,828487098491,1
UA,100-AABO-J2602M-INDIGO OVERDYE-S,828487098507,1
UA,100-AABO-J2603M-INDIGO OVERDYE-M,828487098514,1
UA,100-AABO-J2604M-INDIGO OVERDYE-M,828487098521,1
UA,100-AABO-J2605M-INDIGO OVERDYE-L,828487098538,1
UA,100-AABO-J2606M-INDIGO OVERDYE-L,828487098545,1
UA,100-AABO-J2607M-INDIGO OVERDYE-L,828487098552,1
UA,100-AABO-J2608M-INDIGO OVERDYE-L,828487098569,1
UA,100-AABO-J2609M-INDIGO OVERDYE-XL,828487098576,1
UA,100-AABO-J2610M-INDIGO OVERDYE-XL,828487098583,1
UA,100-AABO-N2601M-INDIGO OVERDYE-XL,828487098590,1
UA,100-AABO-S2011M-INDIGO OVERDYE-S,828487098606,1
UA,100-AABO-S2012M-INDIGO OVERDYE-S,828487098613,1
UA,100-AABO-S2013M-INDIGO OVERDYE-S,828487098620,1
UA,100-AABO-S2014M-INDIGO OVERDYE-M,828487098637,1
UA,100-AABO-T2020P-INDIGO OVERDYE-PS,828487098644,1
UA,100-AABO-T2021P-INDIGO OVERDYE-PS,828487098651,1
UA,100-AABO-T2022P-INDIGO OVERDYE-PM,828487098668,1
UA,100-AABO-T2023P-INDIGO OVERDYE-PM,828487098675,1
UA,100-AABO-T2024M-INDIGO OVERDYE-XS,828487098682,1
UA,100-AABO-T2025M-INDIGO OVERDYE-XS,828487098699,1
UA,100-AABO-T2026M-INDIGO OVERDYE-XS,828487098705,1
UA,100-AABO-T2027M-INDIGO OVERDYE-S,828487098712,1
UA,100-AABO-T2028M-INDIGO OVERDYE-M,828487098729,1
UA,100-AABO-T2029M-INDIGO OVERDYE-M,828487098736,1
UA,100-AABO-T2030M-INDIGO OVERDYE-M,828487098743,1
UA,100-AABO-T2031M-INDIGO OVERDYE-M,828487098750,1
UA,100-AABO-T2032M-INDIGO OVERDYE-M,828487098767,1
UA,100-AABO-T2033M-INDIGO OVERDYE-L,828487098774,1
UA,100-AABO-T2034M-INDIGO OVERDYE-L,828487098781,1
UA,100-AABO-T2035M-INDIGO OVERDYE-L,828487098798,1
UA,100-AABO-T2036M-INDIGO OVERDYE-XL,828487098804,1
UA,100-AABO-T2037M-INDIGO OVERDYE-XL,828487098811,1
UA,100-AABO-T2038M-INDIGO OVERDYE-XL,828487098828,1
UA,100-AABO-T2039M-INDIGO OVERDYE-XL,828487098835,1
UA,100-AABO-T2040M-INDIGO OVERDYE-XL,828487098842,1
UA,100-AABO-T2041M-INDIGO OVERDYE-XL,828487098859,1
UA,100-AABO-T2042M-INDIGO OVERDYE-3X,828487098866,1
UA,100-AABO-V2001M-INDIGO OVERDYE-L,828487098873,1
UA,100-AAEV-W6517M-GREY-XS,198895494001,1
UA,100-AAEV-W6523M-PINK-S,198895494551,1
UA,100-EEFTO-T0330P-BLACK-PM,713259085246,1
UA,100-EEGC1-P4357X-BONE-3X,193481105897,3
UA,100-EEGC1-U1956M-BONE-XXS,672178118575,1
UA,100-EEGC1-U1956P-BONE-PP,672178118766,20
UA,100-EEGC1-U4031M-BLACK-XXS,193481134385,44
UA,100-EEGK-T0602P-BLACK-PP,672178504453,1
UA,100-EETK-P0696M-BONE-XS,190428266024,6
UA,100-EETK-P0696M-BONE-XXS,190428266017,77
UA,100-EETK-P0696M-WHITE-XXS,713259200649,56
UA,100-EETK-P0696P-BONE-PP,190428266086,42
UA,100-F5FYW-P4664M-BLACK-M,198895029456,12
UA,100-QRFTE-T5549M-BLACK-XXS,196124088410,27
UA,100-QRFTE-T5685M-BLACK-3X,196124088595,1
UA,100-QRFTE-T5685M-WHITE-1X,196124088779,1
UA,100-QRFTE-T5685M-WHITE-2X,196124088786,3
UA,100-QRFTE-T5685M-WHITE-3X,196124088793,5
UA,100-QRFTE-T5685M-WHITE-XL,196124088762,21
UA,100-QRFTE-T5792M-BLACK-XXS,193481956000,44
UA,100-QRFTE-T5792M-WHITE-XXS,193481956109,32
UA,100-QRFTE-T5794M-BLACK-XXS,193481956505,4
UA,100-QRFTE-U4031M-BLACK-1X,196124483604,19
UA,100-QRFTE-U4031M-BLACK-2X,196124483611,14
UA,100-QRFTE-U4031M-BLACK-3X,196124483628,10
UA,100-QRFTE-U4031M-BLACK-L,196124483581,24
UA,100-QRFTE-U4031M-BLACK-M,196124483574,24
UA,100-QRFTE-U4031M-BLACK-S,196124483567,26
UA,100-QRFTE-U4031M-BLACK-XL,196124483598,16
UA,100-QRFTE-U4031M-BLACK-XS,196124483550,17
UA,100-QRFTE-U4031M-BLACK-XXS,196124483543,14
UA,100-QRFTE-U4031M-WHITE-1X,197223740322,13
UA,100-QRFTE-U4031M-WHITE-2X,197223740339,11
UA,100-QRFTE-U4031M-WHITE-3X,197223740346,10
UA,100-QRFTE-U4031M-WHITE-L,197223740308,21
UA,100-QRFTE-U4031M-WHITE-M,197223740292,24
UA,100-QRFTE-U4031M-WHITE-S,197223740285,19
UA,100-QRFTE-U4031M-WHITE-XL,197223740315,16
UA,100-QRFTE-U4031M-WHITE-XS,197223740278,12
UA,100-QRFTE-U4031M-WHITE-XXS,197223740261,11
UA,100-QRFYW-P4561M-BLACK-1X,196124485158,39
UA,100-QRFYW-P4561M-BLACK-2X,196124485165,22
UA,100-QRFYW-P4561M-BLACK-3X,196124485172,10
UA,100-QRFYW-P4561M-BLACK-L,196124485134,57
UA,100-QRFYW-P4561M-BLACK-M,196124485127,71
UA,100-QRFYW-P4561M-BLACK-S,196124485110,59
UA,100-QRFYW-P4561M-BLACK-XL,196124485141,15
UA,100-QRFYW-P4561M-BLACK-XS,196124485103,52
UA,100-QRFYW-P4561M-BLACK-XXS,196124485097,27
UA,100-QRFYW-P4561P-BLACK-PL,196124543728,52
UA,100-QRFYW-P4561P-BLACK-PM,196124543711,35
UA,100-QRFYW-P4561P-BLACK-PP,196124543698,20
UA,100-QRFYW-P4561P-BLACK-PS,196124543704,33
UA,100-QRGC1-P4716M-BLACK-1X,197223641872,1
UA,100-QRGC1-P4716M-BLACK-2X,197223641889,4
UA,100-QRGC1-P4716M-BLACK-3X,197223641896,6
UA,100-QRGC1-P4716M-BLACK-L,197223641858,29
UA,100-QRGC1-P4716M-BLACK-M,197223641841,27
UA,100-QRGC1-P4716M-BLACK-S,197223641834,20
UA,100-QRGC1-P4716M-BLACK-XL,197223641865,24
UA,100-QRGC1-P4716M-BLACK-XS,197223641827,16
UA,100-QRGC1-P4716M-BLACK-XXS,197223641810,14
UA,100-QRGC1-P4716P-BLACK-PL,197223641940,25
UA,100-QRGC1-P4716P-BLACK-PM,197223641933,8
UA,100-QRGC1-P4716P-BLACK-PP,197223641919,5
UA,100-QRGC1-T5775M-BLACK-1X,197223364931,19
UA,100-QRGC1-T5775M-BLACK-2X,197223364948,20
UA,100-QRGC1-T5775M-BLACK-3X,197223364955,20
UA,100-QRGC1-T5775M-BLACK-L,197223364917,47
UA,100-QRGC1-T5775M-BLACK-M,197223364900,51
UA,100-QRGC1-T5775M-BLACK-S,197223364894,30
UA,100-QRGC1-T5775M-BLACK-XL,197223364924,41
UA,100-QRGC1-T5775M-BLACK-XS,197223364887,22
UA,100-QRGC1-T5775M-BLACK-XXS,197223364870,21
UA,100-QRGC1-T5775P-BLACK-PL,197223365006,15
UA,100-QRGC1-T5775P-BLACK-PM,197223364993,19
UA,100-QRGC1-T5775P-BLACK-PP,197223364979,16
UA,100-QRGC1-T5775P-BLACK-PS,197223364986,20
UA,100-QRGK9-U2372M-BLACK-1X,198895167967,20
UA,100-QRGK9-U2372M-BLACK-2X,198895167974,15
UA,100-QRGK9-U2372M-BLACK-3X,198895167981,15
UA,100-QRGK9-U2372M-BLACK-L,198895167943,30
UA,100-QRGK9-U2372M-BLACK-M,198895167936,30
UA,100-QRGK9-U2372M-BLACK-S,198895167929,30
UA,100-QRGK9-U2372M-BLACK-XL,198895167950,20
UA,100-QRGK9-U2372M-BLACK-XS,198895167912,20
UA,100-QRGK9-U2372M-BLACK-XXS,198895167905,15
UA,100-QRGK-T5944M-BLACK-2X,197223642183,11
UA,100-QRGK-T5944M-BLACK-3X,197223642190,10
UA,100-QRGK-T5944M-BLACK-L,197223642152,30
UA,100-QRGK-T5944M-BLACK-M,197223642145,7
UA,100-QRGK-T5944M-BLACK-S,197223642138,13
UA,100-QRGK-T5944M-BLACK-XL,197223642169,19
UA,100-QRGK-T5944M-BLACK-XS,197223642121,9
UA,100-QRGK-T5944M-BLACK-XXS,197223642114,10
UA,100-QRGK-U2372M-BLACK-1X,197223642275,21
UA,100-QRGK-U2372M-BLACK-2X,197223642282,15
UA,100-QRGK-U2372M-BLACK-3X,197223642299,14
UA,100-QRGK-U2372M-BLACK-L,197223642251,25
UA,100-QRGK-U2372M-BLACK-S,197223642237,20
UA,100-QRGK-U2372M-BLACK-XL,197223642268,20
UA,100-QRGK-U2372M-BLACK-XS,197223642220,19
UA,100-QRGK-U2372M-BLACK-XXS,197223642213,14
UA,100-QRIZ1-T5670M-BLACK-1X,197223740421,11
UA,100-QRIZ1-T5670M-BLACK-2X,197223740438,15
UA,100-QRIZ1-T5670M-BLACK-3X,197223740445,10
UA,100-QRIZ1-T5670M-BLACK-L,197223740407,19
UA,100-QRIZ1-T5670M-BLACK-M,197223740391,23
UA,100-QRIZ1-T5670M-BLACK-S,197223740384,19
UA,100-QRIZ1-T5670M-BLACK-XL,197223740414,20
UA,100-QRIZ1-T5670M-BLACK-XS,197223740377,14
UA,100-QRIZ1-T5670M-BLACK-XXS,197223740360,10
UA,100-QRIZ1-T5670M-WHITE-1X,197223740520,13
UA,100-QRIZ1-T5670M-WHITE-2X,197223740537,15
UA,100-QRIZ1-T5670M-WHITE-3X,197223740544,10
UA,100-QRIZ1-T5670M-WHITE-L,197223740506,22
UA,100-QRIZ1-T5670M-WHITE-M,197223740490,24
UA,100-QRIZ1-T5670M-WHITE-S,197223740483,19
UA,100-QRIZ1-T5670M-WHITE-XL,197223740513,21
UA,100-QRIZ1-T5670M-WHITE-XS,197223740476,15
UA,100-QRIZ1-T5670M-WHITE-XXS,197223740469,10
UA,100-QRIZ1-T5852M-BLACK-1X,197223740629,13
UA,100-QRIZ1-T5852M-BLACK-2X,197223740636,13
UA,100-QRIZ1-T5852M-BLACK-3X,197223740643,8
UA,100-QRIZ1-T5852M-BLACK-L,197223740605,23
UA,100-QRIZ1-T5852M-BLACK-M,197223740599,22
UA,100-QRIZ1-T5852M-BLACK-S,197223740582,16
UA,100-QRIZ1-T5852M-BLACK-XL,197223740612,19
UA,100-QRIZ1-T5852M-BLACK-XS,197223740575,15
UA,100-QRIZ1-T5852M-BLACK-XXS,197223740568,10
UA,100-QRIZ1-T5852M-WHITE-1X,197223740728,15
UA,100-QRIZ1-T5852M-WHITE-2X,197223740735,13
UA,100-QRIZ1-T5852M-WHITE-3X,197223740742,10
UA,100-QRIZ1-T5852M-WHITE-L,197223740704,19
UA,100-QRIZ1-T5852M-WHITE-M,197223740698,20
UA,100-QRIZ1-T5852M-WHITE-S,197223740681,14
UA,100-QRIZ1-T5852M-WHITE-XL,197223740711,18
UA,100-QRIZ1-T5852M-WHITE-XS,197223740674,8
UA,100-QRIZ1-T5852M-WHITE-XXS,197223740667,10
UA,100-QRIZ1-U4320M-BLACK-1X,197223740827,9
UA,100-QRIZ1-U4320M-BLACK-2X,197223740834,12
UA,100-QRIZ1-U4320M-BLACK-3X,197223740841,9
UA,100-QRIZ1-U4320M-BLACK-L,197223740803,22
UA,100-QRIZ1-U4320M-BLACK-M,197223740797,23
UA,100-QRIZ1-U4320M-BLACK-S,197223740780,18
UA,100-QRIZ1-U4320M-BLACK-XL,197223740810,18
UA,100-QRIZ1-U4320M-BLACK-XS,197223740773,14
UA,100-QRIZ1-U4320M-BLACK-XXS,197223740766,4
UA,100-QRIZ1-U4320M-WHITE-1X,197223740926,11
UA,100-QRIZ1-U4320M-WHITE-2X,197223740933,8
UA,100-QRIZ1-U4320M-WHITE-3X,197223740940,9
UA,100-QRIZ1-U4320M-WHITE-L,197223740902,38
UA,100-QRIZ1-U4320M-WHITE-M,197223740896,37
UA,100-QRIZ1-U4320M-WHITE-S,197223740889,29
UA,100-QRIZ1-U4320M-WHITE-XL,197223740919,15
UA,100-QRIZ1-U4320M-WHITE-XS,197223740872,18
UA,100-QRIZ1-U4320M-WHITE-XXS,197223740865,11
UA,100-QRKR9-T5539M-BLACK-XXS,197223751892,31
UA,100-QRKR9-T5539M-WHITE-XXS,197223751991,20
UA,100-QRKR9-T6172M-WHITE-L,197223752233,1
UA,100-QRKR9-T6172M-WHITE-XL,197223752240,2
UA,100-QRKR9-T6172M-WHITE-XXS,197223752196,2
UA,100-QRKRR-T5539M-BLACK-L,197223565277,1
UA,100-QRKRR-T5539M-BLACK-XXS,197223565239,3
UA,100-QRKRR-T5539M-WHITE-2X,197223565406,1
UA,100-QRKRR-T5539M-WHITE-3X,197223565413,15
UA,100-QRKRR-T5539M-WHITE-XL,197223565383,1
UA,100-QRKRR-T5539M-WHITE-XXS,197223565338,7
UA,100-QRKRR-T6172M-BLACK-2X,197223642428,11
UA,100-QRKRR-T6172M-BLACK-3X,197223642435,10
UA,100-QRKRR-T6172M-BLACK-L,197223642398,25
UA,100-QRKRR-T6172M-BLACK-M,197223642381,28
UA,100-QRKRR-T6172M-BLACK-S,197223642374,37
UA,100-QRKRR-T6172M-BLACK-XL,197223642404,14
UA,100-QRKRR-T6172M-BLACK-XS,197223642367,25
UA,100-QRKRR-T6172M-BLACK-XXS,197223642350,2
UA,100-QRKRR-T6172M-WHITE-2X,197223642527,1
UA,100-QRKRR-T6172M-WHITE-3X,197223642534,6
UA,100-QRKRR-T6172M-WHITE-S,197223642473,10
UA,100-QRKRR-T6172M-WHITE-XL,197223642503,12
UA,100-QRKRR-T6172M-WHITE-XS,197223642466,2
UA,100-QRKRR-T6172M-WHITE-XXS,197223642459,1
UA,100-QRKRS-T6172M-BLACK-1X,197223960034,15
UA,100-QRKRS-T6172M-BLACK-2X,197223960041,10
UA,100-QRKRS-T6172M-BLACK-3X,197223960058,9
UA,100-QRKRS-T6172M-BLACK-L,197223960010,25
UA,100-QRKRS-T6172M-BLACK-M,197223960003,23
UA,100-QRKRS-T6172M-BLACK-S,197223959991,20
UA,100-QRKRS-T6172M-BLACK-XL,197223960027,20
UA,100-QRKRS-T6172M-BLACK-XS,197223959984,13
UA,100-QRKRS-T6172M-BLACK-XXS,197223959977,10
UA,100-QRKRS-T6172M-WHITE-1X,197223960133,15
UA,100-QRKRS-T6172M-WHITE-2X,197223960140,14
UA,100-QRKRS-T6172M-WHITE-3X,197223960157,9
UA,100-QRKRS-T6172M-WHITE-L,197223960119,23
UA,100-QRKRS-T6172M-WHITE-M,197223960102,22
UA,100-QRKRS-T6172M-WHITE-S,197223960096,20
UA,100-QRKRS-T6172M-WHITE-XL,197223960126,20
UA,100-QRKRS-T6172M-WHITE-XS,197223960089,14
UA,100-QRKRS-T6172M-WHITE-XXS,197223960072,10
UA,100-QRKRS-T6539M-BLACK-1X,197223960232,15
UA,100-QRKRS-T6539M-BLACK-2X,197223960249,6
UA,100-QRKRS-T6539M-BLACK-3X,197223960256,14
UA,100-QRKRS-T6539M-BLACK-L,197223960218,20
UA,100-QRKRS-T6539M-BLACK-M,197223960201,21
UA,100-QRKRS-T6539M-BLACK-S,197223960195,20
UA,100-QRKRS-T6539M-BLACK-XL,197223960225,18
UA,100-QRKRS-T6539M-BLACK-XS,197223960188,13
UA,100-QRKRS-T6539M-BLACK-XXS,197223960171,10
UA,100-QRKRS-T6539M-WHITE-1X,197223960331,18
UA,100-QRKRS-T6539M-WHITE-2X,197223960348,11
UA,100-QRKRS-T6539M-WHITE-3X,197223960355,4
UA,100-QRKRS-T6539M-WHITE-L,197223960317,15
UA,100-QRKRS-T6539M-WHITE-M,197223960300,23
UA,100-QRKRS-T6539M-WHITE-S,197223960294,12
UA,100-QRKRS-T6539M-WHITE-XL,197223960324,18
UA,100-QRKRS-T6539M-WHITE-XS,197223960287,34
UA,100-QRKRS-T6539M-WHITE-XXS,197223960270,19
UA,100-QRKRV-T4192M-BLACK-L,196124483185,1
UA,100-QRKRV-T5539M-BLACK-XXS,196124483345,1
UA,100-QRSJP-T6070M-BLACK-1X,197223960430,13
UA,100-QRSJP-T6070M-BLACK-2X,197223960447,5
UA,100-QRSJP-T6070M-BLACK-3X,197223960454,9
UA,100-QRSJP-T6070M-BLACK-L,197223960416,28
UA,100-QRSJP-T6070M-BLACK-M,197223960409,18
UA,100-QRSJP-T6070M-BLACK-S,197223960393,20
UA,100-QRSJP-T6070M-BLACK-XL,197223960423,15
UA,100-QRSJP-T6070M-BLACK-XS,197223960386,14
UA,100-QRSJP-T6070M-BLACK-XXS,197223960379,10
UA,100-QRSJP-T6070M-WHITE-1X,197223960539,13
UA,100-QRSJP-T6070M-WHITE-2X,197223960546,7
UA,100-QRSJP-T6070M-WHITE-3X,197223960553,11
UA,100-QRSJP-T6070M-WHITE-L,197223960515,22
UA,100-QRSJP-T6070M-WHITE-M,197223960508,20
UA,100-QRSJP-T6070M-WHITE-S,197223960492,14
UA,100-QRSJP-T6070M-WHITE-XL,197223960522,18
UA,100-QRSJP-T6070M-WHITE-XS,197223960485,15
UA,100-QRSJP-T6070M-WHITE-XXS,197223960478,11
UA,100-QRSJP-T6071M-BLACK-1X,197223960638,35
UA,100-QRSJP-T6071M-BLACK-2X,197223960645,13
UA,100-QRSJP-T6071M-BLACK-3X,197223960652,10
UA,100-QRSJP-T6071M-BLACK-L,197223960614,22
UA,100-QRSJP-T6071M-BLACK-M,197223960607,20
UA,100-QRSJP-T6071M-BLACK-S,197223960591,27
UA,100-QRSJP-T6071M-BLACK-XL,197223960621,17
UA,100-QRSJP-T6071M-BLACK-XS,197223960584,20
UA,100-QRSJP-T6071M-BLACK-XXS,197223960577,15
UA,100-QRSJP-T6071M-WHITE-1X,197223960737,31
UA,100-QRSJP-T6071M-WHITE-2X,197223960744,9
UA,100-QRSJP-T6071M-WHITE-3X,197223960751,10
UA,100-QRSJP-T6071M-WHITE-L,197223960713,23
UA,100-QRSJP-T6071M-WHITE-M,197223960706,24
UA,100-QRSJP-T6071M-WHITE-S,197223960690,20
UA,100-QRSJP-T6071M-WHITE-XL,197223960720,18
UA,100-QRSJP-T6071M-WHITE-XS,197223960683,14
UA,100-QRSJP-T6071M-WHITE-XXS,197223960676,9
UA,100-QRSOR-T6070M-BLACK-1X,197223642619,10
UA,100-QRSOR-T6070M-BLACK-2X,197223642626,10
UA,100-QRSOR-T6070M-BLACK-3X,197223642633,9
UA,100-QRSOR-T6070M-BLACK-L,197223642596,30
UA,100-QRSOR-T6070M-BLACK-M,197223642589,22
UA,100-QRSOR-T6070M-BLACK-S,197223642572,24
UA,100-QRSOR-T6070M-BLACK-XL,197223642602,20
UA,100-QRSOR-T6070M-BLACK-XS,197223642565,23
UA,100-QRSOR-T6070M-BLACK-XXS,197223642558,17
UA,100-QRSOR-T6070M-WHITE-3X,197223642732,2
UA,100-QRSOR-T6070M-WHITE-L,197223642695,30
UA,100-QRSOR-T6070M-WHITE-M,197223642688,22
UA,100-QRSOR-T6070M-WHITE-S,197223642671,5
UA,100-QRSOR-T6070M-WHITE-XL,197223642701,3
UA,100-QRSOR-T6070M-WHITE-XS,197223642664,6
UA,100-QRSOR-T6070M-WHITE-XXS,197223642657,5
UA,100-QRSOR-T6071M-BLACK-1X,197223642817,19
UA,100-QRSOR-T6071M-BLACK-2X,197223642824,9
UA,100-QRSOR-T6071M-BLACK-3X,197223642831,3
UA,100-QRSOR-T6071M-BLACK-XL,197223642800,8
UA,100-QRSOR-T6071M-BLACK-XS,197223642763,5
UA,100-QRSOR-T6071M-BLACK-XXS,197223642756,2
UA,100-QRSOR-T6071M-WHITE-1X,197223642916,8
UA,100-QRSOR-T6071M-WHITE-2X,197223642923,11
UA,100-QRSOR-T6071M-WHITE-3X,197223642930,10
UA,100-QRSOR-T6071M-WHITE-L,197223642893,8
UA,100-QRSOR-T6071M-WHITE-M,197223642886,2
UA,100-QRSOR-T6071M-WHITE-XL,197223642909,9
UA,100-QRSOR-T6071M-WHITE-XS,197223642862,2
UA,100-QRSOR-T6071M-WHITE-XXS,197223642855,3
UA,100-QRTFF-P0031P-BLACK-PM,193481958578,1
UA,100-QRTFF-P4600M-BLACK-XXS,193481958851,76
UA,100-QRTFF-P4600P-BLACK-PL,193481959087,1
UA,100-QRTFF-P4610M-BLACK-1X,197223643012,14
UA,100-QRTFF-P4610M-BLACK-2X,197223643029,10
UA,100-QRTFF-P4610M-BLACK-3X,197223643036,15
UA,100-QRTFF-P4610M-BLACK-L,197223642992,19
UA,100-QRTFF-P4610M-BLACK-M,197223642985,7
UA,100-QRTFF-P4610M-BLACK-S,197223642978,29
UA,100-QRTFF-P4610M-BLACK-XL,197223643005,19
UA,100-QRTFF-P4610M-BLACK-XS,197223642961,11
UA,100-QRTFF-P4610M-BLACK-XXS,197223642954,6
UA,100-QRTFF-P4610P-BLACK-PL,197223643081,34
UA,100-QRTFF-P4610P-BLACK-PM,197223643074,17
UA,100-QRTFF-P4610P-BLACK-PP,197223643050,6
UA,100-QRTFF-P4610P-BLACK-PS,197223643067,4
UA,100-QRTFF-P4831M-BLACK-1X,197223377429,19
UA,100-QRTFF-P4831M-BLACK-2X,197223377436,22
UA,100-QRTFF-P4831M-BLACK-3X,197223377443,23
UA,100-QRTFF-P4831M-BLACK-L,197223377405,17
UA,100-QRTFF-P4831M-BLACK-S,197223377382,26
UA,100-QRTFF-P4831M-BLACK-XL,197223377412,28
UA,100-QRTFF-P4831M-BLACK-XS,197223377375,20
UA,100-QRTFF-P4831M-BLACK-XXS,197223377368,24
UA,100-QRTFF-P4831P-BLACK-PL,197223376804,19
UA,100-QRTFF-P4831P-BLACK-PM,197223376798,20
UA,100-QRTFF-P4831P-BLACK-PP,197223376774,15
UA,100-QRTFF-P4831P-BLACK-PS,197223376781,19
UA,100-QRTFF-T5945M-BLACK-M,196124484427,1
UA,100-QRTFF-T5945M-BLACK-XXS,196124484397,31
UA,100-QRTFF-T5945P-BLACK-PP,196124484144,41
UA,100-QRTFF-T5945P-BLACK-PS,196124484151,1
UA,100-QRTFF-T5988M-BLACK-L,196124485035,1
UA,100-QRTFF-T5988M-BLACK-XXS,196124484991,16
UA,100-QRTFF-T5988M-WHITE-2X,196124484762,6
UA,100-QRTFF-T5988M-WHITE-3X,196124484779,7
UA,100-QRTFF-T5988M-WHITE-XXS,196124484694,7
UA,100-QRTFF-U4031M-BLACK-XXS,196124498233,5
UA,100-QRTFF-U4283M-BLACK-1X,196124484854,17
UA,100-QRTFF-U4283M-BLACK-2X,196124484861,12
UA,100-QRTFF-U4283M-BLACK-3X,196124484878,22
UA,100-QRTFF-U4283M-BLACK-XXS,196124484793,31
UA,100-QRTFF-U4283M-WHITE-1X,196124484557,30
UA,100-QRTFF-U4283M-WHITE-2X,196124484564,12
UA,100-QRTFF-U4283M-WHITE-3X,196124484571,18
UA,100-QRTFF-U4283M-WHITE-XL,196124484540,2
UA,100-QRTFF-U4283M-WHITE-XXS,196124484496,30
UA,100-QRTFF-U4283P-BLACK-PM,196124483819,1
UA,100-QRTFF-U4283P-BLACK-PP,196124483796,3
UA,100-QRTFF-U4283P-WHITE-PL,196124483772,10
UA,100-QRTFF-U4283P-WHITE-PM,196124483765,1
UA,100-QRTFF-U4283P-WHITE-PP,196124483741,33
UA,100-QRTJH-P0696M-BLACK-1X,196124484250,27
UA,100-QRTJH-P0696M-BLACK-2X,196124484267,20
UA,100-QRTJH-P0696M-BLACK-3X,196124484274,21
UA,100-QRTJH-P0696M-BLACK-L,196124484236,69
UA,100-QRTJH-P0696M-BLACK-M,196124484229,38
UA,100-QRTJH-P0696M-BLACK-S,196124484212,49
UA,100-QRTJH-P0696M-BLACK-XL,196124484243,61
UA,100-QRTJH-P0696M-BLACK-XS,196124484205,52
UA,100-QRTJH-P0696M-BLACK-XXS,196124484199,15
UA,100-QRTJH-P0696P-BLACK-PL,196124483871,23
UA,100-QRTJH-P0696P-BLACK-PM,196124483864,6
UA,100-QRTJH-P0696P-BLACK-PP,196124483840,25
UA,100-QRTJH-P0696P-BLACK-PS,196124483857,12
UA,100-QRTJH-P4366M-BLACK-2X,196124484366,17
UA,100-QRTJH-P4366M-BLACK-3X,196124484373,19
UA,100-QRTJH-P4366M-BLACK-L,196124484335,2
UA,100-QRTJH-P4366M-BLACK-M,196124484328,1
UA,100-QRTJH-P4366M-BLACK-XL,196124484342,18
UA,100-QRTJH-P4366M-BLACK-XXS,196124484298,5
UA,100-QRTJH-P4366P-BLACK-PL,196124483970,9
UA,100-QRTJH-P4366P-BLACK-PP,196124483949,1
UA,100-QRTJH-P4366P-BLACK-PS,196124483956,8
UA,100-QRTJH-P4607M-BLACK-1X,197223569084,16
UA,100-QRTJH-P4607M-BLACK-2X,197223569091,12
UA,100-QRTJH-P4607M-BLACK-3X,197223569107,10
UA,100-QRTJH-P4607M-BLACK-L,197223569060,30
UA,100-QRTJH-P4607M-BLACK-M,197223569053,31
UA,100-QRTJH-P4607M-BLACK-S,197223569046,19
UA,100-QRTJH-P4607M-BLACK-XL,197223569077,19
UA,100-QRTJH-P4607M-BLACK-XS,197223569039,9
UA,100-QRTJH-P4607M-BLACK-XXS,197223569022,15
UA,100-QRTJH-P4607P-BLACK-PL,197223569152,18
UA,100-QRTJH-P4607P-BLACK-PM,197223569145,20
UA,100-QRTJH-P4607P-BLACK-PP,197223569121,14
UA,100-QRTJH-P4607P-BLACK-PS,197223569138,7
UA,100-QRTK1-P0696M-BLACK-1X,193481818971,45
UA,100-QRTK1-P0696M-BLACK-2X,193481818988,36
UA,100-QRTK1-P0696M-BLACK-3X,193481818995,41
UA,100-QRTK1-P0696M-BLACK-L,193481818957,161
UA,100-QRTK1-P0696M-BLACK-M,193481818940,175
UA,100-QRTK1-P0696M-BLACK-S,193481818933,117
UA,100-QRTK1-P0696M-BLACK-XL,193481818964,112
UA,100-QRTK1-P0696M-BLACK-XS,193481818926,56
UA,100-QRTK1-P0696M-BLACK-XXS,193481818919,29
UA,100-QRTK1-P0696M-BONE-2X,197223645603,1
UA,100-QRTK1-P0696M-BONE-3X,197223645610,1
UA,100-QRTK1-P0696M-GRPHT-XXS,193481959407,11
UA,100-QRTK1-P0696M-WHITE-1X,197223645696,12
UA,100-QRTK1-P0696M-WHITE-2X,197223645702,14
UA,100-QRTK1-P0696M-WHITE-3X,197223645719,15
UA,100-QRTK1-P0696M-WHITE-L,197223645672,11
UA,100-QRTK1-P0696M-WHITE-M,197223645665,11
UA,100-QRTK1-P0696M-WHITE-S,197223645658,10
UA,100-QRTK1-P0696M-WHITE-XL,197223645689,12
UA,100-QRTK1-P0696M-WHITE-XS,197223645641,13
UA,100-QRTK1-P0696M-WHITE-XXS,197223645634,15
UA,100-QRTK1-P0696P-BLACK-PL,193481930352,69
UA,100-QRTK1-P0696P-BLACK-PM,193481930345,69
UA,100-QRTK1-P0696P-BLACK-PP,193481930321,53
UA,100-QRTK1-P0696P-BLACK-PS,193481930338,45
UA,100-QRTK1-P0696P-BONE-PL,197223645764,22
UA,100-QRTK1-P0696P-BONE-PM,197223645757,19
UA,100-QRTK1-P0696P-BONE-PP,197223645733,16
UA,100-QRTK1-P0696P-BONE-PS,197223645740,20
UA,100-QRTK1-P0696P-GRPHT-PP,193481959506,15
UA,100-QRTK1-P0696P-WHITE-PL,197223645818,15
UA,100-QRTK1-P0696P-WHITE-PM,197223645801,18
UA,100-QRTK1-P0696P-WHITE-PP,197223645788,20
UA,100-QRTK1-P0696P-WHITE-PS,197223645795,21
UA,100-QRTK-P4547M-BLACK-1X,193481818773,1
UA,100-QRTK-P4547M-BLACK-2X,193481818780,1
UA,100-QRTK-P4547M-BLACK-3X,193481818797,34
UA,100-QRTK-P4547M-BLACK-XXS,193481818711,24
UA,100-QRTK-P4547P-BLACK-PL,193481930307,15
UA,100-QRTK-P4547P-BLACK-PP,193481930277,42
UA,100-QRTK-P4547P-BLACK-PS,193481930284,28
UA,100-QRTK-P4655M-BLACK-1X,197223643166,9
UA,100-QRTK-P4655M-BLACK-2X,197223643173,16
UA,100-QRTK-P4655M-BLACK-3X,197223643180,10
UA,100-QRTK-P4655M-BLACK-L,197223643142,30
UA,100-QRTK-P4655M-BLACK-M,197223643135,19
UA,100-QRTK-P4655M-BLACK-S,197223643128,19
UA,100-QRTK-P4655M-BLACK-XL,197223643159,19
UA,100-QRTK-P4655M-BLACK-XS,197223643111,16
UA,100-QRTK-P4655M-BLACK-XXS,197223643104,15
UA,100-QRTK-P4655P-BLACK-PL,197223643234,21
UA,100-QRTK-P4655P-BLACK-PM,197223643227,19
UA,100-QRTK-P4655P-BLACK-PP,197223643203,16
UA,100-QRTK-P4655P-BLACK-PS,197223643210,28
UA,100-S6AJH-T6462M-EUCLY-1X,198895171056,10
UA,100-S6AJH-T6462M-EUCLY-2X,198895171063,12
UA,100-S6AJH-T6462M-EUCLY-3X,198895171070,6
UA,100-S6AJH-T6462M-EUCLY-L,198895171032,13
UA,100-S6AJH-T6462M-EUCLY-M,198895171025,54
UA,100-S6AJH-T6462M-EUCLY-S,198895171018,32
UA,100-S6AJH-T6462M-EUCLY-XL,198895171049,12
UA,100-S6AJH-T6462M-EUCLY-XS,198895171001,28
UA,100-S6AJH-T6462M-EUCLY-XXS,198895170998,14
UA,100-S6AJH-T6462M-WHITE-3X,198895171162,1
UA,100-S6AJH-T6462M-WHITE-M,198895171117,3
UA,100-S6AJH-T6462M-WHITE-XS,198895171094,10
UA,100-S6AJH-T6462M-WHITE-XXS,198895171087,11
UA,100-S6AJH-T6462P-EUCLY-PL,198895280772,8
UA,100-S6AJH-T6462P-EUCLY-PM,198895280765,7
UA,100-S6AJH-T6462P-EUCLY-PP,198895280741,9
UA,100-S6AJH-T6462P-EUCLY-PS,198895280758,9
UA,100-S6AKR-C2030M-RIVER-1X,198895171230,8
UA,100-S6AKR-C2030M-RIVER-3X,198895171254,5
UA,100-S6AKR-C2030M-RIVER-L,198895171216,44
UA,100-S6AKR-C2030M-RIVER-M,198895171209,23
UA,100-S6AKR-C2030M-RIVER-S,198895171193,14
UA,100-S6AKR-C2030M-RIVER-XL,198895171223,24
UA,100-S6AKR-C2030M-RIVER-XS,198895171186,15
UA,100-S6AKR-C2030M-RIVER-XXS,198895171179,3
UA,100-S6AKR-C2030P-RIVER-PM,198895259082,6
UA,100-S6AKR-C2030P-RIVER-PP,198895259068,2
UA,100-S6AKR-C2030P-RIVER-PS,198895259075,10
UA,100-S6BBR-P4600M-EUCLY-2X,198895171964,3
UA,100-S6BBR-P4600M-EUCLY-L,198895171933,15
UA,100-S6BBR-P4600M-EUCLY-M,198895171926,15
UA,100-S6BBR-P4600M-EUCLY-S,198895171919,21
UA,100-S6BBR-P4600M-EUCLY-XL,198895171940,11
UA,100-S6BBR-P4600M-EUCLY-XS,198895171902,8
UA,100-S6BBR-P4600M-EUCLY-XXS,198895171896,7
UA,100-S6BBR-P4607M-BAYLF-1X,198895172312,9
UA,100-S6BBR-P4607M-BAYLF-2X,198895172329,21
UA,100-S6BBR-P4607M-BAYLF-3X,198895172336,6
UA,100-S6BBR-P4607M-BAYLF-L,198895172299,26
UA,100-S6BBR-P4607M-BAYLF-M,198895172282,13
UA,100-S6BBR-P4607M-BAYLF-XL,198895172305,19
UA,100-S6BBR-P4607M-BONE-1X,198895172404,20
UA,100-S6BBR-P4607M-BONE-2X,198895172411,26
UA,100-S6BBR-P4607M-BONE-3X,198895172428,9
UA,100-S6BBR-P4607M-BONE-L,198895172381,50
UA,100-S6BBR-P4607M-BONE-M,198895172374,35
UA,100-S6BBR-P4607M-BONE-XL,198895172398,39
UA,100-S6BBR-T6354M-EUCLY-2X,198895173852,2
UA,100-S6BBR-T6354M-EUCLY-3X,198895173869,5
UA,100-S6BBR-T6354M-EUCLY-XXS,198895173784,2
UA,100-S6BBR-T6360M-AQRUS-L,198895173913,3
UA,100-S6BBR-T6360M-BAYLF-1X,198895174118,4
UA,100-S6BBR-T6360M-BAYLF-2X,198895174125,3
UA,100-S6BBR-T6360M-BAYLF-3X,198895174132,1
UA,100-S6BBR-T6360M-BAYLF-L,198895174095,25
UA,100-S6BBR-T6360M-BAYLF-M,198895174088,24
UA,100-S6BBR-T6360M-BAYLF-S,198895174071,16
UA,100-S6BBR-T6360M-BAYLF-XL,198895174101,8
UA,100-S6BBR-T6360M-BAYLF-XS,198895174064,2
UA,100-S6BBR-T6360M-BAYLF-XXS,198895174057,5
UA,100-S6BDE-J5511M-MDNGO-1X,198895177447,16
UA,100-S6BDE-J5511M-MDNGO-2X,198895177454,12
UA,100-S6BDE-J5511M-MDNGO-3X,198895177461,5
UA,100-S6BDE-J5511M-MDNGO-L,198895177423,31
UA,100-S6BDE-J5511M-MDNGO-M,198895177416,39
UA,100-S6BDE-J5511M-MDNGO-S,198895177409,20
UA,100-S6BDE-J5511M-MDNGO-XL,198895177430,14
UA,100-S6BDE-J5511M-MDNGO-XS,198895177393,2
UA,100-S6BDE-J5511P-MDNGO-PL,198895259211,1
UA,100-S6BDE-J5511P-MDNGO-PM,198895259204,12
UA,100-S6BDE-J5511P-MDNGO-PS,198895259198,3
UA,100-S6BDE-P4679M-MDNGO-2X,198895178352,4
UA,100-S6BDE-P4679M-MDNGO-3X,198895178369,3
UA,100-S6BDE-P4887M-MDNGO-1X,198895178796,6
UA,100-S6BDE-P4887M-MDNGO-2X,198895178802,10
UA,100-S6BDE-P4887M-MDNGO-3X,198895178819,2
UA,100-S6BDE-P4887M-MDNGO-L,198895178772,3
UA,100-S6BDE-P4887M-MDNGO-M,198895178765,13
UA,100-S6BDE-P4887M-MDNGO-S,198895178758,3
UA,100-S6BDE-P4887M-MDNGO-XL,198895178789,5
UA,100-S6BDE-P4887M-MDNGO-XXS,198895178734,5
UA,100-S6BDE-P4887P-MDNGO-PL,198895259297,16
UA,100-S6BDE-P4887P-MDNGO-PM,198895259280,21
UA,100-S6BDE-P4887P-MDNGO-PP,198895259266,12
UA,100-S6BDE-P4887P-MDNGO-PS,198895259273,39
UA,100-S6BDE-P4901M-MDNGO-1X,198895179243,27
UA,100-S6BDE-P4901M-MDNGO-2X,198895179250,12
UA,100-S6BDE-P4901M-MDNGO-3X,198895179267,3
UA,100-S6BDE-P4901M-MDNGO-L,198895179229,56
UA,100-S6BDE-P4901M-MDNGO-M,198895179212,37
UA,100-S6BDE-P4901M-MDNGO-S,198895179205,26
UA,100-S6BDE-P4901M-MDNGO-XL,198895179236,20
UA,100-S6BDE-P4901M-MDNGO-XS,198895179199,3
UA,100-S6BDE-P4901P-MDNGO-PL,198895259464,19
UA,100-S6BDE-P4901P-MDNGO-PM,198895259457,24
UA,100-S6BDE-P4901P-MDNGO-PS,198895259440,21
UA,100-S6BIU-W5905M-BLACK-1X,198895179342,4
UA,100-S6BIU-W5905M-BLACK-2X,198895179359,1
UA,100-S6BIU-W5905M-BLACK-L,198895179328,33
UA,100-S6BIU-W5905M-BLACK-M,198895179311,51
UA,100-S6BIU-W5905M-BLACK-S,198895179304,45
UA,100-S6BIU-W5905M-BLACK-XL,198895179335,17
UA,100-S6BIU-W5905M-BLACK-XS,198895179298,28
UA,100-S6BIU-W5905M-BLACK-XXS,198895179281,13
UA,100-S6BIU-W5905M-SEAFM-1X,198895179748,5
UA,100-S6BIU-W5905M-SEAFM-2X,198895179755,9
UA,100-S6BIU-W5905M-SEAFM-3X,198895179762,7
UA,100-S6BIU-W5905M-SEAFM-L,198895179724,35
UA,100-S6BIU-W5905M-SEAFM-M,198895179717,48
UA,100-S6BIU-W5905M-SEAFM-S,198895179700,41
UA,100-S6BIU-W5905M-SEAFM-XL,198895179731,19
UA,100-S6BIU-W5905M-SEAFM-XS,198895179694,27
UA,100-S6BIU-W5905M-SEAFM-XXS,198895179687,15
UA,100-S6BKY-P4834M-DKPRL-1X,198895180102,23
UA,100-S6BKY-P4834M-DKPRL-2X,198895180119,15
UA,100-S6BKY-P4834M-DKPRL-3X,198895180126,6
UA,100-S6BKY-P4834M-DKPRL-L,198895180089,45
UA,100-S6BKY-P4834M-DKPRL-M,198895180072,66
UA,100-S6BKY-P4834M-DKPRL-S,198895180065,41
UA,100-S6BKY-P4834M-DKPRL-XL,198895180096,26
UA,100-S6BKY-P4834M-DKPRL-XS,198895180058,13
UA,100-S6BKY-P4834M-DKPRL-XXS,198895180041,5
UA,100-S6BKY-T6306M-DKPRL-1X,198895180195,10
UA,100-S6BKY-T6306M-DKPRL-2X,198895180201,3
UA,100-S6BKY-T6306M-DKPRL-L,198895180171,42
UA,100-S6BKY-T6306M-DKPRL-M,198895180164,61
UA,100-S6BKY-T6306M-DKPRL-S,198895180157,46
UA,100-S6BKY-T6306M-DKPRL-XL,198895180188,22
UA,100-S6BKY-T6306M-DKPRL-XS,198895180140,23
UA,100-S6BKY-T6306M-DKPRL-XXS,198895180133,6
UA,100-S6CXU-T6412M-EUCLY-1X,198895182854,5
UA,100-S6CXU-T6412M-EUCLY-2X,198895182861,8
UA,100-S6CXU-T6412M-EUCLY-3X,198895182878,5
UA,100-S6CXU-T6412M-EUCLY-M,198895182823,17
UA,100-S6CXU-T6412M-EUCLY-XS,198895182809,1
UA,100-S6CXU-T6412M-EUCLY-XXS,198895182793,4
UA,100-S6CXU-T6412P-EUCLY-PL,198895281212,2
UA,100-S6CXU-T6412P-EUCLY-PM,198895281205,4
UA,100-S6CXU-T6412P-EUCLY-PP,198895281182,6
UA,100-S6FEI-K5463M-DKPRL-1X,198895184483,9
UA,100-S6FEI-K5463M-DKPRL-2X,198895184490,14
UA,100-S6FEI-K5463M-DKPRL-3X,198895184506,8
UA,100-S6FEI-K5463M-DKPRL-L,198895184469,19
UA,100-S6FEI-K5463M-DKPRL-M,198895184452,32
UA,100-S6FEI-K5463M-DKPRL-S,198895184445,1
UA,100-S6FEI-K5463M-DKPRL-XL,198895184476,24
UA,100-S6FEP-W6260M-DKPRL-1X,198895184575,6
UA,100-S6FEP-W6260M-DKPRL-2X,198895184582,8
UA,100-S6FEP-W6260M-DKPRL-3X,198895184599,4
UA,100-S6FEP-W6260M-DKPRL-L,198895184551,30
UA,100-S6FEP-W6260M-DKPRL-M,198895184544,34
UA,100-S6FEP-W6260M-DKPRL-S,198895184537,3
UA,100-S6FEP-W6260M-DKPRL-XL,198895184568,14
UA,100-S6GC1-T6108M-BLACK-1X,198895512118,14
UA,100-S6GC1-T6108M-BLACK-2X,198895512125,10
UA,100-S6GC1-T6108M-BLACK-3X,198895512132,10
UA,100-S6GC1-T6108M-BLACK-L,198895512095,29
UA,100-S6GC1-T6108M-BLACK-M,198895512088,31
UA,100-S6GC1-T6108M-BLACK-S,198895512071,20
UA,100-S6GC1-T6108M-BLACK-XL,198895512101,20
UA,100-S6GC1-T6108M-BLACK-XS,198895512064,12
UA,100-S6GC1-T6108M-BLACK-XXS,198895512057,13
UA,100-S6GC1-T6108P-BLACK-PL,198895513184,25
UA,100-S6GC1-T6108P-BLACK-PM,198895513177,29
UA,100-S6GC1-T6108P-BLACK-PP,198895513153,16
UA,100-S6GC1-T6108P-BLACK-PS,198895513160,30
UA,100-S6GC1-T6368M-FSTFL-XXS,198895188597,6
UA,100-S6GC1-T6368M-RIVER-1X,198895188740,3
UA,100-S6GC1-T6368M-RIVER-2X,198895188757,7
UA,100-S6GC1-T6368M-RIVER-L,198895188726,6
UA,100-S6GC1-T6368M-RIVER-M,198895188719,22
UA,100-S6GC1-T6368M-RIVER-S,198895188702,15
UA,100-S6GC1-T6368M-RIVER-XL,198895188733,2
UA,100-S6GC1-T6368M-RIVER-XS,198895188696,10
UA,100-S6GC1-T6368M-RIVER-XXS,198895188689,5
UA,100-S6GIP-V1358M-BONE-1X,198895192075,11
UA,100-S6GIP-V1358M-BONE-2X,198895192082,5
UA,100-S6GIP-V1358M-BONE-3X,198895192099,4
UA,100-S6GIP-V1358M-BONE-L,198895192051,11
UA,100-S6GIP-V1358M-BONE-M,198895192044,23
UA,100-S6GIP-V1358M-BONE-S,198895192037,25
UA,100-S6GIP-V1358M-BONE-XL,198895192068,14
UA,100-S6GIP-V1358M-BONE-XS,198895192020,20
UA,100-S6GIP-V1358M-BONE-XXS,198895192013,4
UA,100-S6GIP-V1358P-BONE-PL,198895284046,12
UA,100-S6GIP-V1358P-BONE-PM,198895284039,15
UA,100-S6GIP-V1358P-BONE-PP,198895284015,12
UA,100-S6GIP-V1358P-BONE-PS,198895284022,29
UA,100-S6GK-U2372M-EUCLY-1X,198895192433,1
UA,100-S6GK-U2372M-EUCLY-2X,198895192440,3
UA,100-S6GK-U2372M-EUCLY-L,198895192419,3
UA,100-S6GK-U2372M-EUCLY-XL,198895192426,1
UA,100-S6GK-U2372M-EUCLY-XS,198895192389,6
UA,100-S6GK-U2372M-EUCLY-XXS,198895192372,1
UA,100-S6ISZ-T5670M-BAYLF-1X,198895195106,21
UA,100-S6ISZ-T5670M-BAYLF-2X,198895195113,17
UA,100-S6ISZ-T5670M-BAYLF-3X,198895195120,1
UA,100-S6ISZ-T5670M-BAYLF-L,198895195083,52
UA,100-S6ISZ-T5670M-BAYLF-M,198895195076,52
UA,100-S6ISZ-T5670M-BAYLF-S,198895195069,28
UA,100-S6ISZ-T5670M-BAYLF-XL,198895195090,18
UA,100-S6ISZ-T5670M-BAYLF-XS,198895195052,14
UA,100-S6ISZ-T5670M-WHTBL-1X,198895195281,9
UA,100-S6ISZ-T5670M-WHTBL-2X,198895195298,14
UA,100-S6ISZ-T5670M-WHTBL-3X,198895195304,7
UA,100-S6ISZ-T5670M-WHTBL-L,198895195267,36
UA,100-S6ISZ-T5670M-WHTBL-M,198895195250,20
UA,100-S6ISZ-T5670M-WHTBL-S,198895195243,16
UA,100-S6ISZ-T5670M-WHTBL-XL,198895195274,26
UA,100-S6ISZ-T5670M-WHTBL-XS,198895195236,4
UA,100-S6ISZ-T5670M-WHTBL-XXS,198895195229,6
UA,100-S6ISZ-T5670P-BAYLF-PL,198895262808,27
UA,100-S6ISZ-T5670P-BAYLF-PM,198895262792,29
UA,100-S6ISZ-T5670P-BAYLF-PP,198895262778,26
UA,100-S6ISZ-T5670P-BAYLF-PS,198895262785,25
UA,100-S6ISZ-T5670P-WHTBL-PL,198895262884,42
UA,100-S6ISZ-T5670P-WHTBL-PM,198895262877,60
UA,100-S6ISZ-T5670P-WHTBL-PP,198895262853,46
UA,100-S6ISZ-T5670P-WHTBL-PS,198895262860,55
UA,100-S6ISZ-T5852M-BAYLF-1X,198895195373,15
UA,100-S6ISZ-T5852M-BAYLF-2X,198895195380,13
UA,100-S6ISZ-T5852M-BAYLF-3X,198895195397,3
UA,100-S6ISZ-T5852M-BAYLF-L,198895195359,28
UA,100-S6ISZ-T5852M-BAYLF-M,198895195342,42
UA,100-S6ISZ-T5852M-BAYLF-S,198895195335,29
UA,100-S6ISZ-T5852M-BAYLF-XL,198895195366,28
UA,100-S6ISZ-T5852M-BAYLF-XS,198895195328,13
UA,100-S6ISZ-T5852M-BAYLF-XXS,198895195311,3
UA,100-S6ISZ-T5852M-WHTBL-1X,198895195557,28
UA,100-S6ISZ-T5852M-WHTBL-2X,198895195564,24
UA,100-S6ISZ-T5852M-WHTBL-3X,198895195571,6
UA,100-S6ISZ-T5852M-WHTBL-L,198895195533,39
UA,100-S6ISZ-T5852M-WHTBL-M,198895195526,43
UA,100-S6ISZ-T5852M-WHTBL-S,198895195519,27
UA,100-S6ISZ-T5852M-WHTBL-XL,198895195540,28
UA,100-S6ISZ-T5852M-WHTBL-XS,198895195502,13
UA,100-S6ISZ-T5852M-WHTBL-XXS,198895195496,8
UA,100-S6IZ1-T5670M-CTRON-1X,198895196097,4
UA,100-S6IZ1-T5670M-CTRON-2X,198895196103,16
UA,100-S6IZ1-T5670M-CTRON-3X,198895196110,9
UA,100-S6IZ1-T5670M-CTRON-L,198895196073,4
UA,100-S6IZ1-T5670M-CTRON-M,198895196066,7
UA,100-S6IZ1-T5670M-CTRON-S,198895196059,5
UA,100-S6IZ1-T5670M-CTRON-XL,198895196080,2
UA,100-S6IZ1-T5670M-CTRON-XS,198895196042,6
UA,100-S6IZ1-T5670M-CTRON-XXS,198895196035,1
UA,100-S6IZ1-T5670M-RIVER-2X,198895196370,19
UA,100-S6IZ1-T5670M-RIVER-3X,198895196387,13
UA,100-S6IZ1-T5670M-RIVER-XS,198895196318,8
UA,100-S6IZ1-T5670M-RIVER-XXS,198895196301,2
UA,100-S6IZ1-T5670M-SEAFM-2X,198895196462,2
UA,100-S6IZ1-T5670M-SEAFM-3X,198895196479,4
UA,100-S6IZ1-T5670M-SEAFM-M,198895196424,11
UA,100-S6IZ1-T5670M-SEAFM-S,198895196417,5
UA,100-S6IZ1-T5670M-SEAFM-XL,198895196448,4
UA,100-S6IZ1-T5670P-CTRON-PL,198895284244,9
UA,100-S6IZ1-T5670P-CTRON-PP,198895284213,3
UA,100-S6IZ1-T5670P-CTRON-PS,198895284220,4
UA,100-S6IZ1-T5670P-RIVER-PL,198895284367,7
UA,100-S6IZ1-T5670P-RIVER-PM,198895284350,3
UA,100-S6IZ1-T5670P-RIVER-PP,198895284336,7
UA,100-S6IZ1-T5670P-RIVER-PS,198895284343,1
UA,100-S6IZ1-T5670P-SEAFM-PL,198895284404,10
UA,100-S6IZ1-T5670P-SEAFM-PM,198895284398,12
UA,100-S6IZ1-T5670P-SEAFM-PP,198895284374,9
UA,100-S6IZ1-T5670P-SEAFM-PS,198895284381,14
UA,100-S6KRS-T6539M-BAYLF-1X,198895302337,11
UA,100-S6KRS-T6539M-BAYLF-3X,198895302351,3
UA,100-S6KRS-T6539M-BAYLF-L,198895302313,32
UA,100-S6KRS-T6539M-BAYLF-M,198895302306,25
UA,100-S6KRS-T6539M-BAYLF-S,198895302290,28
UA,100-S6KRS-T6539M-BAYLF-XL,198895302320,38
UA,100-S6KRS-T6539M-BAYLF-XS,198895302283,7
UA,100-S6KRS-T6539M-BAYLF-XXS,198895302276,2
UA,100-S6KRS-T6539M-EUCLY-1X,198895202484,5
UA,100-S6KRS-T6539M-EUCLY-L,198895202460,9
UA,100-S6KRS-T6539M-EUCLY-M,198895202453,36
UA,100-S6KRS-T6539M-EUCLY-S,198895202446,28
UA,100-S6KRS-T6539M-EUCLY-XL,198895202477,17
UA,100-S6KRS-T6539M-EUCLY-XS,198895202439,1
UA,100-S6KRS-T6539M-EUCLY-XXS,198895202422,2
UA,100-S6KRS-T6539M-SEAFM-1X,198895202576,21
UA,100-S6KRS-T6539M-SEAFM-2X,198895202583,10
UA,100-S6KRS-T6539M-SEAFM-3X,198895202590,12
UA,100-S6KRS-T6539M-SEAFM-L,198895202552,60
UA,100-S6KRS-T6539M-SEAFM-M,198895202545,67
UA,100-S6KRS-T6539M-SEAFM-S,198895202538,43
UA,100-S6KRS-T6539M-SEAFM-XL,198895202569,56
UA,100-S6KRS-T6539M-SEAFM-XS,198895202521,12
UA,100-S6KRS-T6539M-SEAFM-XXS,198895202514,5
UA,100-S6KRS-T6539P-BAYLF-PL,198895302399,39
UA,100-S6KRS-T6539P-BAYLF-PM,198895302382,40
UA,100-S6KRS-T6539P-BAYLF-PP,198895302368,17
UA,100-S6KRS-T6539P-BAYLF-PS,198895302375,41
UA,100-S6KRS-T6539P-EUCLY-PL,198895284480,31
UA,100-S6KRS-T6539P-EUCLY-PM,198895284473,33
UA,100-S6KRS-T6539P-EUCLY-PP,198895284459,16
UA,100-S6KRS-T6539P-EUCLY-PS,198895284466,40
UA,100-S6KRS-T6539P-SEAFM-PL,198895284527,38
UA,100-S6KRS-T6539P-SEAFM-PM,198895284510,41
UA,100-S6KRS-T6539P-SEAFM-PP,198895284497,18
UA,100-S6KRS-T6539P-SEAFM-PS,198895284503,42
UA,100-S6LVT-T6104M-EUCLY-1X,198895205454,18
UA,100-S6LVT-T6104M-EUCLY-2X,198895205461,14
UA,100-S6LVT-T6104M-EUCLY-3X,198895205478,7
UA,100-S6LVT-T6104M-EUCLY-L,198895205430,21
UA,100-S6LVT-T6104M-EUCLY-M,198895205423,7
UA,100-S6LVT-T6104M-EUCLY-XL,198895205447,23
UA,100-S6NBO-J5827M-BLACK-L,198895205614,27
UA,100-S6NBO-J5827M-BLACK-M,198895205607,37
UA,100-S6NBO-J5827M-BLACK-S,198895205591,25
UA,100-S6NBO-J5827M-BLACK-XL,198895205621,8
UA,100-S6NBO-J5827M-BLACK-XS,198895205584,8
UA,100-S6NBO-J5827M-BLACK-XXS,198895205577,1
UA,100-S6NBO-V1359M-BLACK-1X,198895205720,18
UA,100-S6NBO-V1359M-BLACK-2X,198895205737,13
UA,100-S6NBO-V1359M-BLACK-3X,198895205744,12
UA,100-S6NBO-V1359M-BLACK-L,198895205706,34
UA,100-S6NBO-V1359M-BLACK-M,198895205690,49
UA,100-S6NBO-V1359M-BLACK-S,198895205683,49
UA,100-S6NBO-V1359M-BLACK-XL,198895205713,35
UA,100-S6NBO-V1359M-BLACK-XS,198895205676,22
UA,100-S6NBO-V1359M-BLACK-XXS,198895205669,4
UA,100-S6ODP-A2370M-EUCLY-OS,198895206864,54
UA,100-S6OEA-A2370M-FSTFL-OS,198895206987,42
UA,100-S6OFQ-C0506M-BAYLF-1X,198895207076,22
UA,100-S6OFQ-C0506M-BAYLF-2X,198895207083,11
UA,100-S6OFQ-C0506M-BAYLF-3X,198895207090,22
UA,100-S6OFQ-C0506M-BAYLF-L,198895207052,33
UA,100-S6OFQ-C0506M-BAYLF-M,198895207045,16
UA,100-S6OFQ-C0506M-BAYLF-S,198895207038,3
UA,100-S6QVB-J5832M-BAYLF-XXS,198895291150,5
UA,100-S6QVB-J5832M-PARUS-1X,198895214951,6
UA,100-S6QVB-J5832M-PARUS-2X,198895214968,10
UA,100-S6QVB-J5832M-PARUS-3X,198895214975,1
UA,100-S6QVB-J5832M-PARUS-M,198895214920,2
UA,100-S6QVB-P4830M-BAYLF-1X,198895291303,10
UA,100-S6QVB-P4830M-BAYLF-2X,198895291310,11
UA,100-S6QVB-P4830M-BAYLF-3X,198895291327,2
UA,100-S6QVB-P4830M-BAYLF-L,198895291280,32
UA,100-S6QVB-P4830M-BAYLF-M,198895291273,52
UA,100-S6QVB-P4830M-BAYLF-S,198895291266,16
UA,100-S6QVB-P4830M-BAYLF-XL,198895291297,12
UA,100-S6QVB-P4830M-BAYLF-XS,198895291259,12
UA,100-S6QVB-P4830M-EUCLY-1X,198895215132,11
UA,100-S6QVB-P4830M-EUCLY-2X,198895215149,7
UA,100-S6QVB-P4830M-EUCLY-3X,198895215156,1
UA,100-S6QVB-P4830M-EUCLY-L,198895215118,34
UA,100-S6QVB-P4830M-EUCLY-M,198895215101,47
UA,100-S6QVB-P4830M-EUCLY-S,198895215095,29
UA,100-S6QVB-P4830M-EUCLY-XL,198895215125,6
UA,100-S6QVB-P4830M-EUCLY-XS,198895215088,17
UA,100-S6QVB-P4830M-EUCLY-XXS,198895215071,2
UA,100-S6QVB-P4830M-PARUS-1X,198895215316,7
UA,100-S6QVB-P4830M-PARUS-2X,198895215323,9
UA,100-S6QVB-P4830M-PARUS-3X,198895215330,2
UA,100-S6QVB-P4830M-PARUS-L,198895215293,26
UA,100-S6QVB-P4830M-PARUS-M,198895215286,52
UA,100-S6QVB-P4830M-PARUS-S,198895215279,13
UA,100-S6QVB-P4830M-PARUS-XL,198895215309,13
UA,100-S6QVB-P4830M-PARUS-XXS,198895215255,2
UA,100-S6QVB-P4830P-BAYLF-PM,198895305345,19
UA,100-S6QVB-P4830P-BAYLF-PP,198895305321,3
UA,100-S6QVB-P4830P-BAYLF-PS,198895305338,9
UA,100-S6QVB-P4830P-EUCLY-PM,198895285753,26
UA,100-S6QVB-P4830P-EUCLY-PP,198895285739,12
UA,100-S6QVB-P4830P-EUCLY-PS,198895285746,16
UA,100-S6QVB-P4830P-PARUS-PM,198895285838,2
UA,100-S6QVB-P4873M-BAYLF-1X,198895291570,8
UA,100-S6QVB-P4873M-BAYLF-2X,198895291587,11
UA,100-S6QVB-P4873M-BAYLF-3X,198895291594,1
UA,100-S6QVB-P4873M-BAYLF-L,198895291556,23
UA,100-S6QVB-P4873M-BAYLF-M,198895291549,24
UA,100-S6QVB-P4873M-BAYLF-S,198895291532,10
UA,100-S6QVB-P4873M-BAYLF-XL,198895291563,11
UA,100-S6QVB-P4873M-BAYLF-XS,198895291525,10
UA,100-S6QVB-P4873M-PARUS-2X,198895215866,8
UA,100-S6QVB-P4873M-WHITE-1X,198895215941,21
UA,100-S6QVB-P4873M-WHITE-2X,198895215958,22
UA,100-S6QVB-P4873M-WHITE-3X,198895215965,6
UA,100-S6QVB-P4873M-WHITE-L,198895215927,41
UA,100-S6QVB-P4873M-WHITE-M,198895215910,46
UA,100-S6QVB-P4873M-WHITE-S,198895215903,20
UA,100-S6QVB-P4873M-WHITE-XL,198895215934,23
UA,100-S6QVB-P4873M-WHITE-XS,198895215897,7
UA,100-S6QVB-P4873M-WHITE-XXS,198895215880,2
UA,100-S6QVB-P4873P-BAYLF-PP,198895305369,6
UA,100-S6QVB-P4873P-BAYLF-PS,198895305376,6
UA,100-S6QVB-P4873P-WHITE-PL,198895263874,7
UA,100-S6QVB-P4873P-WHITE-PM,198895263867,19
UA,100-S6QVB-P4873P-WHITE-PP,198895263843,16
UA,100-S6QVB-P4873P-WHITE-PS,198895263850,28
UA,100-S6SJP-T6070M-CTRON-1X,198895222390,5
UA,100-S6SJP-T6070M-CTRON-2X,198895222406,2
UA,100-S6SJP-T6070M-CTRON-3X,198895222413,7
UA,100-S6SJP-T6070M-CTRON-L,198895222376,3
UA,100-S6SJP-T6070M-CTRON-M,198895222369,9
UA,100-S6SJP-T6070M-CTRON-S,198895222352,4
UA,100-S6SJP-T6070M-CTRON-XL,198895222383,12
UA,100-S6TFF-D5416M-BLACK-L,198895223601,4
UA,100-S6TFF-D5416M-BLACK-M,198895223595,23
UA,100-S6TFF-D5416M-BLACK-S,198895223588,8
UA,100-S6TFF-D5416M-BLACK-XL,198895223618,9
UA,100-S6TFF-D5416M-BLACK-XS,198895223571,5
UA,100-S6TFF-D5416M-BLACK-XXS,198895223564,3
UA,100-S6TFF-D5416M-EUCLY-1X,198895223717,7
UA,100-S6TFF-D5416M-EUCLY-2X,198895223724,8
UA,100-S6TFF-D5416M-EUCLY-3X,198895223731,8
UA,100-S6TFF-D5416M-EUCLY-L,198895223694,21
UA,100-S6TFF-D5416M-EUCLY-M,198895223687,37
UA,100-S6TFF-D5416M-EUCLY-S,198895223670,17
UA,100-S6TFF-D5416M-EUCLY-XL,198895223700,23
UA,100-S6TFF-D5416M-EUCLY-XS,198895223663,10
UA,100-S6TFF-D5416M-EUCLY-XXS,198895223656,3
UA,100-S6TFF-D5416P-BLACK-PL,198895286323,11
UA,100-S6TFF-D5416P-BLACK-PM,198895286316,22
UA,100-S6TFF-D5416P-BLACK-PP,198895286293,6
UA,100-S6TFF-D5416P-BLACK-PS,198895286309,21
UA,100-S6TFF-D5416P-EUCLY-PL,198895286361,24
UA,100-S6TFF-D5416P-EUCLY-PM,198895286354,14
UA,100-S6TFF-D5416P-EUCLY-PP,198895286330,7
UA,100-S6TFF-D5416P-EUCLY-PS,198895286347,22
UA,100-S6TFF-P4366M-BLACK-1X,198895224257,19
UA,100-S6TFF-P4366M-BLACK-2X,198895224264,14
UA,100-S6TFF-P4366M-BLACK-L,198895224233,28
UA,100-S6TFF-P4366M-BLACK-M,198895224226,46
UA,100-S6TFF-P4366M-BLACK-S,198895224219,47
UA,100-S6TFF-P4366M-BLACK-XL,198895224240,20
UA,100-S6TFF-P4366M-BLACK-XS,198895224202,10
UA,100-S6TFF-P4366M-BLACK-XXS,198895224196,8
UA,100-S6TFF-P4366M-EUCLY-1X,198895224349,14
UA,100-S6TFF-P4366M-EUCLY-2X,198895224356,8
UA,100-S6TFF-P4366M-EUCLY-3X,198895224363,4
UA,100-S6TFF-P4366M-EUCLY-L,198895224325,37
UA,100-S6TFF-P4366M-EUCLY-M,198895224318,33
UA,100-S6TFF-P4366M-EUCLY-S,198895224301,24
UA,100-S6TFF-P4366M-EUCLY-XL,198895224332,30
UA,100-S6TFF-P4366M-EUCLY-XS,198895224295,20
UA,100-S6TFF-P4366M-EUCLY-XXS,198895224288,6
UA,100-S6TJH-P4900M-BLACK-3X,198895227296,8
UA,100-S6TJH-P4900M-BLACK-L,198895227258,40
UA,100-S6TJH-P4900M-BLACK-M,198895227241,16
UA,100-S6TJH-P4900M-BLACK-XL,198895227265,17
UA,100-S6TJH-P4900M-FSTFL-1X,198895227364,12
UA,100-S6TJH-P4900M-FSTFL-2X,198895227371,7
UA,100-S6TJH-P4900M-FSTFL-3X,198895227388,3
UA,100-S6TJH-P4900M-FSTFL-L,198895227340,53
UA,100-S6TJH-P4900M-FSTFL-M,198895227333,59
UA,100-S6TJH-P4900M-FSTFL-S,198895227326,33
UA,100-S6TJH-P4900M-FSTFL-XL,198895227357,25
UA,100-S6TJH-P4900M-FSTFL-XS,198895227319,18
UA,100-S6TJH-P4900M-FSTFL-XXS,198895227302,5
UA,100-S6TJH-P4900P-FSTFL-PL,198895264031,21
UA,100-S6TJH-P4900P-FSTFL-PM,198895264024,25
UA,100-S6TJH-P4900P-FSTFL-PP,198895264000,7
UA,100-S6TJH-P4900P-FSTFL-PS,198895264017,20
UA,100-S6TJX-J5822M-BLACK-1X,198895227548,27
UA,100-S6TJX-J5822M-BLACK-2X,198895227555,21
UA,100-S6TJX-J5822M-BLACK-3X,198895227562,13
UA,100-S6TJX-J5822M-BLACK-L,198895227524,46
UA,100-S6TJX-J5822M-BLACK-M,198895227517,69
UA,100-S6TJX-J5822M-BLACK-S,198895227500,30
UA,100-S6TJX-J5822M-BLACK-XL,198895227531,33
UA,100-S6TJX-J5822M-BLACK-XS,198895227494,17
UA,100-S6TJX-J5822M-BLACK-XXS,198895227487,5
UA,100-S6TJX-J5831M-BLACK-1X,198895227630,16
UA,100-S6TJX-J5831M-BLACK-2X,198895227647,14
UA,100-S6TJX-J5831M-BLACK-3X,198895227654,9
UA,100-S6TJX-J5831M-BLACK-L,198895227616,43
UA,100-S6TJX-J5831M-BLACK-M,198895227609,47
UA,100-S6TJX-J5831M-BLACK-S,198895227593,18
UA,100-S6TJX-J5831M-BLACK-XL,198895227623,21
UA,100-S6TJX-J5831M-BLACK-XS,198895227586,12
UA,100-S6TJX-J5831M-BLACK-XXS,198895227579,6
UA,100-S6TJX-J5831M-PARUS-1X,198895227722,1
UA,100-S6TJX-J5831M-PARUS-2X,198895227739,5
UA,100-S6TJX-J5831M-PARUS-3X,198895227746,3
UA,100-S6TJX-J5831M-PARUS-L,198895227708,20
UA,100-S6TJX-J5831M-PARUS-M,198895227692,20
UA,100-S6TJX-J5831M-PARUS-XL,198895227715,14
UA,100-S6TJX-J5831M-PARUS-XS,198895227678,8
UA,100-S6TJX-J5831M-PARUS-XXS,198895227661,3
UA,100-S6TJX-J5831P-BLACK-PL,198895286484,21
UA,100-S6TJX-J5831P-BLACK-PM,198895286477,18
UA,100-S6TJX-J5831P-BLACK-PP,198895286453,8
UA,100-S6TJX-J5831P-BLACK-PS,198895286460,12
UA,100-S6TJX-J5831P-PARUS-PL,198895286521,20
UA,100-S6TJX-J5831P-PARUS-PM,198895286514,10
UA,100-S6TJX-J5831P-PARUS-PP,198895286491,3
UA,100-S6TJX-J5831P-PARUS-PS,198895286507,1
UA,100-S6TJX-P0696M-FSTFL-2X,198895227838,1
UA,100-S6TJX-P0696M-FSTFL-3X,198895227845,1
UA,100-S6TJX-P0696M-FSTFL-L,198895227807,13
UA,100-S6TJX-P0696M-FSTFL-M,198895227791,23
UA,100-S6TJX-P0696M-FSTFL-S,198895227784,2
UA,100-S6TJX-P0696M-FSTFL-XL,198895227814,3
UA,100-S6TJX-P0696M-FSTFL-XS,198895227777,3
UA,100-S6TJX-P0696P-FSTFL-PP,198895286538,4
UA,100-S6TKO-P0696M-EUCLY-1X,198895227913,4
UA,100-S6TKO-P0696M-EUCLY-2X,198895227920,5
UA,100-S6TKO-P0696M-EUCLY-3X,198895227937,4
UA,100-S6TKO-P0696M-EUCLY-L,198895227890,20
UA,100-S6TKO-P0696M-EUCLY-M,198895227883,32
UA,100-S6TKO-P0696M-EUCLY-S,198895227876,14
UA,100-S6TKO-P0696M-EUCLY-XL,198895227906,16
UA,100-S6TKO-P0696M-EUCLY-XS,198895227869,6
UA,100-S6TKO-P0696M-EUCLY-XXS,198895227852,3
UA,100-S6TKO-P0696P-EUCLY-PL,198895286606,7
UA,100-S6TKO-P0696P-EUCLY-PM,198895286590,8
UA,100-S6TKO-P0696P-EUCLY-PP,198895286576,5
UA,100-S6TZS-A2363M-PARUS-OS,198895230944,3
UA,100-S6ULO-P4850M-BLACK-L,198895231064,10
UA,100-S6ULO-P4850M-BLACK-XL,198895231071,5
UA,100-S6ULO-P4850M-BLACK-XXS,198895231026,1
UA,100-S6ULO-P4850M-EUCLY-1X,198895231170,10
UA,100-S6ULO-P4850M-EUCLY-2X,198895231187,7
UA,100-S6ULO-P4850M-EUCLY-3X,198895231194,3
UA,100-S6ULO-P4850M-EUCLY-L,198895231156,28
UA,100-S6ULO-P4850M-EUCLY-M,198895231149,22
UA,100-S6ULO-P4850M-EUCLY-S,198895231132,8
UA,100-S6ULO-P4850M-EUCLY-XL,198895231163,24
UA,100-S6ULO-P4850M-PARUS-1X,198895231262,6
UA,100-S6ULO-P4850M-PARUS-2X,198895231279,5
UA,100-S6ULO-P4850M-PARUS-3X,198895231286,3
UA,100-S6ULO-P4850M-PARUS-XL,198895231255,29
UA,100-S6ULO-P4850P-BLACK-PL,198895286767,41
UA,100-S6ULO-P4850P-BLACK-PM,198895286750,52
UA,100-S6ULO-P4850P-BLACK-PP,198895286736,5
UA,100-S6ULO-P4850P-BLACK-PS,198895286743,29
UA,100-S6ULO-T6373M-BLACK-3X,198895231378,4
UA,100-S6ULO-T6373M-BLACK-M,198895231323,28
UA,100-S6ULO-T6373M-BLACK-S,198895231316,21
UA,100-S6ULO-T6373M-BLACK-XS,198895231309,9
UA,100-S6ULO-T6373M-BLACK-XXS,198895231293,16
UA,100-S6ULO-T6373M-EUCLY-1X,198895307936,2
UA,100-S6ULO-T6373M-EUCLY-2X,198895307943,8
UA,100-S6ULO-T6373M-EUCLY-3X,198895307950,7
UA,100-S6ULO-T6373M-EUCLY-L,198895307912,36
UA,100-S6ULO-T6373M-EUCLY-M,198895307905,37
UA,100-S6ULO-T6373M-EUCLY-S,198895307899,27
UA,100-S6ULO-T6373M-EUCLY-XL,198895307929,22
UA,100-S6ULO-T6373M-EUCLY-XS,198895307882,22
UA,100-S6ULO-T6373M-EUCLY-XXS,198895307875,13
UA,100-S6ULO-T6373M-PARUS-XS,198895231392,5
UA,100-S6ULO-T6373M-PARUS-XXS,198895231385,7
UA,100-S6VPD-V1360M-BLACK-1X,198895231743,8
UA,100-S6VPD-V1360M-BLACK-2X,198895231750,10
UA,100-S6VPD-V1360M-BLACK-3X,198895231767,6
UA,100-S6VPD-V1360M-BLACK-L,198895231729,31
UA,100-S6VPD-V1360M-BLACK-M,198895231712,40
UA,100-S6VPD-V1360M-BLACK-S,198895231705,21
UA,100-S6VPD-V1360M-BLACK-XL,198895231736,18
UA,100-S6VPD-V1360M-BLACK-XS,198895231699,7
UA,100-S6VPD-V1360M-BLACK-XXS,198895231682,1
UA,100-S6VPD-V1360M-ECRU-1X,198895299590,19
UA,100-S6VPD-V1360M-ECRU-2X,198895299606,15
UA,100-S6VPD-V1360M-ECRU-3X,198895299613,8
UA,100-S6VPD-V1360M-ECRU-L,198895299576,43
UA,100-S6VPD-V1360M-ECRU-M,198895299569,46
UA,100-S6VPD-V1360M-ECRU-S,198895299552,19
UA,100-S6VPD-V1360M-ECRU-XL,198895299583,23
UA,100-S6VPD-V1360M-ECRU-XS,198895299545,13
UA,100-S6VPD-V1360M-ECRU-XXS,198895299538,4
UA,100-S6VPH-K5465M-BLACK-1X,198895231927,19
UA,100-S6VPH-K5465M-BLACK-2X,198895231934,11
UA,100-S6VPH-K5465M-BLACK-3X,198895231941,2
UA,100-S6VPH-K5465M-BLACK-L,198895231903,43
UA,100-S6VPH-K5465M-BLACK-M,198895231897,55
UA,100-S6VPH-K5465M-BLACK-S,198895231880,29
UA,100-S6VPH-K5465M-BLACK-XL,198895231910,30
UA,100-S6VPH-K5465M-BLACK-XS,198895231873,12
UA,100-S6VPH-K5465M-BLACK-XXS,198895231866,9
UA,100-S6VPH-K5465M-EUCLY-L,198895231996,32
UA,100-S6VPH-K5465M-EUCLY-M,198895231989,36
UA,100-S6VPH-K5465M-EUCLY-S,198895231972,25
UA,100-S6VPH-K5465M-EUCLY-XL,198895232009,31
UA,100-S6VPT-W6273M-BLACK-1X,198895232191,7
UA,100-S6VPT-W6273M-BLACK-2X,198895232207,5
UA,100-S6VPT-W6273M-BLACK-3X,198895232214,4
UA,100-S6VPT-W6273M-BLACK-L,198895232177,40
UA,100-S6VPT-W6273M-BLACK-M,198895232160,53
UA,100-S6VPT-W6273M-BLACK-S,198895232153,44
UA,100-S6VPT-W6273M-BLACK-XL,198895232184,18
UA,100-S6VPT-W6273M-BLACK-XS,198895232146,30
UA,100-S6VPT-W6273M-BLACK-XXS,198895232139,15
UA,100-S6VPT-W6273M-EUCLY-1X,198895232283,10
UA,100-S6VPT-W6273M-EUCLY-2X,198895232290,8
UA,100-S6VPT-W6273M-EUCLY-3X,198895232306,6
UA,100-S6VPT-W6273M-EUCLY-L,198895232269,28
UA,100-S6VPT-W6273M-EUCLY-M,198895232252,47
UA,100-S6VPT-W6273M-EUCLY-S,198895232245,39
UA,100-S6VPT-W6273M-EUCLY-XL,198895232276,18
UA,100-S6VPT-W6273M-EUCLY-XS,198895232238,22
UA,100-S6VPT-W6273M-EUCLY-XXS,198895232221,13
UA,100-S6VPT-W6273M-RIVER-1X,198895361952,9
UA,100-S6VPT-W6273M-RIVER-2X,198895361969,8
UA,100-S6VPT-W6273M-RIVER-3X,198895361976,5
UA,100-S6VPT-W6273M-RIVER-L,198895361938,28
UA,100-S6VPT-W6273M-RIVER-M,198895361921,46
UA,100-S6VPT-W6273M-RIVER-S,198895361914,39
UA,100-S6VPT-W6273M-RIVER-XL,198895361945,16
UA,100-S6VPT-W6273M-RIVER-XS,198895361907,22
UA,100-S6VPT-W6273M-RIVER-XXS,198895361891,13
UA,100-S6WYT-T6449M-WHITE-1X,198895232733,18
UA,100-S6WYT-T6449M-WHITE-2X,198895232740,15
UA,100-S6WYT-T6449M-WHITE-3X,198895232757,8
UA,100-S6WYT-T6449M-WHITE-L,198895232719,29
UA,100-S6WYT-T6449M-WHITE-M,198895232702,41
UA,100-S6WYT-T6449M-WHITE-S,198895232696,22
UA,100-S6WYT-T6449M-WHITE-XL,198895232726,23
UA,100-S6WYT-T6449M-WHITE-XS,198895232689,10
UA,100-S6WYT-T6449M-WHITE-XXS,198895232672,4
UA,100-S6XJU-T6189M-BLACK-1X,198895233013,8
UA,100-S6XJU-T6189M-BLACK-2X,198895233020,6
UA,100-S6XJU-T6189M-BLACK-3X,198895233037,1
UA,100-S6XJU-T6189M-BLACK-L,198895232993,26
UA,100-S6XJU-T6189M-BLACK-M,198895232986,17
UA,100-S6XJU-T6189M-BLACK-S,198895232979,22
UA,100-S6XJU-T6189M-BLACK-XL,198895233006,4
UA,100-S6XJU-T6189M-BLACK-XS,198895232962,12
UA,100-S6XJU-T6189M-EUCLY-2X,198895233204,2
UA,100-S6XJU-T6189M-EUCLY-3X,198895233211,2
UA,100-S6XJU-T6189M-EUCLY-L,198895233174,9
UA,100-S6XJU-T6189M-EUCLY-M,198895233167,28
UA,100-S6XJU-T6189M-EUCLY-S,198895233150,12
UA,100-S6XJU-T6189M-EUCLY-XL,198895233181,3
UA,100-S6XJU-T6189M-EUCLY-XS,198895233143,7
UA,100-S6XJU-T6189M-WHITE-1X,198895233372,13
UA,100-S6XJU-T6189M-WHITE-2X,198895233389,12
UA,100-S6XJU-T6189M-WHITE-3X,198895233396,7
UA,100-S6XJU-T6189M-WHITE-L,198895233358,30
UA,100-S6XJU-T6189M-WHITE-M,198895233341,30
UA,100-S6XJU-T6189M-WHITE-S,198895233334,19
UA,100-S6XJU-T6189M-WHITE-XL,198895233365,22
UA,100-S6XJU-T6189M-WHITE-XS,198895233327,15
UA,100-S6XJU-T6189M-WHITE-XXS,198895233310,2
UA,100-S6YUR-W6260M-BLACK-1X,198895235642,12
UA,100-S6YUR-W6260M-BLACK-2X,198895235659,9
UA,100-S6YUR-W6260M-BLACK-3X,198895235666,6
UA,100-S6YUR-W6260M-BLACK-L,198895235628,38
UA,100-S6YUR-W6260M-BLACK-M,198895235611,57
UA,100-S6YUR-W6260M-BLACK-S,198895235604,42
UA,100-S6YUR-W6260M-BLACK-XL,198895235635,23
UA,100-S6YUR-W6260M-BLACK-XS,198895235598,24
UA,100-S6YUR-W6260M-BLACK-XXS,198895235581,13
UA,100-S6YUR-W6260M-CTRON-1X,198895235734,8
UA,100-S6YUR-W6260M-CTRON-2X,198895235741,7
UA,100-S6YUR-W6260M-CTRON-3X,198895235758,4
UA,100-S6YUR-W6260M-CTRON-L,198895235710,28
UA,100-S6YUR-W6260M-CTRON-M,198895235703,43
UA,100-S6YUR-W6260M-CTRON-S,198895235697,29
UA,100-S6YUR-W6260M-CTRON-XL,198895235727,18
UA,100-S6YUR-W6260M-CTRON-XS,198895235680,16
UA,100-S6YUR-W6260M-CTRON-XXS,198895235673,6
UA,100-S6YUR-W6260M-EUCLY-1X,198895235826,8
UA,100-S6YUR-W6260M-EUCLY-2X,198895235833,8
UA,100-S6YUR-W6260M-EUCLY-3X,198895235840,4
UA,100-S6YUR-W6260M-EUCLY-L,198895235802,22
UA,100-S6YUR-W6260M-EUCLY-M,198895235796,39
UA,100-S6YUR-W6260M-EUCLY-S,198895235789,30
UA,100-S6YUR-W6260M-EUCLY-XL,198895235819,14
UA,100-S6YUR-W6260M-EUCLY-XS,198895235772,15
UA,100-S6YUR-W6260M-EUCLY-XXS,198895235765,10
UA,100-S6YUR-W6260M-PARUS-1X,198895308025,6
UA,100-S6YUR-W6260M-PARUS-2X,198895308032,4
UA,100-S6YUR-W6260M-PARUS-3X,198895308049,2
UA,100-S6YUR-W6260M-PARUS-L,198895308001,28
UA,100-S6YUR-W6260M-PARUS-M,198895307998,34
UA,100-S6YUR-W6260M-PARUS-S,198895307981,21
UA,100-S6YUR-W6260M-PARUS-XL,198895308018,15
UA,100-S6YUR-W6260M-PARUS-XS,198895307974,12
UA,100-S6YUR-W6260M-PARUS-XXS,198895307967,6
UA,100-SBBSR-W6011M-BLACK-2X,197223963240,1
UA,100-SBIZ1-T6005M-BLACK-1X,197223906629,2
UA,100-SBIZ1-T6005M-BLACK-M,197223906599,1
UA,100-SBIZ1-T6005M-BLACK-S,197223906582,24
UA,100-SBIZ1-T6005M-BLACK-XS,197223906575,1
UA,100-SBIZ1-T6005M-WHITE-3X,197223906742,11
UA,100-SBIZ1-T6005M-WHITE-L,197223906704,15
UA,100-SBIZ1-T6005M-WHITE-M,197223906698,14
UA,100-SBIZ1-T6005M-WHITE-S,197223906681,11
UA,100-SBIZ1-T6005M-WHITE-XL,197223906711,3
UA,100-SBIZ1-T6005M-WHITE-XS,197223906674,7
UA,100-SBIZ1-T6005M-WHITE-XXS,197223906667,3
UA,100-SBOJH-U2372M-BLACK-1X,197223954255,4
UA,100-SBOJH-U2372M-BLACK-2X,197223954262,4
UA,100-SBOJH-U2372M-BLACK-3X,197223954279,9
UA,100-SBOJH-U2372M-BLACK-L,197223954231,15
UA,100-SBOJH-U2372M-BLACK-M,197223954224,38
UA,100-SBOJH-U2372M-BLACK-S,197223954217,18
UA,100-SBOJH-U2372M-BLACK-XL,197223954248,5
UA,100-SBOJH-U2372M-BLACK-XS,197223954200,5
UA,100-SBOJH-U2372M-BLACK-XXS,197223954194,10
UA,100-SBOJH-U2372M-WHITE-3X,197223954378,8
UA,100-SBRII-P4700M-UNNAT-1X,197223988205,4
UA,100-SBRII-P4700M-UNNAT-2X,197223988212,7
UA,100-SBRII-P4700M-UNNAT-3X,197223988229,3
UA,100-SBRII-P4700M-UNNAT-XL,197223988199,1
UA,100-SBRII-P4701M-UNNAT-1X,197223988304,40
UA,100-SBRII-P4701M-UNNAT-2X,197223988311,15
UA,100-SBRII-P4701M-UNNAT-3X,197223988328,10
UA,100-SBRII-P4701M-UNNAT-M,197223988274,1
UA,100-SBRII-P4701M-UNNAT-XL,197223988298,36
UA,100-SBRII-P4701M-WHITE-1X,197223978008,38
UA,100-SBRII-P4701M-WHITE-2X,197223978015,29
UA,100-SBRII-P4701M-WHITE-3X,197223978022,19
UA,100-SBRII-P4701M-WHITE-L,197223977988,33
UA,100-SBRII-P4701M-WHITE-XL,197223977995,42
UA,100-SBRII-P4794M-UNNAT-2X,197223988410,2
UA,100-SBRII-P4794M-UNNAT-3X,197223988427,4
UA,100-SBRII-P4794M-UNNAT-L,197223988380,3
UA,100-SBRII-P4794M-UNNAT-XL,197223988397,16
UA,100-SBRII-P4794M-WHITE-1X,197223929451,18
UA,100-SBRII-P4794M-WHITE-2X,197223929468,19
UA,100-SBRII-P4794M-WHITE-3X,197223929475,6
UA,100-SBRII-P4794M-WHITE-L,197223929437,63
UA,100-SBRII-P4794M-WHITE-M,197223929420,25
UA,100-SBRII-P4794M-WHITE-S,197223929413,21
UA,100-SBRII-P4794M-WHITE-XL,197223929444,23
UA,100-SBTFF-D5320M-BLACK-XXS,197223906865,9
UA,100-SBXJU-U4395M-BLACK-1X,197223963431,2
UA,100-SBXJU-U4395M-BLACK-L,197223963417,11
UA,100-SBXJU-U4395M-BLACK-M,197223963400,21
UA,100-SBXJU-U4395M-BLACK-S,197223963394,5
UA,100-SBXJU-U4395M-BLACK-XL,197223963424,5
UA,100-SBXJU-U4395M-BLACK-XS,197223963387,1
UA,100-SBXJU-U4395M-WHITE-L,197223963516,5
UA,100-SBXJU-U4395M-WHITE-S,197223963493,1
UA,100-SBXJU-U4395M-WHITE-XL,197223963523,2
UA,100-SBXJU-U4395M-WHITE-XS,197223963486,2
TH,100-F5AIS-V1354M-SESLT-1X,198895003753,35
TH,100-F5AIS-V1354M-SESLT-L,198895003739,28
TH,100-F5AIS-V1354M-SESLT-M,198895003722,30
TH,100-F5AIS-V1354M-SESLT-XL,198895003746,30
TH,100-F5AIS-W6243M-ALPNE-2X,198895098988,6
TH,100-F5AIS-W6243M-ALPNE-3X,198895098995,6
TH,100-F5AIS-W6243M-BLACK-1X,198895003937,7
TH,100-F5AIS-W6243M-BLACK-3X,198895003951,8
TH,100-F5AIS-W6243M-BLACK-XL,198895003920,9
TH,100-F5AIS-W6243M-SESLT-1X,198895004293,19
TH,100-F5AIS-W6243M-SESLT-2X,198895004309,10
TH,100-F5AIS-W6243M-SESLT-3X,198895004316,13
TH,100-F5AIS-W6243M-SESLT-L,198895004279,24
TH,100-F5AIS-W6243M-SESLT-M,198895004262,22
TH,100-F5AIS-W6243M-SESLT-XL,198895004286,28
TH,100-F5AIX-W6220M-ROYAL-1X,198895004927,10
TH,100-F5AIX-W6220M-ROYAL-2X,198895004934,6
TH,100-F5AIX-W6220M-ROYAL-3X,198895004941,9
TH,100-F5AIX-W6220M-ROYAL-L,198895004903,91
TH,100-F5AIX-W6220M-ROYAL-M,198895004897,73
TH,100-F5AIX-W6220M-ROYAL-S,198895004880,44
TH,100-F5AIX-W6220M-ROYAL-XL,198895004910,52
TH,100-F5AIX-W6220M-ROYAL-XS,198895004873,44
TH,100-F5AIX-W6220M-ROYAL-XXS,198895004866,36
TH,100-F5AIX-W6220M-WHEAT-1X,198895005016,38
TH,100-F5AIX-W6220M-WHEAT-2X,198895005023,19
TH,100-F5AIX-W6220M-WHEAT-3X,198895005030,17
TH,100-F5AIX-W6220M-WHEAT-L,198895004996,41
TH,100-F5AIX-W6220M-WHEAT-M,198895004989,35
TH,100-F5AIX-W6220M-WHEAT-S,198895004972,30
TH,100-F5AIX-W6220M-WHEAT-XL,198895005009,49
TH,100-F5AIX-W6220M-WHEAT-XXS,198895004958,9
TH,100-F5AJH-T6368M-ALPNE-XXS,198895005672,24
TH,100-F5AJH-T6368M-BLACK-1X,198895091460,2
TH,100-F5AJH-T6368M-BLACK-L,198895091446,43
TH,100-F5AJH-T6368M-BLACK-M,198895091439,80
TH,100-F5AJH-T6368M-BLACK-S,198895091422,72
TH,100-F5AJH-T6368M-BLACK-XL,198895091453,4
TH,100-F5AJH-T6368M-BLACK-XS,198895091415,30
TH,100-F5AJH-T6368M-BLACK-XXS,198895091408,17
TH,100-F5AJH-T6368M-WHITE-M,198895005795,3
TH,100-F5AJH-T6368M-WHITE-XS,198895005771,7
TH,100-F5AJH-T6368M-WHITE-XXS,198895005764,3
TH,100-F5AKD-T6368M-MYRTL-XS,198895006082,8
TH,100-F5BBO-W6226M-ALPNE-3X,198895007713,5
TH,100-F5BBO-W6226M-SESLT-2X,198895008062,11
TH,100-F5BDE-P4882M-BLACK-1X,198895008857,24
TH,100-F5BDE-P4882M-BLACK-2X,198895008864,3
TH,100-F5BDE-P4882M-BLACK-L,198895008833,15
TH,100-F5BDE-P4882M-BLACK-M,198895008826,33
TH,100-F5BDE-P4882M-BLACK-S,198895008819,21
TH,100-F5BDE-P4882M-BLACK-XL,198895008840,7
TH,100-F5BDE-P4882M-MDNGO-1X,198895008949,28
TH,100-F5BDE-P4882M-MDNGO-2X,198895008956,6
TH,100-F5BDE-P4882M-MDNGO-L,198895008925,23
TH,100-F5BDE-P4882M-MDNGO-M,198895008918,40
TH,100-F5BDE-P4882M-MDNGO-S,198895008901,11
TH,100-F5BDE-P4882M-MDNGO-XL,198895008932,42
TH,100-F5BDE-P4882P-BLACK-PL,198895091613,10
TH,100-F5BDE-P4882P-BLACK-PS,198895091590,1
TH,100-F5BDE-P4882P-MDNGO-PM,198895091644,24
TH,100-F5BDE-P4882P-MDNGO-PS,198895091637,12
TH,100-F5BDE-P4887M-CLIND-XXS,198895008970,4
TH,100-F5BDE-P4887M-MDNGO-M,198895009090,3
TH,100-F5BDE-P4888M-CLIND-2X,198895009304,3
TH,100-F5BDE-P4888M-CLIND-S,198895009250,8
TH,100-F5BDE-P4888M-DPIND-1X,198895136161,12
TH,100-F5BDE-P4888M-MDNGO-1X,198895009380,9
TH,100-F5BDE-P4888M-MDNGO-2X,198895009397,7
TH,100-F5BDE-P4888M-MDNGO-S,198895009342,18
TH,100-F5BFG-T6175M-BLACK-XXS,198895009670,34
TH,100-F5BFK-T6175M-DOVE-3X,198895012274,9
TH,100-F5BFK-T6175M-NMBUS-3X,198895113414,12
TH,100-F5BOB-P4593M-CHALK-1X,198895013509,9
TH,100-F5BOB-P4698M-BISCU-1X,198895013776,29
TH,100-F5BOB-P4698M-BISCU-2X,198895013783,18
TH,100-F5BOB-P4698M-BISCU-3X,198895013790,13
TH,100-F5BOB-P4698M-BISCU-L,198895013752,41
TH,100-F5BOB-P4812M-BISCU-2X,198895014148,15
TH,100-F5BOB-P4812M-BISCU-3X,198895014155,10
TH,100-F5BQB-P4812M-CHAR-3X,198895015046,5
TH,100-F5BSR-W6185M-BLACK-1X,198895015688,8
TH,100-F5BSR-W6185M-BLACK-2X,198895015695,7
TH,100-F5BSR-W6185M-BLACK-3X,198895015701,6
TH,100-F5BSR-W6185M-BLACK-L,198895015664,21
TH,100-F5BSR-W6185M-BLACK-S,198895015640,8
TH,100-F5BSR-W6185M-BLACK-XS,198895015633,10
TH,100-F5BSR-W6185M-DALIA-3X,198895015886,3
TH,100-F5BSR-W6185M-DRGFY-1X,198895015954,7
TH,100-F5BSR-W6185M-DRGFY-S,198895015916,18
TH,100-F5BSR-W6185M-DRGFY-XL,198895015947,31
TH,100-F5BSR-W6185M-MYRTL-1X,198895016043,14
TH,100-F5BSR-W6185M-MYRTL-2X,198895016050,5
TH,100-F5BSR-W6185M-MYRTL-XL,198895016036,16
TH,100-F5BWQ-J5810M-BLACK-1X,198895016760,13
TH,100-F5BWQ-J5810M-BLACK-2X,198895016777,6
TH,100-F5BWQ-J5810M-BLACK-3X,198895016784,6
TH,100-F5BWQ-J5810M-SESLT-3X,198895016968,15
TH,100-F5BWQ-V1355M-RUBY-XXS,198895017965,8
TH,100-F5BWQ-V1355M-WINE-XXS,198895018146,12
TH,100-F5CEA-W6247M-DOVE-1X,198895018382,7
TH,100-F5CEA-W6247M-DOVE-2X,198895018399,4
TH,100-F5CEA-W6247M-DOVE-3X,198895018405,5
TH,100-F5CED-W5164M-ABGNE-S,198895163365,8
TH,100-F5CED-W5164M-ABGNE-XL,198895163396,2
TH,100-F5CED-W5164M-PLUME-L,198895122874,13
TH,100-F5CED-W5164M-PLUME-S,198895122850,5
TH,100-F5CED-W5164M-PLUME-XS,198895122843,15
TH,100-F5CED-W5164M-PLUME-XXS,198895122836,4
TH,100-F5CHY-W6261M-BLACK-1X,198895123093,20
TH,100-F5CHY-W6261M-BLACK-2X,198895123109,14
TH,100-F5CHY-W6261M-BLACK-3X,198895123116,5
TH,100-F5CHY-W6261M-BLACK-XXS,198895123031,21
TH,100-F5CHY-W6261M-BRNCH-L,198895123178,17
TH,100-F5CHY-W6261M-BRNCH-M,198895123161,7
TH,100-F5CHY-W6261M-BRNCH-XL,198895123185,15
TH,100-F5CHY-W6261M-MLGRP-L,198895163600,13
TH,100-F5CHY-W6261M-MLGRP-M,198895163594,28
TH,100-F5CHY-W6261M-MLGRP-XL,198895163617,9
TH,100-F5CVY-W6218M-BLACK-1X,198895021351,12
TH,100-F5CVY-W6218M-BLACK-3X,198895021375,5
TH,100-F5CVY-W6218M-BLACK-L,198895021337,35
TH,100-F5CVY-W6218M-BLACK-XL,198895021344,30
TH,100-F5CVY-W6218M-BLACK-XS,198895021306,41
TH,100-F5CVY-W6218M-BLACK-XXS,198895021290,20
TH,100-F5CVY-W6218M-IVORY-1X,198895021443,9
TH,100-F5CVY-W6218M-IVORY-2X,198895021450,11
TH,100-F5CVY-W6218M-IVORY-3X,198895021467,8
TH,100-F5CVY-W6218M-IVORY-XXS,198895021382,37
TH,100-F5DFJ-J5823M-BONE-1X,198895163754,18
TH,100-F5DFJ-J5823M-BONE-2X,198895163761,13
TH,100-F5DFJ-J5823M-BONE-3X,198895163778,9
TH,100-F5DFJ-J5823M-BONE-S,198895163716,8
TH,100-F5DFJ-J5823M-BONE-XS,198895163709,2
TH,100-F5DFJ-V1357M-BONE-1X,198895163846,7
TH,100-F5DFJ-V1357M-BONE-2X,198895163853,6
TH,100-F5DFJ-V1357M-BONE-L,198895163822,14
TH,100-F5DFJ-V1357M-BONE-M,198895163815,9
TH,100-F5DFJ-V1357M-BONE-XL,198895163839,10
TH,100-F5DFJ-V1357M-BONE-XXS,198895163785,11
TH,100-F5DKS-K5469M-DKPRL-XL,198895148652,17
TH,100-F5DKS-K5469M-DKPRL-XS,198895148614,8
TH,100-F5DKS-K5469M-DKPRL-XXS,198895148607,5
TH,100-F5DKS-N1586M-DKPRL-1X/2X,198895238414,13
TH,100-F5DKS-N1586M-DKPRL-L/XL,198895238407,10
TH,100-F5DKS-W6243M-DKPRL-XL,198895123383,7
TH,100-F5GEZ-C2164M-BISCU-1X,198895038274,21
TH,100-F5GEZ-C2164M-BISCU-2X,198895038281,12
TH,100-F5GEZ-C2164M-BISCU-3X,198895038298,10
TH,100-F5GEZ-C2164M-BISCU-M,198895038243,26
TH,100-F5GEZ-C2164M-BISCU-S,198895038236,17
TH,100-F5GEZ-C2164M-BLACK-M,198895038335,44
TH,100-F5GEZ-C2164M-BLACK-S,198895038328,28
TH,100-F5GGR-C2160M-BLACK-1X,198895039080,15
TH,100-F5GGR-C2160M-BLACK-L,198895039066,23
TH,100-F5GGR-C2160M-BLACK-M,198895039059,25
TH,100-F5JNZ-P4896M-BLACK-XL,198895150273,21
TH,100-F5KRS-T6172M-ROYAL-3X,198895045272,6
TH,100-F5KRS-T6172M-ROYAL-S,198895045210,21
TH,100-F5KRS-T6172M-ROYAL-XS,198895045203,29
TH,100-F5KRS-T6172M-ROYAL-XXS,198895045197,24
TH,100-F5KRS-T6172M-RYE-XXS,198895045289,10
TH,100-F5KRS-T6387M-ALPNE-XXS,198895045555,19
TH,100-F5KRS-T6387M-BLACK-XXS,198895045739,17
TH,100-F5KRS-T6387M-MYRTL-XXS,198895045821,21
TH,100-F5KRS-T6387M-ROYAL-XS,198895046019,9
TH,100-F5KRS-T6387M-ROYAL-XXS,198895046002,27
TH,100-F5KRS-T6387M-WDLND-XXS,198895046095,15
TH,100-F5KRS-T6539M-CASIS-XXS,198895046545,15
TH,100-F5KRS-T6539M-ULTRV-XXS,198895165581,42
TH,100-F5KSE-T6262M-BLACK-3X,198895048327,4
TH,100-F5KSE-T6262M-BLACK-L,198895048280,15
TH,100-F5KSE-T6262M-BLACK-M,198895048273,34
TH,100-F5KSE-T6262M-BLACK-S,198895048266,10
TH,100-F5KSE-T6262M-BLACK-XS,198895048259,8
TH,100-F5KSE-T6262M-BLACK-XXS,198895048242,10
TH,100-F5KSE-T6372M-BLACK-1X,198895048488,11
TH,100-F5KSE-T6372M-BLACK-2X,198895048495,5
TH,100-F5KSE-T6372M-BLACK-3X,198895048501,10
TH,100-F5KSE-T6372M-BLACK-L,198895048464,32
TH,100-F5KSE-T6372M-BLACK-M,198895048457,22
TH,100-F5KSE-T6372M-BLACK-S,198895048440,11
TH,100-F5KSE-T6372M-BLACK-XL,198895048471,20
TH,100-F5KSE-T6372M-BLACK-XS,198895048433,6
TH,100-F5KSE-U4413M-BLACK-2X,198895048587,7
TH,100-F5KSE-U4413M-BLACK-3X,198895048594,3
TH,100-F5KSE-U4413M-BLACK-XL,198895048563,18
TH,100-F5KSE-U4413M-IVORY-1X,198895048662,14
TH,100-F5KSE-U4413M-IVORY-2X,198895048679,15
TH,100-F5KSE-U4413M-IVORY-3X,198895048686,9
TH,100-F5KSE-U4413M-IVORY-L,198895048648,17
TH,100-F5KSE-U4413M-IVORY-M,198895048631,7
TH,100-F5KSE-U4413M-IVORY-XL,198895048655,26
TH,100-F5KSE-U4413M-IVORY-XXS,198895048600,5
TH,100-F5KSE-U4413M-RYE-1X,198895048754,1
TH,100-F5KSE-U4413M-RYE-2X,198895048761,10
TH,100-F5OET-P4897M-BRNCH-2X,198895150747,5
TH,100-F5OET-P4897M-BRNCH-3X,198895150754,3
TH,100-F5OET-P4897M-BRNCH-M,198895150709,16
TH,100-F5OET-P4897M-BRNCH-S,198895150693,8
TH,100-F5OET-P4897M-BRNCH-XL,198895150723,22
TH,100-F5OET-P4897M-BRNCH-XS,198895150686,3
TH,100-F5OET-P4897M-LUNET-1X,198895150914,20
TH,100-F5OET-P4897M-LUNET-2X,198895150921,11
TH,100-F5OET-P4897M-LUNET-3X,198895150938,12
TH,100-F5OET-P4897M-LUNET-XS,198895150860,28
TH,100-F5OET-P4897M-LUNET-XXS,198895150853,10
TH,100-F5OET-T6360M-BRNCH-1X,198895151188,5
TH,100-F5OET-T6360M-BRNCH-M,198895151157,14
TH,100-F5OET-T6360M-BRNCH-XL,198895151171,10
TH,100-F5OET-T6360M-LUNET-1X,198895151362,22
TH,100-F5OET-T6360M-LUNET-2X,198895151379,17
TH,100-F5OET-T6360M-LUNET-3X,198895151386,14
TH,100-F5OET-T6360M-LUNET-L,198895151348,49
TH,100-F5OET-T6360M-LUNET-M,198895151331,70
TH,100-F5OET-T6360M-LUNET-S,198895151324,47
TH,100-F5OET-T6360M-LUNET-XL,198895151355,39
TH,100-F5OET-T6360M-LUNET-XS,198895151317,25
TH,100-F5OET-T6360M-LUNET-XXS,198895151300,10
TH,100-F5OIJ-J5669M-BLACK-1X,198895287085,33
TH,100-F5OIJ-J5669M-BLACK-2X,198895287092,5
TH,100-F5OIJ-J5669M-BLACK-3X,198895287108,4
TH,100-F5OIJ-J5669M-BLACK-M,198895287054,5
TH,100-F5OIJ-J5669M-BLACK-XL,198895287078,20
TH,100-F5OIJ-J5669M-BLACK-XXS,198895287023,5
TH,100-F5OIJ-J5669P-BLACK-PL,198895287184,4
TH,100-F5OIJ-T6435M-BKIVY-3X,198895166120,12
TH,100-F5OVX-T6395M-RYE-1X,198895101961,16
TH,100-F5OVX-T6395M-RYE-2X,198895101978,18
TH,100-F5OVX-T6395M-RYE-3X,198895101985,12
TH,100-F5OVX-T6395M-RYE-XL,198895101954,16
TH,100-F5YHH-J5619M-SOFWH-L,198895089542,10
TH,100-S5AHB-P4844M-WHITE-1X,197223766094,10
TH,100-S5AHB-P4844M-WHITE-L,197223766070,3
TH,100-S5AHB-P4844M-WHITE-XXS,197223766032,2
TH,100-S5AHB-T6315M-WHEAT-3X,197223766339,2
TH,100-S5AJH-D5293P-BLACK-PP,672178692334,17
TH,100-S5AJH-D5293P-CRMSN-PP,672178692372,10
TH,100-S5AJH-D5389M-INK-XXS,672178292985,14
TH,100-S5AJH-D5389M-PLSKY-1X,672178293869,16
TH,100-S5AJH-D5389M-PLSKY-2X,672178293906,19
TH,100-S5AJH-D5389M-PLSKY-3X,672178293944,6
TH,100-S5AJH-D5389M-PLSKY-L,672178293722,6
TH,100-S5AJH-D5389M-PLSKY-M,672178293685,65
TH,100-S5AJH-D5389M-PLSKY-S,672178293630,40
TH,100-S5AJH-D5389M-PLSKY-XL,672178293791,30
TH,100-S5AJH-D5389M-PLSKY-XS,672178293586,33
TH,100-S5AJH-D5389M-PLSKY-XXS,672178293517,34
TH,100-S5AJH-D5389M-WHITE-1X,672178294187,23
TH,100-S5AJH-D5389M-WHITE-2X,672178294217,28
TH,100-S5AJH-D5389M-WHITE-3X,672178294248,15
TH,100-S5AJH-D5389M-WHITE-L,672178294125,55
TH,100-S5AJH-D5389M-WHITE-M,672178294095,65
TH,100-S5AJH-D5389M-WHITE-S,672178294064,35
TH,100-S5AJH-D5389M-WHITE-XL,672178294156,46
TH,100-S5AJH-D5389M-WHITE-XS,672178294026,13
TH,100-S5AJH-D5389M-WHITE-XXS,672178293982,7
TH,100-S5AJH-D5389P-INK-PL,672178294538,1
TH,100-S5AJH-D5389P-INK-PM,672178294415,4
TH,100-S5AJH-D5389P-INK-PP,672178294279,12
TH,100-S5AJH-D5389P-INK-PS,672178294347,18
TH,100-S5AJH-D5389P-PLSKY-PL,672178294828,40
TH,100-S5AJH-D5389P-PLSKY-PM,672178294774,31
TH,100-S5AJH-D5389P-PLSKY-PP,672178294637,37
TH,100-S5AJH-D5389P-PLSKY-PS,672178294705,30
TH,100-S5AJH-D5389P-WHITE-PL,672178295023,26
TH,100-S5AJH-D5389P-WHITE-PM,672178294972,33
TH,100-S5AJH-D5389P-WHITE-PP,672178294873,21
TH,100-S5AJH-D5389P-WHITE-PS,672178294927,32
TH,100-S5AJH-P4698M-BISCU-2X,197223837237,17
TH,100-S5AJH-P4698M-BISCU-3X,197223837244,11
TH,100-S5AJH-P4698M-BISCU-XXS,197223837169,12
TH,100-S5AJH-P4698M-BLACK-2X,197223837336,8
TH,100-S5AJH-P4698M-CHALK-1X,197223837428,42
TH,100-S5AJH-P4698M-CHALK-2X,197223837435,33
TH,100-S5AJH-P4698M-CHALK-3X,197223837442,22
TH,100-S5AJH-P4698M-CHALK-L,197223837404,41
TH,100-S5AJH-P4698M-CHALK-XL,197223837411,48
TH,100-S5AJH-S4414M-BLACK-1X,197223911630,11
TH,100-S5AJH-S4414M-BLACK-2X,197223911647,1
TH,100-S5AJH-S4414M-BLACK-L,197223911616,10
TH,100-S5AJH-S4414M-BLACK-M,197223911609,9
TH,100-S5AJH-S4414M-BLACK-XL,197223911623,1
TH,100-S5AJH-S4414M-TMRLO-1X,197223911838,14
TH,100-S5AJH-S4414M-TMRLO-2X,197223911845,8
TH,100-S5AJH-S4414M-TMRLO-3X,197223911852,6
TH,100-S5AJH-S4414M-TMRLO-L,197223911814,69
TH,100-S5AJH-S4414M-TMRLO-M,197223911807,74
TH,100-S5AJH-S4414M-TMRLO-S,197223911791,46
TH,100-S5AJH-S4414M-TMRLO-XL,197223911821,50
TH,100-S5AJH-S4414M-TMRLO-XS,197223911784,18
TH,100-S5AJH-S4414M-TMRLO-XXS,197223911777,15
TH,100-S5AJH-S4414P-TMRLO-PL,672178232646,25
TH,100-S5AJH-T5705M-DRGFY-S,197223943518,2
TH,100-S5AJH-T5705M-DRGFY-XXS,197223943495,11
TH,100-S5AJH-T6031M-PLSKY-XXS,672178367188,1
TH,100-S5AJH-T6031M-WHITE-3X,672178007862,4
TH,100-S5AJH-T6109M-BLACK-1X,672178512113,12
TH,100-S5AJH-T6109M-BLACK-2X,672178512151,17
TH,100-S5AJH-T6109M-BLACK-3X,672178512199,10
TH,100-S5AJH-T6109M-BLACK-L,672178512021,42
TH,100-S5AJH-T6109M-BLACK-M,672178511970,70
TH,100-S5AJH-T6109M-BLACK-S,672178511925,26
TH,100-S5AJH-T6109M-BLACK-XL,672178512076,21
TH,100-S5AJH-T6109M-BLACK-XS,672178511871,27
TH,100-S5AJH-T6109M-BLACK-XXS,672178511802,12
TH,100-S5AJH-T6109M-BLFLW-1X,197223978107,5
TH,100-S5AJH-T6109M-BLFLW-2X,197223978114,8
TH,100-S5AJH-T6109M-BLFLW-3X,197223978121,5
TH,100-S5AJH-T6268M-WHITE-2X,197223766896,10
TH,100-S5AJH-T6268M-WHITE-L,197223766865,38
TH,100-S5AJH-T6268M-WHITE-M,197223766858,48
TH,100-S5AJH-T6268M-WHITE-S,197223766841,40
TH,100-S5AJH-T6268M-WHITE-XL,197223766872,5
TH,100-S5AJH-T6268M-WHITE-XS,197223766834,13
TH,100-S5AJH-T6268M-WHITE-XXS,197223766827,20
TH,100-S5AJH-T6268P-WHITE-PL,197223818090,19
TH,100-S5AJH-T6268P-WHITE-PM,197223818083,39
TH,100-S5AJH-T6268P-WHITE-PP,197223818069,23
TH,100-S5AJH-T6268P-WHITE-PS,197223818076,35
TH,100-S5AJH-T6325M-EBONY-1X,197223810445,5
TH,100-S5AJH-T6325M-EBONY-3X,197223810469,4
TH,100-S5AJH-T6325M-EBONY-L,197223810421,20
TH,100-S5AJH-T6325M-EBONY-XL,197223810438,49
TH,100-S5AJH-T6325M-FROST-1X,197223810544,20
TH,100-S5AJH-T6325M-FROST-2X,197223810551,10
TH,100-S5AJH-T6325M-FROST-3X,197223810568,15
TH,100-S5AJH-T6325M-FROST-L,197223810520,23
TH,100-S5AJH-T6325M-FROST-XL,197223810537,37
TH,100-S5AJH-T6325M-WHITE-1X,197223810643,6
TH,100-S5AJH-T6325M-WHITE-2X,197223810650,11
TH,100-S5AJH-T6325M-WHITE-3X,197223810667,1
TH,100-S5AJH-T6325M-WHITE-XL,197223810636,5
TH,100-S5AKR-C2046M-CLOVE-L,197223766964,8
TH,100-S5AKR-C2046M-CLOVE-M,197223766957,63
TH,100-S5AKR-C2046M-CLOVE-S,197223766940,38
TH,100-S5AKR-C2046M-CLOVE-XL,197223766971,11
TH,100-S5AKR-C2046M-CLOVE-XS,197223766933,37
TH,100-S5AKR-C2046M-CLOVE-XXS,197223766926,28
TH,100-S5AKR-C2046P-CLOVE-PL,197223818144,30
TH,100-S5AKR-C2046P-CLOVE-PM,197223818137,10
TH,100-S5AKR-C2046P-CLOVE-PP,197223818113,12
TH,100-S5AKR-C2155M-BISCU-M,197223767053,28
TH,100-S5AKR-C2155M-BISCU-S,197223767046,18
TH,100-S5AKR-C2155M-BISCU-XXS,197223767022,30
TH,100-S5AOA-J5794M-BLACK-1X,197223887331,32
TH,100-S5AOA-J5794M-BLACK-2X,197223887348,17
TH,100-S5AOA-J5794M-BLACK-3X,197223887355,16
TH,100-S5AOA-J5794M-BLACK-L,197223887317,71
TH,100-S5AOA-J5794M-BLACK-M,197223887300,105
TH,100-S5AOA-J5794M-BLACK-S,197223887294,71
TH,100-S5AOA-J5794M-BLACK-XL,197223887324,31
TH,100-S5AOA-J5794M-BLACK-XS,197223887287,31
TH,100-S5AOA-J5794M-BLACK-XXS,197223887270,28
TH,100-S5AOA-J5794M-CHALK-1X,197223887430,34
TH,100-S5AOA-J5794M-CHALK-2X,197223887447,26
TH,100-S5AOA-J5794M-CHALK-3X,197223887454,28
TH,100-S5AOA-J5794M-CHALK-L,197223887416,69
TH,100-S5AOA-J5794M-CHALK-M,197223887409,58
TH,100-S5AOA-J5794M-CHALK-S,197223887393,51
TH,100-S5AOA-J5794M-CHALK-XL,197223887423,62
TH,100-S5AOA-J5794M-CHALK-XS,197223887386,28
TH,100-S5AOA-J5794M-CHALK-XXS,197223887379,33
TH,100-S5AOA-J5794P-BLACK-PL,197223967989,19
TH,100-S5AOA-J5794P-BLACK-PM,197223967972,32
TH,100-S5AOA-J5794P-BLACK-PP,197223967958,20
TH,100-S5AOA-J5794P-BLACK-PS,197223967965,32
TH,100-S5AOA-J5794P-CHALK-PL,197223968030,20
TH,100-S5AOA-J5794P-CHALK-PM,197223968023,21
TH,100-S5AOA-J5794P-CHALK-PP,197223968009,10
TH,100-S5AYT-W6217M-BKBRY-1X,672178260519,4
TH,100-S5AYT-W6217M-BKBRY-2X,672178260588,1
TH,100-S5AYT-W6217M-BKBRY-L,672178260236,20
TH,100-S5AYT-W6217M-BKBRY-M,672178260168,31
TH,100-S5AYT-W6217M-BKBRY-XL,672178260373,18
TH,100-S5AYT-W6217M-BRNZE-L,672178262582,38
TH,100-S5AYT-W6217M-BRNZE-M,672178262377,35
TH,100-S5AYT-W6217M-BRNZE-XL,672178262728,20
TH,100-S5AYT-W6217M-TMRLO-XXS,672178291506,16
TH,100-S5AYT-W6217M-WHITE-L,672178292350,44
TH,100-S5AYT-W6217M-WHITE-M,672178292336,31
TH,100-S5AYT-W6217M-WHITE-S,672178292312,4
TH,100-S5AYT-W6217M-WHITE-XL,672178292374,28
TH,100-S5BBR-J5774M-BONE-S,197223829485,8
TH,100-S5BBR-J5774M-BONE-XS,197223829478,6
TH,100-S5BBR-J5774M-BONE-XXS,197223829461,16
TH,100-S5BBR-J5774M-WSHBL-M,197223829591,15
TH,100-S5BBR-J5774M-WSHBL-S,197223829584,20
TH,100-S5BBR-J5774M-WSHBL-XS,197223829577,11
TH,100-S5BBR-J5774M-WSHBL-XXS,197223829560,25
TH,100-S5BBR-P4600M-WSHBL-XXS,197223829768,4
TH,100-S5BBX-J5664M-BLACK-3X,197223768005,3
TH,100-S5BDE-P4679M-BLACK-1X,197223871316,5
TH,100-S5BDE-P4679M-BLACK-2X,197223871323,7
TH,100-S5BDE-P4679M-BLACK-XL,197223871309,26
TH,100-S5BDE-P4679M-BLACK-XXS,197223871255,6
TH,100-S5BDE-P4679M-DPIND-2X,197223768395,12
TH,100-S5BDE-P4679M-DPIND-3X,197223768401,6
TH,100-S5BDE-P4679M-DPIND-XXS,197223768326,12
TH,100-S5BDE-P4679P-BLACK-PL,197223914501,9
TH,100-S5BDE-P4679P-BLACK-PP,197223914471,10
TH,100-S5BDE-P4715M-BLACK-S,197223978664,13
TH,100-S5BDE-P4715M-BLACK-XL,197223978695,11
TH,100-S5BDE-P4715M-BLACK-XXS,197223978640,3
TH,100-S5BDE-P4715M-DPIND-S,197223978763,9
TH,100-S5BDE-P4715M-DPIND-XXS,197223978749,12
TH,100-S5BDE-P4828M-BLACK-3X,197223820994,2
TH,100-S5BDE-P4828M-BLACK-L,197223820956,20
TH,100-S5BDE-P4828M-BLACK-M,197223820949,11
TH,100-S5BDE-P4828M-BLACK-S,197223820932,14
TH,100-S5BDE-P4828M-BLACK-XL,197223820963,18
TH,100-S5BDE-P4828M-BLACK-XS,197223820925,10
TH,100-S5BDE-P4828M-BLACK-XXS,197223820918,8
TH,100-S5BDE-P4828M-DPIND-M,197223821045,2
TH,100-S5BDE-P4828M-DPIND-S,197223821038,39
TH,100-S5BDE-P4828M-DPIND-XL,197223821069,10
TH,100-S5BDE-P4828M-DPIND-XXS,197223821014,4
TH,100-S5BDE-P4828P-BLACK-PM,197223821137,3
TH,100-S5BDE-P4828P-BLACK-PP,197223821113,12
TH,100-S5BDE-P4828P-BLACK-PS,197223821120,11
TH,100-S5BDE-P4828P-DPIND-PP,197223821168,16
TH,100-S5BDE-P4828P-DPIND-PS,197223821175,1
TH,100-S5BSR-W6011M-BLFLW-1X,672178011203,6
TH,100-S5BSR-W6011M-BLFLW-2X,672178011241,2
TH,100-S5BSR-W6011M-BLFLW-XL,672178011166,3
TH,100-S5BSV-W6186M-BLACK-XXS,197223821212,10
TH,100-S5BSV-W6186M-FROST-XXS,197223856085,3
TH,100-S5BSV-W6196M-AZURE-1X,197223769149,3
TH,100-S5BSV-W6196M-LAPIS-XXS,197223769286,6
TH,100-S5CXG-D5380M-BLACK-1X,672178436433,8
TH,100-S5CXG-D5380M-BLACK-L,672178436174,29
TH,100-S5CXG-D5380M-BLACK-M,672178436129,37
TH,100-S5CXG-D5380M-BLACK-S,672178436075,17
TH,100-S5CXG-D5380M-BLACK-XL,672178436396,18
TH,100-S5CXG-D5380M-BLACK-XS,672178436037,7
TH,100-S5CXG-D5380M-BRNZE-1X,672178437393,35
TH,100-S5CXG-D5380M-BRNZE-2X,672178437447,14
TH,100-S5CXG-D5380M-BRNZE-3X,672178437591,18
TH,100-S5CXG-D5380M-BRNZE-L,672178437263,88
TH,100-S5CXG-D5380M-BRNZE-S,672178437072,75
TH,100-S5CXG-D5380M-BRNZE-XL,672178437348,60
TH,100-S5CXG-D5380M-BRNZE-XS,672178436907,37
TH,100-S5CXG-D5380M-GRAPE-1X,672178495713,40
TH,100-S5CXG-D5380M-GRAPE-2X,672178495737,25
TH,100-S5CXG-D5380M-GRAPE-3X,672178495751,23
TH,100-S5CXG-D5380M-GRAPE-S,672178495591,90
TH,100-S5CXG-D5380M-GRAPE-XL,672178495690,58
TH,100-S5CXG-D5380M-GRAPE-XS,672178495553,50
TH,100-S5CXG-D5380M-GRAPE-XXS,672178495515,28
TH,100-S5CXG-D5380P-BLACK-PL,672178692495,11
TH,100-S5CXG-D5380P-BLACK-PM,672178692488,12
TH,100-S5CXG-D5380P-BRNZE-PL,672178692532,24
TH,100-S5CXG-D5380P-BRNZE-PM,672178692525,32
TH,100-S5CXG-D5380P-BRNZE-PS,672178692518,11
TH,100-S5CXG-D5380P-GRAPE-PL,672178692570,33
TH,100-S5CXG-D5380P-GRAPE-PM,672178692563,39
TH,100-S5CXG-D5380P-GRAPE-PP,672178692549,20
TH,100-S5CXG-D5380P-GRAPE-PS,672178692556,26
TH,100-S5CXU-D5381M-BLACK-1X,672178438598,9
TH,100-S5CXU-T6318M-ECLPS-XXS,197223769965,5
TH,100-S5CXU-T6318M-WHEAT-1X,197223770121,3
TH,100-S5CXU-T6318M-WHEAT-2X,197223770138,8
TH,100-S5CXU-T6318M-WHEAT-3X,197223770145,12
TH,100-S5CXU-T6318M-WHEAT-XL,197223770114,9
TH,100-S5CXU-T6318P-WHEAT-PL,197223821649,18
TH,100-S5CXU-T6318P-WHEAT-PM,197223821632,9
TH,100-S5CXU-T6318P-WHEAT-PP,197223821618,3
TH,100-S5CXU-T6323M-BLACK-XXS,197223770169,4
TH,100-S5CYS-T5879M-EBONY-XXS,197223821663,9
TH,100-S5CYS-T5879P-EBONY-PM,197223821786,22
TH,100-S5CYS-T5879P-EBONY-PS,197223821779,7
TH,100-S5DSE-D5346M-BLACK-1X,197223770688,18
TH,100-S5DSE-D5346M-BLACK-L,197223770664,34
TH,100-S5DSE-D5346M-BLACK-M,197223770657,37
TH,100-S5DSE-D5346M-BLACK-S,197223770640,38
TH,100-S5DSE-D5346M-BLACK-XL,197223770671,24
TH,100-S5DSE-D5346M-BLACK-XS,197223770633,18
TH,100-S5DSE-D5346M-BLACK-XXS,197223770626,23
TH,100-S5DSE-D5346M-EBONY-1X,197223844457,10
TH,100-S5DSE-D5346M-EBONY-3X,197223844471,7
TH,100-S5DSE-D5346P-BLACK-PL,197223818397,23
TH,100-S5DSE-D5346P-BLACK-PM,197223818380,37
TH,100-S5DSE-D5346P-BLACK-PP,197223818366,10
TH,100-S5DSE-D5346P-BLACK-PS,197223818373,14
TH,100-S5DSE-D5346P-EBONY-PL,197223844525,7
TH,100-S5DSE-D5346P-EBONY-PM,197223844518,10
TH,100-S5DSE-D5346P-EBONY-PP,197223844495,7
TH,100-S5DSE-P4849M-BONE-1X,197223855019,17
TH,100-S5DSE-P4849M-BONE-2X,197223855026,15
TH,100-S5DSE-P4849M-BONE-3X,197223855033,7
TH,100-S5DSE-P4849M-BONE-L,197223854999,35
TH,100-S5DSE-P4849M-BONE-M,197223854982,23
TH,100-S5DSE-P4849M-BONE-XL,197223855002,18
TH,100-S5DSE-P4849M-EBONY-XXS,197223770824,3
TH,100-S5DSE-T6308M-BONE-1X,197223771081,1
TH,100-S5DSE-T6343M-BLACK-XXS,197223813873,2
TH,100-S5FDZ-W6185M-WHITE-3X,672178596625,7
TH,100-S5FNP-K5428M-POWDR-XL,197223772033,4
TH,100-S5FNP-V1339M-BONE-L,197223821953,4
TH,100-S5FNP-V1339M-BONE-XL,197223821960,23
TH,100-S5FNP-V1339M-POWDR-L,197223822158,6
TH,100-S5FNP-V1339M-POWDR-M,197223822141,15
TH,100-S5FNP-V1339M-POWDR-XS,197223822127,3
TH,100-S5FNP-W6199M-BLACK-1X,197223772545,5
TH,100-S5FNP-W6199M-BLACK-L,197223772521,9
TH,100-S5FNP-W6199M-BONE-1X,197223772644,5
TH,100-S5FNP-W6199M-BONE-2X,197223772651,1
TH,100-S5FNP-W6199M-BONE-3X,197223772668,3
TH,100-S5FNP-W6199M-BONE-L,197223772620,11
TH,100-S5FNP-W6199M-BONE-XL,197223772637,11
TH,100-S5FTE-T6300M-BLACK-3X,197223772767,6
TH,100-S5FTE-T6300M-CLOVE-2X,197223772859,3
TH,100-S5FTE-T6300M-LAPIS-1X,197223773047,2
TH,100-S5FTE-T6300M-LAPIS-2X,197223773054,14
TH,100-S5FTE-T6300M-LAPIS-3X,197223773061,4
TH,100-S5FTE-T6300M-LAPIS-XXS,197223772989,8
TH,100-S5FTE-T6313M-BLACK-S,197223773108,6
TH,100-S5FTE-T6313M-BLACK-XS,197223773092,10
TH,100-S5FTE-T6313M-BLACK-XXS,197223773085,13
TH,100-S5FVF-V1338M-CRMSN-S,672178447231,5
TH,100-S5FVF-V1338M-CRMSN-XXS,672178447095,5
TH,100-S5FVF-V1338M-WHITE-3X,672178483901,6
TH,100-S5FVF-W6216M-UNNAT-2X,672178025033,9
TH,100-S5FXD-W6160M-BLACK-L,197223773221,32
TH,100-S5FXD-W6160M-BLACK-M,197223773214,29
TH,100-S5FXD-W6160M-BLACK-XL,197223773238,17
TH,100-S5FXD-W6160M-BLACK-XS,197223773191,5
TH,100-S5FXD-W6160M-BLACK-XXS,197223773184,4
TH,100-S5FXD-W6160M-BONE-XL,197223773337,3
TH,100-S5FYJ-K5435M-ECLPS-S,197223834182,3
TH,100-S5FYJ-K5435M-ECLPS-XS,197223834175,26
TH,100-S5FYJ-K5435M-ECLPS-XXS,197223834168,18
TH,100-S5GAT-V1332M-UNNAT-XS,672178347616,3
TH,100-S5GAT-V1332M-WHITE-XS,672178348095,23
TH,100-S5GBA-P4867M-WHITE-2X,672178028263,15
TH,100-S5GBA-P4867M-WHITE-3X,672178028324,7
TH,100-S5GBA-P4867M-WHITE-L,672178028126,10
TH,100-S5GBA-P4867M-WHITE-XL,672178028164,8
TH,100-S5GBA-P4867M-WHITE-XS,672178027983,8
TH,100-S5GBA-P4867M-WHITE-XXS,672178027457,8
TH,100-S5GBA-P4869P-BKBRY-PP,672178691610,16
TH,100-S5GBA-P4869P-BLACK-PP,672178270600,1
TH,100-S5GBA-T6356M-WHITE-1X,672178273823,1
TH,100-S5GBA-T6356M-WHITE-2X,672178273892,8
TH,100-S5GC1-D5348M-CLOVE-1X,197223773542,7
TH,100-S5GC1-D5348M-CLOVE-3X,197223773566,11
TH,100-S5GC1-D5348M-CLOVE-L,197223773528,49
TH,100-S5GC1-D5348M-CLOVE-M,197223773511,56
TH,100-S5GC1-D5348M-CLOVE-S,197223773504,25
TH,100-S5GC1-D5348M-CLOVE-XL,197223773535,28
TH,100-S5GC1-D5348M-CLOVE-XS,197223773498,43
TH,100-S5GC1-D5348M-CLOVE-XXS,197223773481,30
TH,100-S5GC1-D5348M-LAPIS-M,197223773818,1
TH,100-S5GC1-D5348M-LAPIS-S,197223773801,13
TH,100-S5GC1-D5348M-LAPIS-XS,197223773795,21
TH,100-S5GC1-D5348M-LAPIS-XXS,197223773788,33
TH,100-S5GC1-D5348P-CLOVE-PL,197223822691,15
TH,100-S5GC1-D5348P-CLOVE-PM,197223822684,27
TH,100-S5GC1-D5348P-CLOVE-PP,197223822660,21
TH,100-S5GC1-D5348P-CLOVE-PS,197223822677,34
TH,100-S5GC1-D5348P-LAPIS-PM,197223822738,14
TH,100-S5GC1-D5348P-LAPIS-PP,197223822714,8
TH,100-S5GC1-D5348P-LAPIS-PS,197223822721,8
TH,100-S5GC1-D5400M-BKBRY-1X,672178531329,1
TH,100-S5GC1-D5400M-BKBRY-XL,672178531282,15
TH,100-S5GC1-D5400M-BLUET-S,672178531794,15
TH,100-S5GC1-D5400M-BLUET-XL,672178532265,7
TH,100-S5GC1-P4698M-BKBRY-XL,672178410327,6
TH,100-S5GC1-P4698M-COCOA-2X,197223960942,5
TH,100-S5GC1-P4698M-COCOA-3X,197223960959,5
TH,100-S5GC1-P4698M-ECLPS-1X,197223774044,8
TH,100-S5GC1-P4698M-ECLPS-2X,197223774051,14
TH,100-S5GC1-P4698M-ECLPS-3X,197223774068,13
TH,100-S5GC1-P4698M-ECLPS-L,197223774020,6
TH,100-S5GC1-P4698M-ECLPS-XL,197223774037,22
TH,100-S5GC1-P4698M-ECLPS-XS,197223773993,9
TH,100-S5GC1-T5775M-FROST-XXS,197223774785,19
TH,100-S5GC1-T6108M-POWDR-XXS,197223775089,4
TH,100-S5GC1-T6217M-INK-XXS,672178485080,10
TH,100-S5GC1-T6228M-IVORY-1X,197223888710,17
TH,100-S5GC1-T6228M-IVORY-2X,197223888727,16
TH,100-S5GC1-T6228M-IVORY-3X,197223888734,8
TH,100-S5GC1-T6228M-IVORY-L,197223888697,3
TH,100-S5GC1-T6228M-IVORY-XL,197223888703,10
TH,100-S5GC1-T6228M-SNGRA-3X,672178424690,1
TH,100-S5GC1-T6328M-ALPNE-M,197223961109,19
TH,100-S5GC1-T6328M-ALPNE-S,197223961093,17
TH,100-S5GC1-T6328M-ALPNE-XS,197223961086,37
TH,100-S5GC1-T6328M-ALPNE-XXS,197223961079,39
TH,100-S5GC1-T6328M-BLUET-XXS,197223889151,15
TH,100-S5GC1-U4274M-ALPNE-M,197223961208,4
TH,100-S5GC1-U4274M-ALPNE-XXS,197223961178,9
TH,100-S5GC1-U4403M-BLACK-1X,197223775942,3
TH,100-S5GC1-U4403M-BLACK-2X,197223775959,3
TH,100-S5GC1-U4403M-BLACK-3X,197223775966,2
TH,100-S5GC1-V1329M-BLACK-1X,197223776345,34
TH,100-S5GC1-V1329M-BLACK-2X,197223776352,11
TH,100-S5GC1-V1329M-BLACK-L,197223776321,31
TH,100-S5GC1-V1329M-BLACK-XL,197223776338,18
TH,100-S5GDD-P4679M-WHITE-2X,197223776451,13
TH,100-S5GDD-P4679M-WHITE-3X,197223776468,11
TH,100-S5GDD-P4679M-WHITE-XXS,197223776383,35
TH,100-S5GDD-P4679P-WHITE-PP,197223875529,29
TH,100-S5GDD-P4828M-WHITE-1X,197223776642,14
TH,100-S5GDD-P4828M-WHITE-2X,197223776659,10
TH,100-S5GDD-P4828M-WHITE-3X,197223776666,12
TH,100-S5GDD-P4828M-WHITE-XL,197223776635,6
TH,100-S5GDD-P4828P-WHITE-PL,197223822899,17
TH,100-S5GDD-P4870M-WHITE-XXS,672178133035,20
TH,100-S5GDD-S4402M-WHITE-L,197223776727,11
TH,100-S5GK-U2372M-ALPNE-XS,672178032710,11
TH,100-S5GK-U2372M-ALPNE-XXS,672178032666,19
TH,100-S5GK-U2372M-INK-XXS,672178403718,16
TH,100-S5GT1-J5799M-BLFLW-1X,197223923381,9
TH,100-S5GT1-J5799M-BLFLW-2X,197223923398,19
TH,100-S5GT1-J5799M-BLFLW-3X,197223923404,6
TH,100-S5GT1-J5799M-BLFLW-L,197223923367,10
TH,100-S5GT1-J5799M-BLFLW-M,197223923350,53
TH,100-S5GT1-J5799M-BLFLW-S,197223923343,33
TH,100-S5GT1-J5799M-BLFLW-XL,197223923374,35
TH,100-S5GT1-J5799M-SEAFM-1X,672178034479,3
TH,100-S5GT1-J5799M-SEAFM-2X,672178034516,13
TH,100-S5GT1-J5799M-SEAFM-3X,672178034585,10
TH,100-S5GT1-J5799M-SEAFM-L,672178034356,11
TH,100-S5GT1-J5799M-SEAFM-M,672178034332,22
TH,100-S5GT1-J5799M-SEAFM-S,672178034318,31
TH,100-S5GT1-J5799M-SEAFM-XL,672178034424,5
TH,100-S5GT1-J5799M-SEAFM-XS,672178034295,21
TH,100-S5GT1-J5799M-SEAFM-XXS,672178034271,17
TH,100-S5GT1-J5799P-BLFLW-PL,672178157611,32
TH,100-S5GT1-J5799P-BLFLW-PM,672178157574,24
TH,100-S5GT1-J5799P-DRGFY-PL,672178035070,12
TH,100-S5GT1-J5799P-DRGFY-PM,672178035001,7
TH,100-S5GT1-J5799P-DRGFY-PS,672178034936,8
TH,100-S5GT1-J5799P-SEAFM-PL,672178035353,14
TH,100-S5GT1-T6367M-COCOA-L,197223996316,24
TH,100-S5GT1-T6367M-COCOA-M,197223996309,65
TH,100-S5GT1-T6367M-COCOA-S,197223996293,51
TH,100-S5GT1-T6367M-COCOA-XS,197223996286,27
TH,100-S5GT1-T6367M-COCOA-XXS,197223996279,19
TH,100-S5GT1-T6367M-SEAFM-1X,197223996538,18
TH,100-S5GT1-T6367M-SEAFM-2X,197223996545,15
TH,100-S5GT1-T6367M-SEAFM-3X,197223996552,3
TH,100-S5GT1-T6367M-SEAFM-L,197223996514,54
TH,100-S5GT1-T6367M-SEAFM-M,197223996507,87
TH,100-S5GT1-T6367M-SEAFM-S,197223996491,61
TH,100-S5GT1-T6367M-SEAFM-XL,197223996521,26
TH,100-S5GT1-T6367M-SEAFM-XS,197223996484,36
TH,100-S5GT1-T6367M-SEAFM-XXS,197223996477,29
TH,100-S5HCH-W6206M-BLACK-1X,197223890218,3
TH,100-S5HCH-W6206M-BLACK-2X,197223890225,8
TH,100-S5HCH-W6206M-BLACK-3X,197223890232,3
TH,100-S5HCH-W6206M-BLACK-L,197223890195,11
TH,100-S5HCH-W6206M-BLACK-M,197223890188,21
TH,100-S5HCH-W6206M-BLACK-S,197223890171,11
TH,100-S5HCH-W6206M-BLACK-XS,197223890164,3
TH,100-S5HCH-W6207M-BLACK-1X,197223890515,16
TH,100-S5HCH-W6207M-BLACK-2X,197223890522,11
TH,100-S5HCH-W6207M-BLACK-3X,197223890539,7
TH,100-S5HCH-W6207M-BLACK-L,197223890492,22
TH,100-S5HCH-W6207M-BLACK-S,197223890478,2
TH,100-S5HCH-W6207M-BLACK-XL,197223890508,13
TH,100-S5HCH-W6207M-COCOA-1X,197223890614,22
TH,100-S5HCH-W6207M-COCOA-2X,197223890621,13
TH,100-S5HCH-W6207M-COCOA-3X,197223890638,16
TH,100-S5HCH-W6207M-COCOA-L,197223890591,45
TH,100-S5HCH-W6207M-COCOA-M,197223890584,53
TH,100-S5HCH-W6207M-COCOA-S,197223890577,48
TH,100-S5HCH-W6207M-COCOA-XL,197223890607,36
TH,100-S5HCH-W6207M-COCOA-XXS,197223890553,2
TH,100-S5HCH-W6207M-IVORY-1X,197223890812,5
TH,100-S5HCH-W6207M-IVORY-2X,197223890829,7
TH,100-S5HCH-W6207M-IVORY-3X,197223890836,4
TH,100-S5HCH-W6207M-IVORY-L,197223890799,7
TH,100-S5HCH-W6207M-IVORY-M,197223890782,15
TH,100-S5HCH-W6207M-IVORY-XL,197223890805,24
TH,100-S5HKJ-W6194M-AZURE-M,197223777113,12
TH,100-S5HKJ-W6194M-AZURE-XS,197223777090,11
TH,100-S5HKJ-W6194M-AZURE-XXS,197223777083,10
TH,100-S5HKT-K5246M-BLACK-XXS,197223994299,16
TH,100-S5HKT-K5246M-WHITE-2X,197223994763,9
TH,100-S5HKT-K5246M-WHITE-3X,197223994770,17
TH,100-S5HKT-K5246P-BLUET-PP,672178160352,13
TH,100-S5ISZ-T5351M-WHTBL-XXS,672178652932,5
TH,100-S5ISZ-T5852M-WHTBL-1X,197223777540,17
TH,100-S5ISZ-T5852M-WHTBL-2X,197223777557,24
TH,100-S5ISZ-T5852M-WHTBL-3X,197223777564,22
TH,100-S5ISZ-T5852M-WHTBL-XL,197223777533,5
TH,100-S5ISZ-T5852M-WHTBL-XS,197223777496,2
TH,100-S5ISZ-T5852M-WHTBL-XXS,197223777489,16
TH,100-S5ISZ-U4254M-WHTBL-1X,672178653755,13
TH,100-S5ISZ-U4254M-WHTBL-2X,672178653809,6
TH,100-S5ISZ-U4254M-WHTBL-L,672178653656,25
TH,100-S5ISZ-U4254M-WHTBL-XL,672178653700,21
TH,100-S5IZ1-D5406M-BLACK-L,672178654073,15
TH,100-S5IZ1-D5406M-BLACK-S,672178653991,6
TH,100-S5IZ1-D5406M-BLACK-XXS,672178653908,6
TH,100-S5IZ1-D5406M-DPDIV-L,672178654554,7
TH,100-S5IZ1-D5406M-DPDIV-XXS,672178654271,7
TH,100-S5IZ1-T5852M-ABSTH-2X,197223811473,3
TH,100-S5IZ1-T5852M-AZURE-2X,197223778257,29
TH,100-S5IZ1-T5852M-AZURE-3X,197223778264,5
TH,100-S5IZ1-T5852M-AZURE-XXS,197223778189,8
TH,100-S5IZ1-T6005M-CLMNT-S,197223830382,22
TH,100-S5IZ1-T6005M-CRSPK-1X,672178161748,4
TH,100-S5IZ1-T6005M-CRSPK-2X,672178161816,2
TH,100-S5IZ1-T6005M-CRSPK-M,672178161502,24
TH,100-S5IZ1-T6005M-CRSPK-S,672178161434,23
TH,100-S5IZ1-T6005M-CRSPK-XL,672178161670,11
TH,100-S5IZ1-T6005M-CRSPK-XS,672178161311,1
TH,100-S5IZ1-T6005M-GRAPE-1X,672178486650,3
TH,100-S5IZ1-T6005M-GRAPE-2X,672178486698,8
TH,100-S5IZ1-T6005M-GRAPE-3X,672178486766,5
TH,100-S5IZ1-T6005M-GRAPE-XXS,672178486216,3
TH,100-S5IZ1-T6005M-PLSKY-1X,672178043549,27
TH,100-S5IZ1-T6005M-PLSKY-2X,672178043617,14
TH,100-S5IZ1-T6005M-PLSKY-3X,672178043686,10
TH,100-S5IZ1-T6005M-PLSKY-L,672178043402,24
TH,100-S5IZ1-T6005M-PLSKY-M,672178043334,45
TH,100-S5IZ1-T6005M-PLSKY-S,672178043266,39
TH,100-S5IZ1-T6005M-PLSKY-XL,672178043471,43
TH,100-S5IZ1-T6005M-PLSKY-XS,672178043198,10
TH,100-S5IZ1-T6005M-PLSKY-XXS,672178043129,6
TH,100-S5IZ1-T6262M-WHITE-3X,197223778660,2
TH,100-S5IZ1-T6262M-WHITE-XL,197223778639,11
TH,100-S5IZ1-U4320M-ABSTH-1X,197223778745,12
TH,100-S5IZ1-U4320M-ABSTH-2X,197223778752,1
TH,100-S5IZ1-U4320M-ABSTH-L,197223778721,28
TH,100-S5IZ1-U4320M-ABSTH-M,197223778714,20
TH,100-S5IZ1-U4320M-ABSTH-XL,197223778738,18
TH,100-S5IZ1-U4320M-ABSTH-XXS,197223778684,21
TH,100-S5IZ1-U4320M-BLUET-3X,197223801580,2
TH,100-S5IZ1-U4320M-PLSKY-3X,197223823193,6
TH,100-S5IZ1-U4320M-PLSKY-XL,197223823162,5
TH,100-S5IZ1-U4320M-PLSKY-XXS,197223823117,35
TH,100-S5IZ1-U4320M-SNGRA-XS,197223816287,2
TH,100-S5IZ1-U4320M-SNGRA-XXS,197223816270,8
TH,100-S5IZ1-U4320M-ULTMA-3X,672178045475,4
TH,100-S5JRD-J5798M-CHALK-1X,197223925187,4
TH,100-S5JRD-J5798M-CHALK-2X,197223925194,9
TH,100-S5JRD-J5798M-CHALK-3X,197223925200,16
TH,100-S5JRD-P4366M-CHALK-2X,197223980414,7
TH,100-S5JRD-P4366M-CHALK-3X,197223980421,13
TH,100-S5JRD-P4862M-BRNZE-3X,197223926405,10
TH,100-S5JRD-S4388M-BLACK-2X,672178452082,8
TH,100-S5JRD-S4388M-BLACK-XL,672178452006,10
TH,100-S5JRD-S4388P-CRMSN-PS,672178693430,8
TH,100-S5JRD-V1351M-INK-XL,672178370508,12
TH,100-S5KQO-T6304M-BLACK-M,197223779711,16
TH,100-S5KQO-T6304M-BLACK-S,197223779704,11
TH,100-S5KQO-T6304M-BLACK-XS,197223779698,12
TH,100-S5KQO-T6304M-BLACK-XXS,197223779681,11
TH,100-S5KQO-T6304M-SESLT-1X,197223779841,2
TH,100-S5KQO-T6304M-SESLT-2X,197223779858,8
TH,100-S5KQO-T6304M-SESLT-XL,197223779834,8
TH,100-S5KQO-T6304M-SESLT-XXS,197223779780,6
TH,100-S5KRS-T6171M-ALPNE-XS,672178048902,21
TH,100-S5KRS-T6171M-BKBRY-XXS,672178404272,14
TH,100-S5KRS-T6171M-BLACK-XS,197223877080,17
TH,100-S5KRS-T6171M-BLACK-XXS,197223877073,2
TH,100-S5KRS-T6171M-WHITE-M,197223877707,26
TH,100-S5KRS-T6171M-WHITE-XS,197223877684,19
TH,100-S5KRS-T6172M-CHALK-XXS,197223877974,18
TH,100-S5KRS-T6172M-CLOVE-XXS,197223878070,19
TH,100-S5LBC-W6187M-WHEAT-1X,197223781097,24
TH,100-S5LBC-W6187M-WHEAT-2X,197223781103,11
TH,100-S5LBC-W6187M-WHEAT-3X,197223781110,4
TH,100-S5LBC-W6187M-WHEAT-L,197223781073,17
TH,100-S5LBC-W6187M-WHEAT-XL,197223781080,29
TH,100-S5LEL-W6233M-JADE-1X,672178355352,11
TH,100-S5LEL-W6233M-JADE-2X,672178355451,4
TH,100-S5LEL-W6233M-JADE-3X,672178355505,6
TH,100-S5LEL-W6233M-JADE-L,672178355239,9
TH,100-S5LNG-K5425M-BLACK-2X,197223781301,3
TH,100-S5LNG-K5425M-BLACK-L,197223781271,22
TH,100-S5LNG-K5425M-BLACK-M,197223781264,36
TH,100-S5LNG-K5425M-BLACK-S,197223781257,39
TH,100-S5LNG-K5425M-BLACK-XS,197223781240,30
TH,100-S5LNG-K5425M-BLACK-XXS,197223781233,23
TH,100-S5LNG-K5425M-GRYST-1X,197223781592,21
TH,100-S5LNG-K5425M-GRYST-2X,197223781608,18
TH,100-S5LNG-K5425M-GRYST-3X,197223781615,13
TH,100-S5LNG-K5425M-GRYST-L,197223781578,55
TH,100-S5LNG-K5425M-GRYST-M,197223781561,60
TH,100-S5LNG-K5425M-GRYST-S,197223781554,45
TH,100-S5LNG-K5425M-GRYST-XL,197223781585,34
TH,100-S5LNG-K5425M-GRYST-XS,197223781547,25
TH,100-S5LNG-K5425M-GRYST-XXS,197223781530,14
TH,100-S5LNG-K5436M-BLACK-1X,197223891918,20
TH,100-S5LNG-K5436M-BLACK-2X,197223891925,11
TH,100-S5LNG-K5436M-BLACK-3X,197223891932,15
TH,100-S5LNG-K5436M-BLACK-XL,197223891901,14
TH,100-S5LOL-D5353M-HARBR-XXS,197223981046,26
TH,100-S5LOL-D5353M-JADE-L,197223892892,39
TH,100-S5LOL-D5353M-JADE-M,197223892885,84
TH,100-S5LOL-D5353M-JADE-S,197223892878,62
TH,100-S5LOL-D5353M-JADE-XL,197223892908,12
TH,100-S5LOL-D5353M-JADE-XS,197223892861,31
TH,100-S5LOL-D5353M-JADE-XXS,197223892854,22
TH,100-S5LQG-W6176M-LAPIS-1X,197223783886,1
TH,100-S5LQG-W6176M-LAPIS-2X,197223783893,7
TH,100-S5LQG-W6176M-LAPIS-3X,197223783909,4
TH,100-S5LQG-W6176M-WHITE-1X,197223784104,26
TH,100-S5LQG-W6176M-WHITE-2X,197223784111,25
TH,100-S5LQG-W6176M-WHITE-3X,197223784128,21
TH,100-S5LQG-W6176M-WHITE-L,197223784081,12
TH,100-S5LQG-W6176M-WHITE-XL,197223784098,39
TH,100-S5LRK-V1338M-GRYST-1X,197223819370,7
TH,100-S5LRK-V1338M-GRYST-2X,197223819387,9
TH,100-S5LZW-J5801M-BLACK-1X,197223930952,33
TH,100-S5LZW-J5801M-BLACK-2X,197223930969,30
TH,100-S5LZW-J5801M-BLACK-3X,197223930976,24
TH,100-S5LZW-J5801M-BLACK-L,197223930938,74
TH,100-S5LZW-J5801M-BLACK-M,197223930921,83
TH,100-S5LZW-J5801M-BLACK-S,197223930914,44
TH,100-S5LZW-J5801M-BLACK-XL,197223930945,49
TH,100-S5LZW-J5801M-BLACK-XS,197223930907,17
TH,100-S5OCB-T6228M-CRMSN-S,197223872177,3
TH,100-S5OCB-T6228M-CRMSN-XS,197223872160,14
TH,100-S5OCB-T6361M-WHITE-L,672178460834,16
TH,100-S5OCB-T6361M-WHITE-M,672178460766,41
TH,100-S5OCB-T6361M-WHITE-S,672178460650,28
TH,100-S5OCB-T6361M-WHITE-XL,672178460902,6
TH,100-S5OCB-T6361M-WHITE-XS,672178460582,25
TH,100-S5OCB-T6361M-WHITE-XXS,672178460513,20
TH,100-S5OKB-J5796M-BLACK-XXS,197223897606,27
TH,100-S5OKB-P0696M-ALPNE-1X,197223786443,10
TH,100-S5OKB-P0696M-ALPNE-S,197223786405,3
TH,100-S5OKB-P0696M-ALPNE-XL,197223786436,7
TH,100-S5OKB-P0696M-ALPNE-XS,197223786399,5
TH,100-S5OKB-P0696M-ALPNE-XXS,197223786382,29
TH,100-S5OKB-P4607M-ALPNE-1X,197223786641,8
TH,100-S5OKB-P4607M-ALPNE-3X,197223786665,5
TH,100-S5OKB-P4607M-ALPNE-L,197223786627,20
TH,100-S5OKB-P4607M-ALPNE-M,197223786610,24
TH,100-S5OKB-P4607M-ALPNE-S,197223786603,13
TH,100-S5OKB-P4607M-ALPNE-XL,197223786634,15
TH,100-S5OKB-P4607M-ALPNE-XS,197223786597,9
TH,100-S5OKB-P4607M-ALPNE-XXS,197223786580,11
TH,100-S5OKB-P4607M-CHALK-3X,197223786863,4
TH,100-S5OKB-P4848M-BLACK-XXS,197223897804,13
TH,100-S5OLA-T5705M-AZURE-S,197223786900,30
TH,100-S5OLA-T5705M-AZURE-XS,197223786894,35
TH,100-S5OLA-T5705M-AZURE-XXS,197223786887,30
TH,100-S5OLA-T5705M-CLOVE-M,197223858560,46
TH,100-S5OLA-T5705M-CLOVE-S,197223858553,33
TH,100-S5OLA-T5705M-CLOVE-XS,197223858546,40
TH,100-S5OLA-T5705M-CLOVE-XXS,197223858539,40
TH,100-S5OLA-T5705P-AZURE-PL,197223823346,5
TH,100-S5OLA-T5705P-AZURE-PM,197223823339,20
TH,100-S5OLA-T5705P-AZURE-PP,197223823315,22
TH,100-S5OLA-T5705P-AZURE-PS,197223823322,7
TH,100-S5OLA-T5705P-CLOVE-PL,197223842828,13
TH,100-S5OLA-T5705P-CLOVE-PM,197223842811,32
TH,100-S5OLA-T5705P-CLOVE-PP,197223842798,28
TH,100-S5OLA-T5705P-CLOVE-PS,197223842804,23
TH,100-S5OLA-T6109M-POOL-1X,197223787549,3
TH,100-S5OLA-T6109M-POOL-2X,197223787556,6
TH,100-S5OLA-T6109M-POOL-3X,197223787563,4
TH,100-S5OLA-T6109M-POOL-L,197223787525,14
TH,100-S5OLA-T6109M-POOL-M,197223787518,6
TH,100-S5OLA-T6109M-WHITE-2X,197223787655,6
TH,100-S5OLA-T6356M-SNGRA-XS,197223983750,4
TH,100-S5OLA-T6356M-SNGRA-XXS,197223983743,3
TH,100-S5OLA-T6368M-BLACK-XS,197223869191,5
TH,100-S5OLA-T6368M-BLACK-XXS,197223869184,23
TH,100-S5OLA-T6368M-BRNCH-XXS,672178358919,5
TH,100-S5OLA-T6368M-OHUBL-XXS,197223984641,8
TH,100-S5PGG-S4288M-WHIND-2X,672178463316,4
TH,100-S5PNJ-K5437M-WHITE-2X,197223974819,4
TH,100-S5PNJ-K5437M-WHITE-3X,197223974826,10
TH,100-S5PTB-T6189M-BLACK-XXS,197223900405,24
TH,100-S5PYQ-P4847M-BLACK-XXS,197223901600,22
TH,100-S5PYQ-P4847M-BLUET-1X,197223901761,19
TH,100-S5PYQ-P4847M-BLUET-2X,197223901778,1
TH,100-S5PYQ-P4847M-BLUET-3X,197223901785,7
TH,100-S5PYQ-P4847M-BLUET-L,197223901747,17
TH,100-S5PYQ-P4847M-BLUET-M,197223901730,5
TH,100-S5PYQ-P4847M-BLUET-S,197223901723,23
TH,100-S5PYQ-P4847M-BLUET-XL,197223901754,9
TH,100-S5PYQ-P4847M-BLUET-XS,197223901716,17
TH,100-S5PYQ-P4847M-BLUET-XXS,197223901709,40
TH,100-S5PYQ-P4847M-CHALK-1X,197223901969,19
TH,100-S5PYQ-P4847M-CHALK-2X,197223901976,14
TH,100-S5PYQ-P4847M-CHALK-3X,197223901983,15
TH,100-S5PYQ-P4847P-BLUET-PP,672178196825,26
TH,100-S5PYQ-P4847P-BLUET-PS,672178196863,11
TH,100-S5PYQ-P4856M-COCOA-3X,197223902881,14
TH,100-S5PYQ-P4856M-COCOA-L,197223902843,28
TH,100-S5PYQ-P4856M-COCOA-M,197223902836,18
TH,100-S5PYQ-P4856M-COCOA-S,197223902829,3
TH,100-S5PYQ-P4856M-COCOA-XL,197223902850,9
TH,100-S5PYQ-P4856M-COCOA-XXS,197223902805,3
TH,100-S5PYQ-P4856M-WHITE-1X,197223903062,7
TH,100-S5PYQ-P4856M-WHITE-2X,197223903079,8
TH,100-S5PYQ-P4856M-WHITE-L,197223903048,10
TH,100-S5PYQ-P4856M-WHITE-M,197223903031,19
TH,100-S5PYQ-P4856M-WHITE-S,197223903024,9
TH,100-S5PYQ-P4856M-WHITE-XS,197223903017,12
TH,100-S5PYQ-P4856M-WHITE-XXS,197223903000,7
TH,100-S5PYQ-P4856P-COCOA-PM,672178077018,7
TH,100-S5PYQ-P4856P-COCOA-PP,672178076875,5
TH,100-S5PYQ-P4856P-WHITE-PL,672178197822,11
TH,100-S5PYQ-P4856P-WHITE-PM,672178197792,13
TH,100-S5QVB-J5756M-BISCU-1X,197223789246,6
TH,100-S5QVB-J5756M-BISCU-2X,197223789253,1
TH,100-S5QVB-J5756M-BISCU-3X,197223789260,22
TH,100-S5QVB-P4828M-BISCU-1X,197223789444,12
TH,100-S5QVB-P4828M-BISCU-3X,197223789468,10
TH,100-S5QVB-P4828M-BISCU-L,197223789420,53
TH,100-S5QVB-P4828M-BISCU-M,197223789413,44
TH,100-S5QVB-P4828M-BISCU-S,197223789406,38
TH,100-S5QVB-P4828M-BISCU-XL,197223789437,27
TH,100-S5QVB-P4828M-BISCU-XS,197223789390,3
TH,100-S5QVB-P4828M-BISCU-XXS,197223789383,32
TH,100-S5QVB-P4828M-CLOVE-1X,197223859093,2
TH,100-S5QVB-P4828M-CLOVE-L,197223859079,30
TH,100-S5QVB-P4828M-CLOVE-M,197223859062,35
TH,100-S5QVB-P4828M-CLOVE-S,197223859055,22
TH,100-S5QVB-P4828M-CLOVE-XL,197223859086,25
TH,100-S5QVB-P4828M-CLOVE-XS,197223859048,18
TH,100-S5QVB-P4828M-CLOVE-XXS,197223859031,27
TH,100-S5QVB-P4828M-WSHBL-L,197223846987,13
TH,100-S5QVB-P4828M-WSHBL-M,197223846970,34
TH,100-S5QVB-P4828M-WSHBL-S,197223846963,20
TH,100-S5QVB-P4828M-WSHBL-XS,197223846956,4
TH,100-S5QVB-P4828M-WSHBL-XXS,197223846949,34
TH,100-S5QVB-P4828P-BISCU-PL,197223819448,28
TH,100-S5QVB-P4828P-BISCU-PM,197223819431,29
TH,100-S5QVB-P4828P-BISCU-PP,197223819417,9
TH,100-S5QVB-P4828P-BISCU-PS,197223819424,16
TH,100-S5QVB-P4828P-CLOVE-PL,197223859161,17
TH,100-S5QVB-P4828P-CLOVE-PM,197223859154,26
TH,100-S5QVB-P4828P-CLOVE-PP,197223859130,8
TH,100-S5QVB-P4828P-CLOVE-PS,197223859147,12
TH,100-S5QVB-P4828P-WSHBL-PL,197223847076,20
TH,100-S5QVB-P4828P-WSHBL-PM,197223847069,38
TH,100-S5QVB-P4828P-WSHBL-PS,197223847052,1
TH,100-S5QVB-P4830M-WHITE-1X,197223789543,6
TH,100-S5QVB-P4830M-WHITE-XL,197223789536,22
TH,100-S5QVB-P4830M-WHITE-XXS,197223789482,25
TH,100-S5QVB-P4830P-WHITE-PL,197223819493,30
TH,100-S5QVB-P4830P-WHITE-PP,197223819462,10
TH,100-S5QVS-J5763M-BLACK-1X,197223903468,5
TH,100-S5QVS-J5763M-BLACK-2X,197223903475,7
TH,100-S5QVS-J5763M-BLACK-3X,197223903482,2
TH,100-S5QVS-J5763M-BLACK-L,197223903444,7
TH,100-S5QVS-J5763M-BLACK-XL,197223903451,8
TH,100-S5QXD-N1581M-BLACK-S/M,197223811961,49
TH,100-S5QXD-N1581M-BLACK-XX/XS,197223811954,25
TH,100-S5RII-D5376M-BLUET-XS,197223991052,5
TH,100-S5RII-D5376M-BLUET-XXS,197223991045,2
TH,100-S5RII-J5593M-FOG-L,672178175417,5
TH,100-S5RII-J5593M-FOG-M,672178175363,13
TH,100-S5RII-J5593M-FOG-XXS,672178175172,4
TH,100-S5RII-J5800M-BLACK-L,197223905042,4
TH,100-S5RII-J5800M-COCOA-L,197223986089,41
TH,100-S5RII-J5800M-COCOA-M,197223986072,60
TH,100-S5RII-J5800M-COCOA-XXS,197223986041,18
TH,100-S5RII-J5800P-BLACK-PS,197223991151,9
TH,100-S5RII-P4700M-WHITE-1X,197223864196,7
TH,100-S5RII-P4700M-WHITE-2X,197223864202,1
TH,100-S5RII-P4700M-WHITE-3X,197223864219,4
TH,100-S5RII-P4701M-COCOA-1X,197223991557,23
TH,100-S5RII-P4701M-COCOA-L,197223991533,8
TH,100-S5RII-P4701M-COCOA-XL,197223991540,23
TH,100-S5RII-P4794M-SNGRA-2X,672178336252,2
TH,100-S5RII-P4796M-WHITE-3X,672178090338,7
TH,100-S5RII-P4833M-CHERY-L,197223790921,3
TH,100-S5RII-P4833M-WHITE-1X,197223791348,4
TH,100-S5RII-P4833M-WHITE-3X,197223791362,1
TH,100-S5RII-P4833M-WHITE-L,197223791324,37
TH,100-S5RII-P4833M-WHITE-M,197223791317,20
TH,100-S5RII-P4833M-WHITE-XL,197223791331,4
TH,100-S5RII-P4833P-CHERY-PL,197223819646,5
TH,100-S5RII-P4833P-WHITE-PL,197223819844,32
TH,100-S5RII-P4833P-WHITE-PM,197223819837,5
TH,100-S5RII-S4405M-WHITE-2X,197223940463,8
TH,100-S5RII-S4405M-WHITE-3X,197223940470,11
TH,100-S5RII-S4405M-WHITE-L,197223940432,7
TH,100-S5RII-S4405M-WHITE-XL,197223940449,1
TH,100-S5RII-V1334M-BLACK-M,197223905332,9
TH,100-S5RII-V1334M-BLACK-S,197223905325,25
TH,100-S5RII-V1334M-BLACK-XXS,197223905301,9
TH,100-S5RII-V1334M-COCOA-1X,197223987703,6
TH,100-S5RII-V1334M-COCOA-3X,197223987727,4
TH,100-S5RII-V1334M-COCOA-M,197223987673,26
TH,100-S5RII-V1334M-COCOA-XL,197223987697,30
TH,100-S5SJP-D5405M-BLACK-XS,672178657821,9
TH,100-S5SJP-D5405M-BLACK-XXS,672178657753,9
TH,100-S5SJP-T6070M-CNTLP-XXS,197223908869,6
TH,100-S5SJP-T6336M-BLACK-XXS,197223946472,20
TH,100-S5TFF-D5347M-BLACK-3X,197223793854,7
TH,100-S5TFF-P4366M-BLACK-S,197223802624,38
TH,100-S5TFF-P4366M-BLACK-XS,197223802617,3
TH,100-S5TFF-P4829M-BLACK-1X,197223794752,68
TH,100-S5TFF-P4829M-BLACK-2X,197223794769,19
TH,100-S5TFF-P4829M-BLACK-3X,197223794776,39
TH,100-S5TFF-P4829M-BLACK-L,197223794738,309
TH,100-S5TFF-P4829M-BLACK-M,197223794721,146
TH,100-S5TFF-P4829M-BLACK-S,197223794714,112
TH,100-S5TFF-P4829M-BLACK-XL,197223794745,112
TH,100-S5TFF-P4829M-BLACK-XS,197223794707,21
TH,100-S5TFF-P4829M-BLACK-XXS,197223794691,33
TH,100-S5TFF-P4829P-BLACK-PL,197223824749,51
TH,100-S5TFF-P4829P-BLACK-PM,197223824732,56
TH,100-S5TFF-P4829P-BLACK-PP,197223824718,31
TH,100-S5TFF-P4829P-BLACK-PS,197223824725,38
TH,100-S5TFF-U4407M-BLACK-1X,197223795056,20
TH,100-S5TFF-U4407M-BLACK-2X,197223795063,6
TH,100-S5TFF-U4407M-BLACK-3X,197223795070,8
TH,100-S5TFF-U4408M-BLACK-XS,197223795209,32
TH,100-S5TFF-U4408M-BLACK-XXS,197223795193,15
TH,100-S5TFF-U4408M-ECLPS-XS,197223795308,7
TH,100-S5TJH-J5793M-BLACK-1X,197223795858,22
TH,100-S5TJH-J5793M-BLACK-2X,197223795865,21
TH,100-S5TJH-J5793M-BLACK-3X,197223795872,23
TH,100-S5TJH-J5793M-BLACK-L,197223795834,22
TH,100-S5TJH-J5793M-BLACK-XL,197223795841,33
TH,100-S5TJH-P4366M-BONE-3X,197223848219,3
TH,100-S5TJH-P4823M-EBONY-XXS,197223796299,13
TH,100-S5TK1-P0696M-ALPNE-1X,197223810049,3
TH,100-S5TK1-P0696M-ALPNE-XL,197223810032,3
TH,100-S5TK1-P0696M-ALPNE-XS,197223809999,18
TH,100-S5TK1-P0696M-BKBRY-XS,197223870098,8
TH,100-S5TK1-P0696M-BKBRY-XXS,197223870081,13
TH,100-S5TK1-P0696M-WHEAT-1X,197223797753,33
TH,100-S5TK1-P0696M-WHEAT-2X,197223797760,13
TH,100-S5TK1-P0696M-WHEAT-3X,197223797777,12
TH,100-S5TK1-P0696M-WHEAT-XXS,197223797692,12
TH,100-S5TK1-P0696P-BLUET-PP,672178215892,2
TH,100-S5TK-D5344M-BLACK-M,197223796626,33
TH,100-S5TK-D5344M-BLACK-S,197223796619,42
TH,100-S5TK-D5344M-BLACK-XS,197223796602,31
TH,100-S5TK-D5344M-BLACK-XXS,197223796596,34
TH,100-S5TK-D5344M-ECLPS-1X,197223796756,17
TH,100-S5TK-D5344M-ECLPS-3X,197223796770,12
TH,100-S5TK-D5344M-ECLPS-L,197223796732,22
TH,100-S5TK-D5344M-ECLPS-M,197223796725,40
TH,100-S5TK-D5344M-ECLPS-S,197223796718,51
TH,100-S5TK-D5344M-ECLPS-XL,197223796749,20
TH,100-S5TK-D5344M-ECLPS-XS,197223796701,42
TH,100-S5TK-D5344M-ECLPS-XXS,197223796695,38
TH,100-S5TK-P4655M-BLUET-XXS,672178695717,9
TH,100-S5TK-P4655M-WHEAT-2X,672178695083,1
TH,100-S5TK-P4655P-ECLPS-PP,197223825012,3
TH,100-S5TK-P4814M-EBONY-XXS,197223796893,10
TH,100-S5TK-P4814M-WHEAT-1X,197223860143,26
TH,100-S5TK-P4814M-WHEAT-2X,197223860150,7
TH,100-S5TK-P4814M-WHEAT-3X,197223860167,7
TH,100-S5TK-P4814M-WHEAT-XL,197223860136,29
TH,100-S5TK-P4814M-WHEAT-XXS,197223860082,24
TH,100-S5TK-P4839M-ECLPS-1X,197223797159,7
TH,100-S5TK-P4839M-ECLPS-L,197223797135,6
TH,100-S5TK-P4839M-ECLPS-S,197223797111,5
TH,100-S5TK-P4839M-ECLPS-XL,197223797142,16
TH,100-S5TK-P4839M-ECLPS-XS,197223797104,10
TH,100-S5TK-P4839M-ECLPS-XXS,197223797098,30
TH,100-S5TK-P4839M-WHEAT-1X,197223797258,27
TH,100-S5TK-P4839M-WHEAT-2X,197223797265,20
TH,100-S5TK-P4839M-WHEAT-3X,197223797272,12
TH,100-S5TK-P4839M-WHEAT-L,197223797234,28
TH,100-S5TK-P4839M-WHEAT-M,197223797227,14
TH,100-S5TK-P4839M-WHEAT-XL,197223797241,61
TH,100-S5TK-P4839M-WHITE-1X,197223797357,15
TH,100-S5TK-P4839M-WHITE-2X,197223797364,8
TH,100-S5TK-P4839M-WHITE-3X,197223797371,1
TH,100-S5TK-P4839M-WHITE-XL,197223797340,28
TH,100-S5TK-P4839P-ECLPS-PP,197223879978,32
TH,100-S5TK-P4839P-WHITE-PP,197223880073,5
TH,100-S5TK-P4858M-BLACK-1X,197223947738,27
TH,100-S5TK-P4858M-BLACK-3X,197223947752,7
TH,100-S5TK-P4858M-BLUET-1X,197223947837,14
TH,100-S5TK-P4858M-BLUET-2X,197223947844,4
TH,100-S5TK-P4858M-BLUET-L,197223947813,7
TH,100-S5TK-P4858M-BLUET-XXS,197223947776,24
TH,100-S5TK-P4858M-BRNCH-XXS,197223947875,13
TH,100-S5TK-P4858P-BKBRY-PP,672178364774,25
TH,100-S5TK-P4858P-BKBRY-PS,672178364804,18
TH,100-S5TK-P4858P-BLUET-PP,672178252125,22
TH,100-S5TK-P4858P-BRNCH-PP,672178252446,6
TH,100-S5TK-S4395M-BLACK-1X,197223797456,19
TH,100-S5TK-S4395M-BLACK-2X,197223797463,13
TH,100-S5TK-S4395M-BLACK-3X,197223797470,13
TH,100-S5TK-S4395M-BLACK-L,197223797432,56
TH,100-S5TK-S4395M-BLACK-M,197223797425,110
TH,100-S5TK-S4395M-BLACK-S,197223797418,109
TH,100-S5TK-S4395M-BLACK-XL,197223797449,39
TH,100-S5TK-S4395M-BLACK-XS,197223797401,59
TH,100-S5TK-S4395M-BLACK-XXS,197223797395,52
TH,100-S5TK-S4395P-BLACK-PL,197223825098,12
TH,100-S5TK-S4395P-BLACK-PM,197223825081,17
TH,100-S5TK-S4395P-BLACK-PP,197223825067,17
TH,100-S5TK-S4395P-BLACK-PS,197223825074,14
TH,100-S5TZH-D4983M-BLUET-1X,197223965916,11
TH,100-S5TZH-D4983M-BLUET-XL,197223965909,3
TH,100-S5TZP-D5317M-BLFLW-1X,197223860945,20
TH,100-S5TZP-D5317M-BLFLW-3X,197223860969,8
TH,100-S5TZP-D5317M-BLFLW-M,197223860914,43
TH,100-S5TZP-D5317M-BLFLW-S,197223860907,38
TH,100-S5TZP-D5317M-BLFLW-XL,197223860938,33
TH,100-S5TZP-D5317M-BLFLW-XS,197223860891,33
TH,100-S5TZP-D5317M-BLFLW-XXS,197223860884,25
TH,100-S5TZP-D5317M-BRNCH-XXS,197223987741,12
TH,100-S5TZP-D5317P-BLFLW-PL,672178220667,25
TH,100-S5TZP-D5317P-BLFLW-PM,672178220544,13
TH,100-S5TZP-D5317P-BLFLW-PP,672178220407,12
TH,100-S5TZP-P4860M-COCOA-1X,197223906124,44
TH,100-S5TZP-P4860M-COCOA-2X,197223906131,20
TH,100-S5TZP-P4860M-COCOA-3X,197223906148,4
TH,100-S5TZP-P4860M-COCOA-S,197223906087,5
TH,100-S5TZP-S4406M-BLACK-1X,197223948339,4
TH,100-S5TZP-S4406M-BLACK-2X,197223948346,6
TH,100-S5TZP-S4406M-BLACK-M,197223948308,14
TH,100-S5TZP-S4406M-BLACK-XXS,197223948278,6
TH,100-S5TZP-S4406M-COCOA-1X,197223962830,3
TH,100-S5TZP-S4406M-COCOA-2X,197223962847,8
TH,100-S5TZP-S4406M-GLDPR-XL,672178114362,9
TH,100-S5TZP-S4406M-ULTMA-2X,197223948643,5
TH,100-S5TZP-S4406M-ULTMA-3X,197223948650,2
TH,100-S5TZP-S4406M-ULTMA-L,197223948612,11
TH,100-S5TZP-S4406M-ULTMA-XL,197223948629,15
TH,100-S5TZP-S4406P-ULTMA-PL,672178224221,20
TH,100-S5TZP-T6344M-COCOA-1X,197223906421,15
TH,100-S5TZP-T6344M-COCOA-2X,197223906438,8
TH,100-S5TZP-T6366M-SEAFM-XS,197223977735,6
TH,100-S5ULO-P4850M-ECLPS-L,197223861720,9
TH,100-S5ULO-P4850M-ECLPS-M,197223861713,17
TH,100-S5ULO-P4850M-ECLPS-S,197223861706,39
TH,100-S5ULO-P4850M-ECLPS-XS,197223861690,8
TH,100-S5ULO-P4850M-ECLPS-XXS,197223861683,20
TH,100-S5ULO-S4290M-BLACK-L,197223798033,18
TH,100-S5ULO-S4290M-BLACK-M,197223798026,12
TH,100-S5ULO-S4290M-BLACK-S,197223798019,27
TH,100-S5ULO-S4290M-BLACK-XS,197223798002,33
TH,100-S5ULO-S4290M-BLACK-XXS,197223797999,30
TH,100-S5ULO-S4290M-ECLPS-1X,197223850694,25
TH,100-S5ULO-S4290M-ECLPS-2X,197223850700,7
TH,100-S5ULO-S4290M-ECLPS-3X,197223850717,4
TH,100-S5ULO-S4290M-ECLPS-L,197223850670,91
TH,100-S5ULO-S4290M-ECLPS-M,197223850663,106
TH,100-S5ULO-S4290M-ECLPS-S,197223850656,83
TH,100-S5ULO-S4290M-ECLPS-XL,197223850687,39
TH,100-S5ULO-S4290M-ECLPS-XS,197223850649,66
TH,100-S5ULO-S4290M-ECLPS-XXS,197223850632,44
TH,100-S5ULO-S4290P-BLACK-PP,197223820468,7
TH,100-S5ULO-S4290P-ECLPS-PL,197223850762,25
TH,100-S5ULO-S4290P-ECLPS-PM,197223850755,31
TH,100-S5ULO-S4290P-ECLPS-PP,197223850731,22
TH,100-S5ULO-S4290P-ECLPS-PS,197223850748,20
TH,100-S5VBZ-J5773M-BLKWH-1X,197223798163,31
TH,100-S5VBZ-J5773M-BLKWH-2X,197223798170,19
TH,100-S5VBZ-J5773M-BLKWH-3X,197223798187,24
TH,100-S5VBZ-J5773M-BLKWH-L,197223798149,62
TH,100-S5VBZ-J5773M-BLKWH-M,197223798132,50
TH,100-S5VBZ-J5773M-BLKWH-S,197223798125,24
TH,100-S5VBZ-J5773M-BLKWH-XL,197223798156,47
TH,100-S5VBZ-J5773M-BLKWH-XS,197223798118,17
TH,100-S5VBZ-J5773M-BLKWH-XXS,197223798101,28
TH,100-S5VBZ-J5773P-BLKWH-PL,197223825241,24
TH,100-S5VBZ-J5773P-BLKWH-PM,197223825234,10
TH,100-S5WGO-J5791M-BLACK-1X,197223798262,19
TH,100-S5WGO-J5791M-BLACK-2X,197223798279,16
TH,100-S5WGO-J5791M-BLACK-3X,197223798286,11
TH,100-S5WGO-J5791M-BLACK-XL,197223798255,15
TH,100-S5WZK-J5757M-GRYST-1X,197223873860,16
TH,100-S5WZK-J5757M-GRYST-L,197223873846,11
TH,100-S5WZK-J5757M-GRYST-M,197223873839,9
TH,100-S5WZK-J5757M-GRYST-XL,197223873853,11
TH,100-S5WZK-J5757M-GRYST-XS,197223873815,20
TH,100-S5WZK-J5788M-ECLPS-3X,197223798859,3
TH,100-S5WZK-J5788M-GRYST-1X,197223798934,24
TH,100-S5WZK-J5788M-GRYST-2X,197223798941,24
TH,100-S5WZK-J5788M-GRYST-3X,197223798958,19
TH,100-S5WZK-J5788M-GRYST-L,197223798910,28
TH,100-S5WZK-J5788M-GRYST-M,197223798903,10
TH,100-S5WZK-J5788M-GRYST-XL,197223798927,18
TH,100-S5WZK-J5788M-WHEAT-1X,197223799030,28
TH,100-S5WZK-J5788M-WHEAT-2X,197223799047,15
TH,100-S5WZK-J5788M-WHEAT-3X,197223799054,18
TH,100-S5WZK-J5788M-WHEAT-L,197223799016,12
TH,100-S5WZK-J5788M-WHEAT-XL,197223799023,39
TH,100-S5WZK-P4366M-ECLPS-1X,197223799139,18
TH,100-S5WZK-P4366M-ECLPS-XL,197223799122,4
TH,100-S5WZK-P4366M-GRYST-3X,197223799252,2
TH,100-S5WZK-P4832M-WHEAT-1X,197223799771,27
TH,100-S5WZK-P4832M-WHEAT-2X,197223799788,12
TH,100-S5WZK-P4832M-WHEAT-3X,197223799795,5
TH,100-S5WZK-P4832M-WHEAT-L,197223799757,30
TH,100-S5WZK-P4832M-WHEAT-M,197223799740,17
TH,100-S5WZK-P4832M-WHEAT-S,197223799733,4
TH,100-S5WZK-P4832M-WHEAT-XL,197223799764,44
TH,100-S5WZK-P4832M-WHEAT-XS,197223799726,9
TH,100-S5WZK-V1336M-GRYST-2X,197223928614,1
TH,100-S5XJU-U4395M-CHERY-XXS,197223881025,2
TH,100-S5XJU-U4395M-POOL-XS,197223881735,4
TH,100-S5XJU-U4395M-POOL-XXS,197223881728,4
TG,100-F4BBO-W6203P-BLACK-PL,197223763291,3
TG,100-F5AIS-K5455M-CASIS-S,198895002992,1
TG,100-F5AIS-K5455M-CHAR-XS,198895003074,1
TG,100-F5AIS-K5455M-CHAR-XXS,198895003067,3
TG,100-F5AIS-V1354M-SESLT-2X,198895003760,14
TG,100-F5AIS-V1354M-SESLT-3X,198895003777,12
TG,100-F5AIS-V1354M-SESLT-S,198895003715,3
TG,100-F5AIS-V1354M-SESLT-XXS,198895003692,8
TG,100-F5AIS-W6243M-ALPNE-XL,198895098964,1
TG,100-F5AIS-W6243M-BISCU-1X,198895003845,1
TG,100-F5AIS-W6243M-BISCU-2X,198895003852,2
TG,100-F5AIS-W6243M-BISCU-3X,198895003869,2
TG,100-F5AIS-W6243M-BISCU-XS,198895003791,1
TG,100-F5AIS-W6243M-BLACK-2X,198895003944,2
TG,100-F5AIS-W6243M-BLACK-L,198895003913,4
TG,100-F5AIS-W6243M-BLACK-M,198895003906,1
TG,100-F5AIS-W6243M-CHAR-1X,198895004026,1
TG,100-F5AIS-W6243M-CHAR-M,198895003999,1
TG,100-F5AIS-W6243M-CHAR-XL,198895004019,5
TG,100-F5AIS-W6243M-SESLT-2X,198895004309,4
TG,100-F5AIX-W6220M-WHEAT-XS,198895004965,3
TG,100-F5AJH-T6109M-ROYAL-1X,198895005559,16
TG,100-F5AJH-T6109M-ROYAL-2X,198895005566,12
TG,100-F5AJH-T6109M-ROYAL-3X,198895005573,7
TG,100-F5AJH-T6109M-ROYAL-L,198895005535,13
TG,100-F5AJH-T6109M-ROYAL-M,198895005528,1
TG,100-F5AJH-T6109M-ROYAL-XL,198895005542,14
TG,100-F5AJH-T6109M-ROYAL-XS,198895005504,7
TG,100-F5AJH-T6109M-ROYAL-XXS,198895005498,8
TG,100-F5AJH-T6109M-RYE-XL,198895005634,3
TG,100-F5AJH-T6368M-ALPNE-S,198895005696,8
TG,100-F5AJH-T6368M-ALPNE-XS,198895005689,10
TG,100-F5AJH-T6368M-WHITE-1X,198895005825,1
TG,100-F5AJH-T6368M-WHITE-3X,198895005849,2
TG,100-F5AJH-T6368M-WHITE-S,198895005788,1
TG,100-F5AJH-T6368M-WHITE-XL,198895005818,2
TG,100-F5AJH-T6385M-WHITE-L,198895005894,1
TG,100-F5AJH-T6385M-WHITE-M,198895005887,3
TG,100-F5AJH-T6385M-WHITE-S,198895005870,2
TG,100-F5AJH-T6385M-WHITE-XS,198895005863,1
TG,100-F5AJH-T6385M-WHITE-XXS,198895005856,5
TG,100-F5AJH-T6385P-WHITE-PM,198895005962,1
TG,100-F5AJH-T6407M-WHITE-3X,198895006068,6
TG,100-F5AJH-T6407M-WHITE-XXS,198895005986,1
TG,100-F5AKD-T6368M-MYRTL-M,198895006105,1
TG,100-F5AKD-T6368M-MYRTL-XXS,198895006075,4
TG,100-F5AKD-T6368P-MYRTL-PL,198895006198,1
TG,100-F5AKD-T6368P-MYRTL-PP,198895006167,2
TG,100-F5AKR-C2157M-WDLND-1X,198895007072,4
TG,100-F5AKR-C2157M-WDLND-3X,198895007096,4
TG,100-F5AKR-C2158M-ROYAL-XL,198895007249,4
TG,100-F5AKR-C2158M-ROYAL-XS,198895007201,15
TG,100-F5AKR-C2158M-ROYAL-XXS,198895007195,1
TG,100-F5AKR-C2158M-RYE-2X,198895007355,1
TG,100-F5AKR-C2158M-RYE-L,198895007324,1
TG,100-F5AKR-C2158P-ROYAL-PL,198895007409,8
TG,100-F5AOP-C2170M-ATLAN-M,198895007485,1
TG,100-F5AOP-C2170M-ATLAN-S,198895007478,4
TG,100-F5AOP-C2170M-ATLAN-XS,198895007461,1
TG,100-F5AOP-C2170M-INK-1X,198895007607,2
TG,100-F5AOP-C2170M-INK-L,198895007584,2
TG,100-F5AOP-C2170M-INK-M,198895007577,14
TG,100-F5AOP-C2170M-INK-S,198895007560,9
TG,100-F5AOP-C2170M-INK-XL,198895007591,4
TG,100-F5AOP-C2170M-INK-XS,198895007553,5
TG,100-F5AOP-C2170M-INK-XXS,198895007546,2
TG,100-F5BBO-W6226M-ALPNE-XL,198895007683,1
TG,100-F5BBO-W6226M-SESLT-1X,198895008055,5
TG,100-F5BBO-W6226M-SESLT-3X,198895008079,11
TG,100-F5BBR-T6388M-EVGLD-M,198895008291,1
TG,100-F5BBR-T6388M-EVGLD-S,198895008284,1
TG,100-F5BDE-P4679P-CLIND-PL,198895008789,1
TG,100-F5BDE-P4882M-BLACK-3X,198895008871,1
TG,100-F5BDE-P4882M-BLACK-XXS,198895008796,1
TG,100-F5BDE-P4882M-MDNGO-XS,198895008895,1
TG,100-F5BDE-P4882P-BLACK-PP,198895091583,2
TG,100-F5BDE-P4882P-MDNGO-PL,198895091651,1
TG,100-F5BDE-P4887M-CLIND-2X,198895009045,5
TG,100-F5BDE-P4887M-DPIND-1X,198895136031,1
TG,100-F5BDE-P4887M-DPIND-2X,198895136048,12
TG,100-F5BDE-P4887M-DPIND-S,198895135997,8
TG,100-F5BDE-P4887M-MDNGO-L,198895009106,1
TG,100-F5BDE-P4887M-MDNGO-XL,198895009113,2
TG,100-F5BDE-P4887M-MDNGO-XXS,198895009069,2
TG,100-F5BDE-P4887P-MDNGO-PP,198895009199,1
TG,100-F5BDE-P4888M-CLIND-1X,198895009298,1
TG,100-F5BDE-P4888M-CLIND-L,198895009274,1
TG,100-F5BDE-P4888M-DPIND-3X,198895136185,1
TG,100-F5BDE-P4888M-DPIND-L,198895136147,1
TG,100-F5BDE-P4888M-DPIND-S,198895136123,1
TG,100-F5BDE-P4888M-DPIND-XL,198895136154,1
TG,100-F5BDE-P4888M-DPIND-XXS,198895136109,2
TG,100-F5BDE-P4888M-MDNGO-3X,198895009403,5
TG,100-F5BDE-P4888M-MDNGO-L,198895009366,22
TG,100-F5BDE-P4888M-MDNGO-XL,198895009373,20
TG,100-F5BDE-P4888M-MDNGO-XS,198895009335,1
TG,100-F5BDE-P4888P-DPIND-PP,198895136192,1
TG,100-F5BFG-T6175M-BLACK-L,198895009717,2
TG,100-F5BFG-T6175M-BLACK-XL,198895009724,1
TG,100-F5BFG-T6175M-BLACK-XS,198895009687,25
TG,100-F5BFG-T6175M-CASIS-XXS,198895009762,2
TG,100-F5BFG-T6175M-INK-XS,198895009953,8
TG,100-F5BFG-T6175M-INK-XXS,198895009946,26
TG,100-F5BFG-T6175M-RYE-XS,198895010133,3
TG,100-F5BFG-T6175M-RYE-XXS,198895010126,3
TG,100-F5BFG-T6176M-BLACK-L,198895010799,5
TG,100-F5BFG-T6176M-BLACK-M,198895010782,3
TG,100-F5BFG-T6176M-BLACK-S,198895010775,14
TG,100-F5BFG-T6176M-BLACK-XS,198895010768,12
TG,100-F5BFG-T6176M-BLACK-XXS,198895010751,6
TG,100-F5BFG-T6176M-WINE-M,198895127862,2
TG,100-F5BFG-T6176M-WINE-S,198895127855,2
TG,100-F5BFG-T6176M-WINE-XL,198895127886,1
TG,100-F5BFG-T6176M-WINE-XS,198895127848,10
TG,100-F5BFG-T6176M-WINE-XXS,198895127831,20
TG,100-F5BFK-T6175M-CHAR-1X,198895012168,6
TG,100-F5BFK-T6175M-CHAR-3X,198895012182,3
TG,100-F5BFK-T6175M-CHAR-M,198895012137,22
TG,100-F5BFK-T6175M-CHAR-S,198895012120,12
TG,100-F5BFK-T6175M-CHAR-XS,198895012113,32
TG,100-F5BFK-T6175M-CHAR-XXS,198895012106,42
TG,100-F5BFK-T6175M-DOVE-1X,198895012250,6
TG,100-F5BFK-T6175M-DOVE-2X,198895012267,1
TG,100-F5BFK-T6175M-DOVE-L,198895012236,15
TG,100-F5BFK-T6175M-DOVE-M,198895012229,2
TG,100-F5BFK-T6175M-DOVE-XL,198895012243,6
TG,100-F5BFK-T6175M-DOVE-XS,198895012205,17
TG,100-F5BFK-T6175M-DOVE-XXS,198895012199,30
TG,100-F5BFK-T6175M-NMBUS-1X,198895113391,1
TG,100-F5BFK-T6175M-NMBUS-L,198895113377,1
TG,100-F5BFK-T6175M-NMBUS-S,198895113353,1
TG,100-F5BFK-T6175M-NMBUS-XL,198895113384,1
TG,100-F5BFK-T6175M-SESLT-1X,198895012434,2
TG,100-F5BFK-T6175M-SESLT-2X,198895012441,6
TG,100-F5BFK-T6175M-SESLT-3X,198895012458,14
TG,100-F5BFK-T6175M-SESLT-L,198895012410,1
TG,100-F5BFK-T6175M-SESLT-XL,198895012427,5
TG,100-F5BFK-T6175M-SESLT-XS,198895012380,1
TG,100-F5BFK-T6175M-SESLT-XXS,198895012373,1
TG,100-F5BOB-J5593M-BLACK-1X,198895133658,8
TG,100-F5BOB-J5593M-BLACK-3X,198895133672,1
TG,100-F5BOB-J5593M-BLACK-L,198895133634,4
TG,100-F5BOB-J5593M-BLACK-M,198895133627,6
TG,100-F5BOB-J5593M-BLACK-S,198895133610,8
TG,100-F5BOB-J5593M-BLACK-XL,198895133641,8
TG,100-F5BOB-J5593M-BLACK-XS,198895133603,3
TG,100-F5BOB-J5593M-BLACK-XXS,198895133597,6
TG,100-F5BOB-J5593P-BLACK-PL,198895091873,2
TG,100-F5BOB-J5593P-BLACK-PP,198895091842,1
TG,100-F5BOB-J5593P-BLACK-PS,198895091859,4
TG,100-F5BOB-P4593M-BLACK-L,198895013301,3
TG,100-F5BOB-P4593M-BLACK-M,198895013295,1
TG,100-F5BOB-P4593M-BLACK-XL,198895013318,1
TG,100-F5BOB-P4593M-CHALK-2X,198895013516,4
TG,100-F5BOB-P4593M-CHALK-3X,198895013523,1
TG,100-F5BOB-P4593M-CHALK-L,198895013486,19
TG,100-F5BOB-P4593M-CHALK-M,198895013479,6
TG,100-F5BOB-P4593M-CHALK-XL,198895013493,9
TG,100-F5BOB-P4593M-CHALK-XS,198895013455,1
TG,100-F5BOB-P4593M-WDLND-3X,198895013707,1
TG,100-F5BOB-P4593P-BLACK-PL,198895092009,3
TG,100-F5BOB-P4593P-BLACK-PM,198895091996,1
TG,100-F5BOB-P4593P-BLACK-PP,198895091972,3
TG,100-F5BOB-P4593P-CHALK-PL,198895092047,24
TG,100-F5BOB-P4593P-CHALK-PM,198895092030,18
TG,100-F5BOB-P4593P-CHALK-PP,198895092016,1
TG,100-F5BOB-P4593P-CHALK-PS,198895092023,1
TG,100-F5BOB-P4698M-BISCU-L,198895013752,4
TG,100-F5BOB-P4698M-BISCU-M,198895013745,26
TG,100-F5BOB-P4698M-BISCU-S,198895013738,35
TG,100-F5BOB-P4698M-BISCU-XL,198895013769,49
TG,100-F5BOB-P4698M-BISCU-XS,198895013721,6
TG,100-F5BOB-P4698M-BISCU-XXS,198895013714,8
TG,100-F5BOB-P4698P-BISCU-PL,198895092160,12
TG,100-F5BOB-P4698P-BISCU-PM,198895092153,1
TG,100-F5BOB-P4698P-BISCU-PP,198895092139,1
TG,100-F5BOB-P4698P-BISCU-PS,198895092146,2
TG,100-F5BOB-P4812M-BISCU-1X,198895014131,12
TG,100-F5BOB-P4812M-BISCU-L,198895014117,29
TG,100-F5BOB-P4812M-BISCU-M,198895014100,15
TG,100-F5BOB-P4812M-BISCU-S,198895014094,10
TG,100-F5BOB-P4812M-BISCU-XL,198895014124,29
TG,100-F5BOB-P4812M-BISCU-XS,198895014087,4
TG,100-F5BOB-P4812M-BISCU-XXS,198895014070,19
TG,100-F5BOB-P4812M-BLACK-1X,198895014223,4
TG,100-F5BOB-P4812M-BLACK-2X,198895014230,1
TG,100-F5BOB-P4812M-BLACK-L,198895014209,7
TG,100-F5BOB-P4812M-BLACK-M,198895014193,8
TG,100-F5BOB-P4812M-BLACK-XL,198895014216,8
TG,100-F5BOB-P4812M-CHALK-1X,198895014315,6
TG,100-F5BOB-P4812M-CHALK-2X,198895014322,1
TG,100-F5BOB-P4812M-CHALK-L,198895014292,14
TG,100-F5BOB-P4812M-CHALK-M,198895014285,3
TG,100-F5BOB-P4812M-CHALK-S,198895014278,1
TG,100-F5BOB-P4812M-CHALK-XL,198895014308,13
TG,100-F5BOB-P4812M-CHALK-XXS,198895014254,4
TG,100-F5BOB-P4812P-BISCU-PL,198895092207,2
TG,100-F5BOB-P4812P-BISCU-PM,198895092191,2
TG,100-F5BOB-P4812P-BISCU-PP,198895092177,5
TG,100-F5BOB-P4812P-BISCU-PS,198895092184,2
TG,100-F5BOB-P4812P-BLACK-PM,198895092238,1
TG,100-F5BOB-P4812P-BLACK-PS,198895092221,1
TG,100-F5BOB-P4812P-CHALK-PL,198895092283,8
TG,100-F5BOB-P4812P-CHALK-PM,198895092276,1
TG,100-F5BOB-P4812P-CHALK-PP,198895092252,8
TG,100-F5BOB-P4812P-CHALK-PS,198895092269,1
TG,100-F5BOB-P4823M-BLACK-1X,198895092351,7
TG,100-F5BOB-P4823M-BLACK-2X,198895092368,2
TG,100-F5BOB-P4823M-BLACK-L,198895092337,13
TG,100-F5BOB-P4823M-BLACK-M,198895092320,8
TG,100-F5BOB-P4823M-BLACK-XL,198895092344,8
TG,100-F5BOB-P4823M-BLACK-XXS,198895092290,4
TG,100-F5BOB-P4823P-BLACK-PL,198895092412,8
TG,100-F5BOB-P4823P-BLACK-PM,198895092405,3
TG,100-F5BOB-P4823P-BLACK-PS,198895092399,5
TG,100-F5BQB-J5593M-CHAR-M,198895014728,1
TG,100-F5BQB-P4593M-CHAR-1X,198895014841,2
TG,100-F5BQB-P4593M-CHAR-2X,198895014858,1
TG,100-F5BQB-P4593M-CHAR-3X,198895014865,1
TG,100-F5BQB-P4593M-CHAR-M,198895014810,4
TG,100-F5BQB-P4593M-CHAR-XL,198895014834,3
TG,100-F5BQB-P4593P-CHAR-PL,198895092726,1
TG,100-F5BQB-P4812M-CHAR-1X,198895015022,2
TG,100-F5BQB-P4812M-CHAR-2X,198895015039,3
TG,100-F5BQB-P4812M-CHAR-L,198895015008,4
TG,100-F5BQB-P4812M-CHAR-M,198895014995,2
TG,100-F5BQB-P4812M-CHAR-XL,198895015015,4
TG,100-F5BQB-S4290M-CHAR-1X,198895015206,4
TG,100-F5BQB-S4290M-CHAR-L,198895015183,7
TG,100-F5BQB-S4290M-CHAR-M,198895015176,7
TG,100-F5BQB-S4290M-CHAR-S,198895015169,13
TG,100-F5BQB-S4290M-CHAR-XL,198895015190,1
TG,100-F5BQB-S4290M-CHAR-XXS,198895015145,1
TG,100-F5BQB-S4290P-CHAR-PL,198895143411,2
TG,100-F5BQB-S4290P-CHAR-PM,198895143404,1
TG,100-F5BSR-W6185M-BLACK-M,198895015657,51
TG,100-F5BSR-W6185M-BLACK-XL,198895015671,33
TG,100-F5BSR-W6185M-BLACK-XXS,198895015626,2
TG,100-F5BSR-W6185M-DALIA-M,198895015831,1
TG,100-F5BSR-W6185M-DALIA-XL,198895015855,3
TG,100-F5BSR-W6185M-DRGFY-2X,198895015961,3
TG,100-F5BSR-W6185M-DRGFY-3X,198895015978,8
TG,100-F5BSR-W6185M-DRGFY-L,198895015930,1
TG,100-F5BSR-W6185M-DRGFY-M,198895015923,1
TG,100-F5BSR-W6185M-DRGFY-XS,198895015909,1
TG,100-F5BSR-W6185M-MYRTL-3X,198895016067,1
TG,100-F5BSR-W6185M-RUBY-XXS,198895016166,1
TG,100-F5BWQ-J5810M-BLACK-1X,198895016760,3
TG,100-F5BWQ-J5810M-BLACK-L,198895016746,1
TG,100-F5BWQ-J5810M-BLACK-XL,198895016753,14
TG,100-F5BWQ-J5810M-SERPN-1X,198895016852,1
TG,100-F5BWQ-J5810M-SERPN-3X,198895016876,1
TG,100-F5BWQ-J5810M-SERPN-L,198895016838,1
TG,100-F5BWQ-J5810M-SESLT-2X,198895016951,9
TG,100-F5BWQ-J5810M-SESLT-XS,198895016890,6
TG,100-F5BWQ-J5810M-SESLT-XXS,198895016883,8
TG,100-F5BWQ-J5821M-WINE-1X,198895017484,1
TG,100-F5BWQ-J5821M-WINE-L,198895017460,1
TG,100-F5BWQ-J5821M-WINE-M,198895017453,3
TG,100-F5BWQ-J5821M-WINE-XL,198895017477,1
TG,100-F5BWQ-J5821M-WINE-XS,198895017439,1
TG,100-F5BWQ-V1319M-CHAR-1X,198895017668,8
TG,100-F5BWQ-V1319M-CHAR-2X,198895017675,1
TG,100-F5BWQ-V1319M-CHAR-M,198895017637,2
TG,100-F5BWQ-V1319M-CHAR-XL,198895017651,2
TG,100-F5BWQ-V1319M-CHAR-XXS,198895017606,7
TG,100-F5BWQ-V1319M-WREN-M,198895092856,1
TG,100-F5BWQ-V1319M-WREN-S,198895092849,1
TG,100-F5BWQ-V1319M-WREN-XL,198895092870,1
TG,100-F5BWQ-V1319P-CHAR-PL,198895092948,2
TG,100-F5BWQ-V1319P-CHAR-PS,198895092924,4
TG,100-F5BWQ-V1355M-ALPNE-S,198895017712,2
TG,100-F5BWQ-V1355M-ALPNE-XS,198895017705,16
TG,100-F5BWQ-V1355M-ALPNE-XXS,198895017699,22
TG,100-F5BWQ-V1355M-BLACK-L,198895017828,4
TG,100-F5BWQ-V1355M-BLACK-M,198895017811,15
TG,100-F5BWQ-V1355M-BLACK-S,198895017804,42
TG,100-F5BWQ-V1355M-BLACK-XL,198895017835,4
TG,100-F5BWQ-V1355M-BLACK-XS,198895017798,30
TG,100-F5BWQ-V1355M-BLACK-XXS,198895017781,16
TG,100-F5BWQ-V1355M-CHAR-L,198895017910,1
TG,100-F5BWQ-V1355M-CHAR-M,198895017903,1
TG,100-F5BWQ-V1355M-CHAR-S,198895017897,5
TG,100-F5BWQ-V1355M-CHAR-XL,198895017927,1
TG,100-F5BWQ-V1355M-CHAR-XS,198895017880,9
TG,100-F5BWQ-V1355M-CHAR-XXS,198895017873,20
TG,100-F5BWQ-V1355M-RUBY-1X,198895018023,1
TG,100-F5BWQ-V1355M-RUBY-L,198895018009,1
TG,100-F5BWQ-V1355M-RUBY-M,198895017996,1
TG,100-F5BWQ-V1355M-RUBY-S,198895017989,6
TG,100-F5BWQ-V1355M-RUBY-XS,198895017972,9
TG,100-F5BWQ-V1355M-SESLT-1X,198895018115,11
TG,100-F5BWQ-V1355M-SESLT-2X,198895018122,13
TG,100-F5BWQ-V1355M-SESLT-3X,198895018139,2
TG,100-F5BWQ-V1355M-SESLT-L,198895018092,26
TG,100-F5BWQ-V1355M-SESLT-M,198895018085,33
TG,100-F5BWQ-V1355M-SESLT-S,198895018078,41
TG,100-F5BWQ-V1355M-SESLT-XL,198895018108,15
TG,100-F5BWQ-V1355M-SESLT-XS,198895018061,34
TG,100-F5BWQ-V1355M-SESLT-XXS,198895018054,18
TG,100-F5BWQ-V1355M-WINE-M,198895018177,2
TG,100-F5BWQ-V1355M-WINE-S,198895018160,6
TG,100-F5BWQ-V1355P-ALPNE-PP,198895092955,2
TG,100-F5BWQ-V1355P-ALPNE-PS,198895092962,1
TG,100-F5BWQ-V1355P-BLACK-PP,198895092993,7
TG,100-F5BWQ-V1355P-BLACK-PS,198895093006,10
TG,100-F5BWQ-V1355P-SESLT-PL,198895093105,15
TG,100-F5BWQ-V1355P-SESLT-PM,198895093099,38
TG,100-F5BWQ-V1355P-SESLT-PP,198895093075,23
TG,100-F5BWQ-V1355P-SESLT-PS,198895093082,40
TG,100-F5CEA-W6247M-DOVE-L,198895018368,1
TG,100-F5CEA-W6247M-DOVE-M,198895018351,1
TG,100-F5CEA-W6247M-DOVE-S,198895018344,1
TG,100-F5CEA-W6247M-SSPRY-XL,198895018641,1
TG,100-F5CED-W5164M-ABGNE-1X,198895163402,3
TG,100-F5CED-W5164M-ABGNE-L,198895163389,2
TG,100-F5CED-W5164M-ABGNE-M,198895163372,2
TG,100-F5CED-W5164M-ABGNE-XS,198895163358,1
TG,100-F5CED-W5164M-ABGNE-XXS,198895163341,5
TG,100-F5CED-W5164M-PLUME-3X,198895122911,1
TG,100-F5CED-W5164M-PLUME-M,198895122867,3
TG,100-F5CED-W5164M-PLUME-XL,198895122881,5
TG,100-F5CHY-W6239M-INK-L,198895129750,3
TG,100-F5CHY-W6239M-INK-M,198895129743,2
TG,100-F5CHY-W6239M-INK-S,198895129736,2
TG,100-F5CHY-W6239M-INK-XS,198895129729,3
TG,100-F5CHY-W6239M-INK-XXS,198895129712,4
TG,100-F5CHY-W6239M-RYE-L,198895019891,2
TG,100-F5CHY-W6239M-RYE-M,198895019884,1
TG,100-F5CHY-W6239M-RYE-S,198895019877,5
TG,100-F5CHY-W6239M-RYE-XXS,198895019853,1
TG,100-F5CHY-W6261M-BLACK-L,198895123079,58
TG,100-F5CHY-W6261M-BLACK-M,198895123062,67
TG,100-F5CHY-W6261M-BLACK-S,198895123055,58
TG,100-F5CHY-W6261M-BLACK-XL,198895123086,27
TG,100-F5CHY-W6261M-BLACK-XS,198895123048,24
TG,100-F5CHY-W6261M-BRNCH-S,198895123154,7
TG,100-F5CHY-W6261M-BRNCH-XS,198895123147,1
TG,100-F5CHY-W6261M-BRNCH-XXS,198895123130,2
TG,100-F5CHY-W6261M-MLGRP-1X,198895163624,4
TG,100-F5CHY-W6261M-MLGRP-3X,198895163648,1
TG,100-F5CHY-W6261M-MLGRP-XS,198895163570,1
TG,100-F5CHY-W6261M-MLGRP-XXS,198895163563,2
TG,100-F5CIK-C2166M-ASH-L,198895020255,4
TG,100-F5CIK-C2166M-ASH-M,198895020248,4
TG,100-F5CIK-C2166M-ASH-S,198895020231,4
TG,100-F5CIK-C2166M-ASH-XL,198895020262,4
TG,100-F5CIK-C2166M-ASH-XXS,198895020217,2
TG,100-F5CUF-W6221M-ASH-L/XL,198895105839,17
TG,100-F5CUF-W6221M-ASH-S/M,198895105822,16
TG,100-F5CUF-W6221M-ASH-XX/XS,198895105815,1
TG,100-F5CUF-W6221M-SOFWH-1X/2X,198895105921,11
TG,100-F5CUF-W6221M-SOFWH-L/XL,198895105914,1
TG,100-F5CUF-W6221M-SOFWH-S/M,198895105907,3
TG,100-F5CVY-W6218M-BLACK-M,198895021320,44
TG,100-F5CVY-W6218M-BLACK-S,198895021313,54
TG,100-F5CVY-W6218M-IVORY-XS,198895021399,41
TG,100-F5DFJ-J5823M-BONE-L,198895163730,35
TG,100-F5DFJ-J5823M-BONE-M,198895163723,25
TG,100-F5DFJ-J5823M-BONE-XL,198895163747,27
TG,100-F5DFJ-V1357M-BONE-3X,198895163860,2
TG,100-F5DFJ-V1357M-BONE-S,198895163808,3
TG,100-F5DFL-W6171M-MOON-M,198895129927,1
TG,100-F5DFL-W6171M-MOON-XS,198895129903,7
TG,100-F5DFL-W6171M-MOON-XXS,198895129897,15
TG,100-F5DFL-W6171M-REED-M,198895022136,1
TG,100-F5DFL-W6171M-REED-XS,198895022112,1
TG,100-F5DFL-W6171M-REED-XXS,198895022105,6
TG,100-F5DFL-W6171M-RUBY-1X,198895022259,1
TG,100-F5DFL-W6171M-RUBY-XS,198895022204,2
TG,100-F5DFL-W6171M-RUBY-XXS,198895022198,5
TG,100-F5DFL-W6171M-SSPRY-M,198895130015,1
TG,100-F5DFL-W6171M-SSPRY-XXS,198895129989,9
TG,100-F5DKS-K5469M-DKPRL-1X,198895148669,14
TG,100-F5DKS-K5469M-DKPRL-2X,198895148676,10
TG,100-F5DKS-K5469M-DKPRL-3X,198895148683,1
TG,100-F5DKS-K5469M-DKPRL-L,198895148645,21
TG,100-F5DKS-K5469M-DKPRL-M,198895148638,39
TG,100-F5DKS-K5469M-DKPRL-S,198895148621,26
TG,100-F5DKS-N1586M-DKPRL-1X/2X,198895238414,6
TG,100-F5DKS-N1586M-DKPRL-S/M,198895238391,6
TG,100-F5DKS-W6243M-DKPRL-M,198895123369,8
TG,100-F5DKS-W6243M-DKPRL-S,198895123352,1
TG,100-F5DKS-W6243M-DKPRL-XS,198895123345,2
TG,100-F5DKS-W6243M-DKPRL-XXS,198895123338,1
TG,100-F5FIT-W6211M-ARCBL-1X,198895023546,1
TG,100-F5FIT-W6211M-ARCBL-M,198895023515,15
TG,100-F5FIT-W6211M-ARCBL-S,198895023508,7
TG,100-F5FIT-W6211M-ARCBL-XS,198895023492,7
TG,100-F5FIT-W6211M-MOSS-M,198895023782,1
TG,100-F5FIT-W6211M-MOSS-XS,198895023768,2
TG,100-F5FTE-T6260M-ALPNE-XXS,198895024383,3
TG,100-F5FTE-T6260M-BLACK-L,198895024512,1
TG,100-F5FTE-T6260M-BLACK-XXS,198895024475,6
TG,100-F5FTE-T6260M-WINE-S,198895136871,14
TG,100-F5FTE-T6260M-WINE-XS,198895136864,12
TG,100-F5FTE-T6260M-WINE-XXS,198895136857,20
TG,100-F5FTE-T6370M-ROYAL-2X,198895024901,18
TG,100-F5FTE-T6370M-ROYAL-3X,198895024918,1
TG,100-F5FVC-C2163M-SESLT-3X,198895025632,1
TG,100-F5FVC-C2163M-SESLT-L,198895025595,5
TG,100-F5FVC-C2163M-SESLT-M,198895025588,9
TG,100-F5FVC-C2163M-SESLT-S,198895025571,6
TG,100-F5FVC-C2163M-SESLT-XL,198895025601,6
TG,100-F5FVC-C2163M-SESLT-XS,198895025564,4
TG,100-F5FVC-C2163M-SESLT-XXS,198895025557,15
TG,100-F5FVC-C2163P-SESLT-PL,198895130237,6
TG,100-F5FVC-C2163P-SESLT-PM,198895130220,7
TG,100-F5FVC-C2163P-SESLT-PS,198895130213,2
TG,100-F5FWU-K5448M-ASH-M,198895026752,9
TG,100-F5FWU-K5448M-ASH-S,198895026745,8
TG,100-F5FWU-K5448M-ASH-XL,198895026776,2
TG,100-F5FWU-K5448M-ASH-XS,198895026738,18
TG,100-F5FWU-K5448M-ASH-XXS,198895026721,4
TG,100-F5FWU-K5448M-BLACK-1X,198895026967,1
TG,100-F5FWU-K5448M-BLACK-2X,198895026974,1
TG,100-F5FWU-K5448M-BLACK-L,198895026943,4
TG,100-F5FWU-K5448M-BLACK-M,198895026936,5
TG,100-F5FWU-K5448M-BLACK-S,198895026929,2
TG,100-F5FWU-K5448M-BLACK-XS,198895026912,9
TG,100-F5FWU-K5448M-BLACK-XXS,198895026905,9
TG,100-F5FWU-K5449M-BLACK-1X,198895027056,1
TG,100-F5FWU-K5449M-BLACK-M,198895027025,1
TG,100-F5FWU-K5449M-INK-2X,198895130312,2
TG,100-F5FWU-K5449M-INK-L,198895130282,3
TG,100-F5FWU-K5449M-INK-M,198895130275,2
TG,100-F5FWU-K5449M-INK-XL,198895130299,1
TG,100-F5FWU-K5449M-RUBY-1X,198895027148,2
TG,100-F5FWU-K5449M-RUBY-2X,198895027155,4
TG,100-F5FWU-K5449M-RUBY-L,198895027124,3
TG,100-F5FWU-K5449M-RUBY-M,198895027117,4
TG,100-F5FWU-K5449M-RUBY-S,198895027100,5
TG,100-F5FWU-W6223M-ASH-3X,198895130411,3
TG,100-F5FWU-W6223M-ASH-L,198895130374,3
TG,100-F5FWU-W6223M-ASH-XL,198895130381,3
TG,100-F5FWU-W6223M-ASH-XS,198895130343,1
TG,100-F5FWU-W6223M-BISCU-2X,198895027247,1
TG,100-F5FWU-W6223M-BISCU-3X,198895027254,4
TG,100-F5FWU-W6223M-BISCU-L,198895027216,2
TG,100-F5FWU-W6223M-BISCU-M,198895027209,3
TG,100-F5FWU-W6223M-BISCU-XS,198895027186,1
TG,100-F5FWU-W6223M-BLACK-3X,198895027346,1
TG,100-F5FWU-W6223M-BLACK-M,198895027292,2
TG,100-F5FWU-W6223M-BLACK-XS,198895027278,1
TG,100-F5FWU-W6223M-BLACK-XXS,198895027261,1
TG,100-F5FWU-W6240M-BISCU-1X,198895027681,1
TG,100-F5FWU-W6240M-BISCU-L,198895027667,1
TG,100-F5FWU-W6240M-BISCU-M,198895027650,2
TG,100-F5FWU-W6240M-BISCU-S,198895027643,4
TG,100-F5FWU-W6240M-BISCU-XL,198895027674,2
TG,100-F5FWU-W6240M-BISCU-XS,198895027636,2
TG,100-F5FWU-W6240M-BISCU-XXS,198895027629,1
TG,100-F5FWU-W6240M-WINE-L,198895130466,3
TG,100-F5FWU-W6240M-WINE-M,198895130459,1
TG,100-F5FWU-W6240M-WINE-XL,198895130473,2
TG,100-F5FWU-W6240M-WINE-XS,198895130435,1
TG,100-F5FYJ-W6227M-ALPNE-1X,198895027865,1
TG,100-F5FYJ-W6227M-ALPNE-L,198895027841,1
TG,100-F5FYJ-W6227M-ALPNE-S,198895027827,8
TG,100-F5FYQ-T5945M-DKPRL-1X,198895164065,28
TG,100-F5FYQ-T5945M-DKPRL-2X,198895164072,12
TG,100-F5FYQ-T5945M-DKPRL-XL,198895164058,49
TG,100-F5FYQ-T5945M-DKPRL-XS,198895164010,5
TG,100-F5FYW-P4561M-ALPNE-L,198895028206,2
TG,100-F5FYW-P4561M-ALPNE-M,198895028190,11
TG,100-F5FYW-P4561M-ALPNE-S,198895028183,13
TG,100-F5FYW-P4561M-ALPNE-XL,198895028213,4
TG,100-F5FYW-P4561M-ALPNE-XS,198895028176,12
TG,100-F5FYW-P4561M-ATLAN-M,198895028374,13
TG,100-F5FYW-P4561M-ATLAN-S,198895028367,21
TG,100-F5FYW-P4561M-ATLAN-XL,198895028398,8
TG,100-F5FYW-P4561M-ATLAN-XS,198895028350,28
TG,100-F5FYW-P4561M-ATLAN-XXS,198895028343,47
TG,100-F5FYW-P4561M-CASIS-S,198895028459,2
TG,100-F5FYW-P4561M-CASIS-XS,198895028442,13
TG,100-F5FYW-P4561M-CASIS-XXS,198895028435,29
TG,100-F5FYW-P4561M-INK-S,198895028541,3
TG,100-F5FYW-P4561M-INK-XS,198895028534,10
TG,100-F5FYW-P4561M-INK-XXS,198895028527,19
TG,100-F5FYW-P4561P-ALPNE-PP,198895093129,3
TG,100-F5FYW-P4561P-ATLAN-PL,198895093235,16
TG,100-F5FYW-P4561P-ATLAN-PM,198895093228,14
TG,100-F5FYW-P4561P-ATLAN-PP,198895093204,27
TG,100-F5FYW-P4561P-ATLAN-PS,198895093211,16
TG,100-F5FYW-P4561P-CASIS-PP,198895093242,5
TG,100-F5FYW-P4664M-BLACK-L,198895029463,4
TG,100-F5FYW-P4664M-BLACK-S,198895029449,28
TG,100-F5FYW-P4664M-BLACK-XL,198895029470,1
TG,100-F5FYW-P4664M-BLACK-XS,198895029432,3
TG,100-F5FYW-P4664M-CASIS-1X,198895029579,5
TG,100-F5FYW-P4664M-CASIS-3X,198895029593,1
TG,100-F5FYW-P4664M-CASIS-M,198895029548,17
TG,100-F5FYW-P4664M-CASIS-S,198895029531,25
TG,100-F5FYW-P4664M-CASIS-XL,198895029562,4
TG,100-F5FYW-P4664M-CASIS-XS,198895029524,19
TG,100-F5FYW-P4664M-INK-1X,198895029661,7
TG,100-F5FYW-P4664M-INK-3X,198895029685,3
TG,100-F5FYW-P4664M-INK-L,198895029647,1
TG,100-F5FYW-P4664M-INK-M,198895029630,24
TG,100-F5FYW-P4664M-INK-S,198895029623,28
TG,100-F5FYW-P4664M-INK-XL,198895029654,3
TG,100-F5FYW-P4664M-INK-XS,198895029616,14
TG,100-F5FYW-P4664M-INK-XXS,198895029609,36
TG,100-F5FYW-P4664P-BLACK-PS,198895131050,1
TG,100-F5FYW-P4664P-INK-PL,198895136277,1
TG,100-F5FYW-P4874M-ABGNE-1X,198895123499,4
TG,100-F5FYW-P4874M-ABGNE-L,198895123475,7
TG,100-F5FYW-P4874M-ABGNE-XL,198895123482,4
TG,100-F5FYW-P4874M-BLACK-1X,198895123598,2
TG,100-F5FYW-P4874M-BLACK-S,198895123550,1
TG,100-F5FYW-P4874M-BLACK-XS,198895123543,3
TG,100-F5FYW-P4874P-ABGNE-PL,198895164256,1
TG,100-F5FYW-P4874P-BLACK-PS,198895164270,2
TG,100-F5FYW-P4879M-BLACK-1X,198895030025,9
TG,100-F5FYW-P4879M-BLACK-2X,198895030032,5
TG,100-F5FYW-P4879M-BLACK-3X,198895030049,4
TG,100-F5FYW-P4879M-BLACK-L,198895030001,24
TG,100-F5FYW-P4879M-BLACK-M,198895029999,27
TG,100-F5FYW-P4879M-BLACK-S,198895029982,29
TG,100-F5FYW-P4879M-BLACK-XL,198895030018,19
TG,100-F5FYW-P4879M-BLACK-XS,198895029975,14
TG,100-F5FYW-P4879M-BLACK-XXS,198895029968,15
TG,100-F5FYW-P4879M-EVGLD-S,198895093761,2
TG,100-F5FYW-P4879M-EVGLD-XS,198895093754,3
TG,100-F5FYW-P4879M-EVGLD-XXS,198895093747,4
TG,100-F5FYW-P4879M-SESLT-1X,198895030209,12
TG,100-F5FYW-P4879M-SESLT-2X,198895030216,6
TG,100-F5FYW-P4879M-SESLT-3X,198895030223,6
TG,100-F5FYW-P4879M-SESLT-L,198895030186,19
TG,100-F5FYW-P4879M-SESLT-M,198895030179,1
TG,100-F5FYW-P4879M-SESLT-S,198895030162,17
TG,100-F5FYW-P4879M-SESLT-XL,198895030193,21
TG,100-F5FYW-P4879M-SESLT-XXS,198895030148,7
TG,100-F5FYW-P4879P-BLACK-PL,198895093860,1
TG,100-F5FYW-P4879P-BLACK-PM,198895093853,2
TG,100-F5FYW-P4879P-EVGLD-PM,198895093891,1
TG,100-F5FYW-P4879P-SESLT-PL,198895093945,2
TG,100-F5FYW-P4879P-SESLT-PP,198895093914,1
TG,100-F5FYW-T5793M-ABGNE-XS,198895164317,1
TG,100-F5FYW-T5793M-ABGNE-XXS,198895164300,8
TG,100-F5FYW-T5793M-BLACK-XL,198895164447,2
TG,100-F5FYW-T5793M-ULTRV-L,198895164522,5
TG,100-F5FYW-T5945M-BLACK-3X,198895164836,1
TG,100-F5FYW-T6241M-ALPNE-2X,198895031206,9
TG,100-F5FYW-T6241M-ALPNE-3X,198895031213,5
TG,100-F5FYW-T6241M-ARCBL-2X,198895031299,5
TG,100-F5FYW-T6241M-ARCBL-M,198895031251,3
TG,100-F5FYW-T6241M-ARCBL-XXS,198895031220,5
TG,100-F5FYW-T6241M-BLACK-S,198895031510,6
TG,100-F5FYW-T6241M-BLACK-XS,198895031503,3
TG,100-F5FYW-T6241M-BLACK-XXS,198895031497,1
TG,100-F5FYW-T6241M-INK-L,198895031893,3
TG,100-F5FYW-T6241M-INK-M,198895031886,5
TG,100-F5FYW-T6241M-INK-S,198895031879,2
TG,100-F5FYW-T6241M-INK-XL,198895031909,5
TG,100-F5FYW-T6241M-INK-XS,198895031862,5
TG,100-F5FYW-T6241M-INK-XXS,198895031855,10
TG,100-F5FYW-T6244M-ATLAN-M,198895032067,1
TG,100-F5FYW-T6244M-ATLAN-XS,198895032043,8
TG,100-F5FYW-T6244M-ATLAN-XXS,198895032036,8
TG,100-F5FYW-T6244M-INK-L,198895032258,1
TG,100-F5FYW-T6244M-INK-S,198895032234,4
TG,100-F5FYW-T6244M-INK-XS,198895032227,9
TG,100-F5FYW-T6377M-BLACK-XS,198895032944,1
TG,100-F5FYW-T6377M-BLACK-XXS,198895032937,1
TG,100-F5FYW-T6377M-CASIS-XXS,198895033026,1
TG,100-F5FYW-T6380M-ALPNE-XXS,198895033385,1
TG,100-F5FYW-T6380M-ASH-XS,198895136956,1
TG,100-F5FYW-T6380M-ASH-XXS,198895136949,4
TG,100-F5FYW-T6380M-BLACK-M,198895033507,3
TG,100-F5FYW-T6380M-BLACK-S,198895033491,28
TG,100-F5FYW-T6380M-BLACK-XXS,198895033477,5
TG,100-F5FYW-T6380P-ASH-PS,198895094218,1
TG,100-F5FYW-T6380P-BLACK-PM,198895094263,1
TG,100-F5FYW-T6380P-BLACK-PP,198895094249,4
TG,100-F5FYW-T6380P-BLACK-PS,198895094256,2
TG,100-F5FYY-T6241M-INK-1X,198895034078,3
TG,100-F5FYY-T6241M-INK-XL,198895034061,3
TG,100-F5FYY-T6244M-BLASH-XXS,198895034108,2
TG,100-F5FYY-T6244M-CASIS-S,198895034214,1
TG,100-F5FYY-T6244P-BLASH-PP,198895094324,1
TG,100-F5GC1-P4874M-BLACK-L,198895034986,1
TG,100-F5GC1-P4874M-BLACK-XL,198895034993,3
TG,100-F5GC1-P4874M-BLACK-XS,198895034955,2
TG,100-F5GC1-P4874P-BLACK-PP,198895035037,2
TG,100-F5GC1-T5775M-DALIA-M,198895131821,1
TG,100-F5GC1-T5775M-DALIA-S,198895131814,9
TG,100-F5GC1-T5775M-DALIA-XS,198895131807,13
TG,100-F5GC1-T5775M-DALIA-XXS,198895131791,18
TG,100-F5GC1-T5775P-DALIA-PP,198895131883,8
TG,100-F5GC1-T5775P-DALIA-PS,198895131890,2
TG,100-F5GC1-T5927M-BLACK-L,198895035471,1
TG,100-F5GC1-T5927M-ROYAL-XS,198895035532,29
TG,100-F5GC1-T5927P-ROYAL-PS,198895035662,12
TG,100-F5GC1-T6090M-GRPHT-M,198895035723,1
TG,100-F5GC1-T6090M-GRPHT-XXS,198895035693,2
TG,100-F5GC1-T6090M-PLUME-M,198895132316,1
TG,100-F5GC1-T6090M-PLUME-S,198895132309,6
TG,100-F5GC1-T6090M-PLUME-XS,198895132293,1
TG,100-F5GC1-T6090M-PLUME-XXS,198895132286,1
TG,100-F5GC1-T6090M-RUBY-2X,198895136420,4
TG,100-F5GC1-T6090M-RUBY-L,198895136390,1
TG,100-F5GC1-T6090M-RUBY-XS,198895136369,1
TG,100-F5GC1-T6090M-RUBY-XXS,198895136352,16
TG,100-F5GC1-T6090M-SSPRY-L,198895132415,4
TG,100-F5GC1-T6090M-SSPRY-M,198895132408,4
TG,100-F5GC1-T6090M-SSPRY-S,198895132392,1
TG,100-F5GC1-T6090M-SSPRY-XS,198895132385,3
TG,100-F5GC1-T6090M-SSPRY-XXS,198895132378,12
TG,100-F5GC1-T6090M-WINE-2X,198895035853,2
TG,100-F5GC1-T6090M-WINE-M,198895035815,1
TG,100-F5GC1-T6090M-WINE-S,198895035808,4
TG,100-F5GC1-T6090M-WINE-XL,198895035839,1
TG,100-F5GC1-T6090M-WINE-XS,198895035792,3
TG,100-F5GC1-T6090P-GRPHT-PP,198895137038,1
TG,100-F5GC1-T6090P-RUBY-PL,198895139018,4
TG,100-F5GC1-T6090P-RUBY-PP,198895138981,2
TG,100-F5GC1-T6090P-SSPRY-PL,198895132491,6
TG,100-F5GC1-T6090P-SSPRY-PM,198895132484,2
TG,100-F5GC1-T6090P-SSPRY-PP,198895132460,2
TG,100-F5GC1-T6090P-WINE-PL,198895132538,7
TG,100-F5GC1-T6090P-WINE-PS,198895132514,1
TG,100-F5GC1-T6356M-BLACK-M,198895035990,3
TG,100-F5GC1-T6356M-BLACK-XS,198895035976,3
TG,100-F5GC1-T6356M-BLACK-XXS,198895035969,8
TG,100-F5GC1-T6356M-IVORY-XS,198895036249,1
TG,100-F5GC1-T6356M-ROYAL-M,198895036447,5
TG,100-F5GC1-T6356M-ROYAL-S,198895036430,11
TG,100-F5GC1-T6356M-ROYAL-XS,198895036423,12
TG,100-F5GC1-T6368M-BLACK-L,198895036546,1
TG,100-F5GC1-T6368M-BLACK-XL,198895036553,1
TG,100-F5GC1-U4274M-RYE-XXS,198895037765,2
TG,100-F5GC1-U4274M-WDLND-1X,198895037918,3
TG,100-F5GC1-U4274M-WDLND-L,198895037895,24
TG,100-F5GC1-U4274M-WDLND-M,198895037888,37
TG,100-F5GC1-U4274M-WDLND-S,198895037871,32
TG,100-F5GC1-U4274M-WDLND-XL,198895037901,1
TG,100-F5GC1-U4274M-WDLND-XS,198895037864,10
TG,100-F5GC1-U4274M-WDLND-XXS,198895037857,15
TG,100-F5GC9-U4274M-ABGNE-M,198895165260,1
TG,100-F5GC9-U4274M-ABGNE-XXS,198895165239,3
TG,100-F5GEZ-C2164M-BISCU-XS,198895038229,4
TG,100-F5GEZ-C2164M-BISCU-XXS,198895038212,2
TG,100-F5GEZ-C2164M-BLACK-1X,198895038366,1
TG,100-F5GEZ-C2164M-BLACK-L,198895038342,25
TG,100-F5GEZ-C2164M-BLACK-XL,198895038359,9
TG,100-F5GEZ-C2164M-BLACK-XS,198895038311,2
TG,100-F5GEZ-C2164M-BLACK-XXS,198895038304,2
TG,100-F5GGR-C2141M-INK-2X,198895137144,2
TG,100-F5GGR-C2141M-INK-3X,198895137151,1
TG,100-F5GGR-C2141M-INK-L,198895137113,3
TG,100-F5GGR-C2141M-INK-M,198895137106,2
TG,100-F5GGR-C2141M-INK-S,198895137090,1
TG,100-F5GGR-C2141M-INK-XL,198895137120,2
TG,100-F5GGR-C2141M-INK-XXS,198895137076,1
TG,100-F5GGR-C2160M-BISCU-S,198895038953,6
TG,100-F5GGR-C2160M-BISCU-XL,198895038984,1
TG,100-F5GGR-C2160M-BISCU-XS,198895038946,17
TG,100-F5GGR-C2160M-BISCU-XXS,198895038939,16
TG,100-F5GGR-C2160M-BLACK-2X,198895039097,7
TG,100-F5GGR-C2160M-BLACK-3X,198895039103,7
TG,100-F5GGR-C2160M-BLACK-S,198895039042,18
TG,100-F5GGR-C2160M-BLACK-XL,198895039073,24
TG,100-F5GGR-C2160M-BLACK-XS,198895039035,11
TG,100-F5GGR-C2160M-BLACK-XXS,198895039028,5
TG,100-F5GGR-C2160P-BISCU-PL,198895094485,20
TG,100-F5GGR-C2160P-BISCU-PM,198895094478,22
TG,100-F5GGR-C2160P-BISCU-PP,198895094454,9
TG,100-F5GGR-C2160P-BISCU-PS,198895094461,8
TG,100-F5GGR-C2160P-BLACK-PL,198895094522,16
TG,100-F5GGR-C2160P-BLACK-PM,198895094515,16
TG,100-F5GGR-C2160P-BLACK-PP,198895094492,8
TG,100-F5GGR-C2160P-BLACK-PS,198895094508,18
TG,100-F5GGR-C2168M-BLACK-1X,198895039172,3
TG,100-F5GGR-C2168M-BLACK-2X,198895039189,2
TG,100-F5GGR-C2168M-BLACK-L,198895039158,3
TG,100-F5GGR-C2168M-BLACK-M,198895039141,6
TG,100-F5GGR-C2168M-BLACK-S,198895039134,7
TG,100-F5GGR-C2168M-BLACK-XL,198895039165,3
TG,100-F5GGR-C2168M-BLACK-XS,198895039127,1
TG,100-F5GGR-C2168M-BLACK-XXS,198895039110,1
TG,100-F5GGR-V0942M-BLACK-1X,198895039714,2
TG,100-F5GGR-V0942M-BLACK-3X,198895039738,2
TG,100-F5GGR-V0942M-BLACK-L,198895039691,1
TG,100-F5GGR-V0942M-BLACK-S,198895039677,1
TG,100-F5GGR-V0942M-BLACK-XL,198895039707,2
TG,100-F5GGR-V0942M-RUBY-1X,198895039806,2
TG,100-F5GGR-V0942M-RUBY-L,198895039783,1
TG,100-F5GGR-V0942M-RUBY-S,198895039769,2
TG,100-F5GGR-V0942M-RUBY-XL,198895039790,2
TG,100-F5GGR-V0942M-RUBY-XXS,198895039745,1
TG,100-F5GGR-V1316M-INK-1X,198895039981,2
TG,100-F5GGR-V1316M-INK-3X,198895040000,1
TG,100-F5GGR-V1316M-INK-XL,198895039974,2
TG,100-F5GGR-V1316M-INK-XXS,198895039929,2
TG,100-F5GGR-V1352M-BISCU-1X,198895040161,1
TG,100-F5GGR-V1352M-BISCU-L,198895040147,4
TG,100-F5GGR-V1352M-BISCU-M,198895040130,4
TG,100-F5GGR-V1352M-BISCU-S,198895040123,11
TG,100-F5GGR-V1352M-BISCU-XL,198895040154,6
TG,100-F5GGR-V1352M-BISCU-XS,198895040116,6
TG,100-F5GGR-V1352M-BISCU-XXS,198895040109,14
TG,100-F5GGR-V1352M-BLACK-S,198895040215,2
TG,100-F5GGR-V1352M-BLACK-XS,198895040208,4
TG,100-F5GGR-V1352M-BLACK-XXS,198895040192,2
TG,100-F5GGR-V1352M-REED-L,198895040321,2
TG,100-F5GGR-V1352M-REED-S,198895040307,3
TG,100-F5GGR-V1352M-REED-XL,198895040338,1
TG,100-F5GGR-V1352M-REED-XS,198895040291,2
TG,100-F5GGR-V1352M-REED-XXS,198895040284,1
TG,100-F5GGR-V1352P-BISCU-PL,198895094645,1
TG,100-F5GGR-V1352P-BISCU-PM,198895094638,1
TG,100-F5GGR-V1352P-BISCU-PP,198895094614,3
TG,100-F5GGR-V1352P-BISCU-PS,198895094621,12
TG,100-F5GGR-V1352P-BLACK-PL,198895094683,2
TG,100-F5GGR-V1352P-BLACK-PM,198895094676,5
TG,100-F5GGR-V1352P-BLACK-PP,198895094652,3
TG,100-F5GGR-V1352P-BLACK-PS,198895094669,9
TG,100-F5GK9-U2372M-CASIS-XS,198895162245,12
TG,100-F5GK9-U2372M-GRPHT-1X,198895162382,1
TG,100-F5GK9-U2372M-GRPHT-L,198895162368,1
TG,100-F5GK9-U2372M-GRPHT-S,198895162344,5
TG,100-F5GK9-U2372M-GRPHT-XXS,198895162320,1
TG,100-F5GK-U2372M-IVORY-2X,198895041441,1
TG,100-F5GK-U2372M-IVORY-XXS,198895041373,1
TG,100-F5GK-U2372M-RYE-L,198895041687,1
TG,100-F5GK-U2372M-RYE-S,198895041663,1
TG,100-F5GK-U2372M-RYE-XS,198895041656,4
TG,100-F5GK-U2372M-WDLND-2X,198895041892,4
TG,100-F5GK-U2372M-WDLND-3X,198895041908,2
TG,100-F5GK-U2372M-WDLND-L,198895041861,1
TG,100-F5GK-U2372M-WDLND-M,198895041854,5
TG,100-F5GK-U2372M-WDLND-S,198895041847,11
TG,100-F5GK-U2372M-WDLND-XS,198895041830,4
TG,100-F5GK-U2372M-WDLND-XXS,198895041823,10
TG,100-F5HSA-W6222M-ALPNE-L,198895000431,2
TG,100-F5HSA-W6222M-ALPNE-M,198895000424,2
TG,100-F5HSA-W6222M-ALPNE-XL,198895000448,2
TG,100-F5HSA-W6222M-ALPNE-XS,198895000400,1
TG,100-F5HSA-W6222M-ALPNE-XXS,198895000394,3
TG,100-F5HSA-W6222M-MOSS-M,198895000608,1
TG,100-F5IFG-T6233M-WHITE-2X,198895042523,3
TG,100-F5IFG-T6233M-WHITE-3X,198895042530,8
TG,100-F5IFG-T6233M-WHITE-XL,198895042509,1
TG,100-F5IFH-T6233M-WHEAT-1X,198895042608,5
TG,100-F5IFH-T6233M-WHEAT-2X,198895042615,7
TG,100-F5IFH-T6233M-WHEAT-3X,198895042622,5
TG,100-F5IFH-T6233M-WHEAT-M,198895042578,1
TG,100-F5IFH-T6233M-WHEAT-XXS,198895042547,2
TG,100-F5IFH-T6233M-WHTBL-1X,198895042691,3
TG,100-F5IFH-T6233M-WHTBL-2X,198895042707,4
TG,100-F5IFH-T6233M-WHTBL-M,198895042660,1
TG,100-F5IFH-T6233M-WHTBL-S,198895042653,2
TG,100-F5IFH-T6233M-WHTBL-XXS,198895042639,1
TG,100-F5IZ1-T6005M-ROYAL-2X,198895043285,2
TG,100-F5IZ1-T6005M-ROYAL-M,198895043247,1
TG,100-F5IZ1-T6005M-ROYAL-S,198895043230,3
TG,100-F5IZ1-T6005M-ROYAL-XS,198895043223,4
TG,100-F5IZ1-T6005M-ROYAL-XXS,198895043216,12
TG,100-F5IZ1-T6005M-RYE-3X,198895043384,2
TG,100-F5IZ1-T6005M-RYE-M,198895043339,1
TG,100-F5JNZ-P4873M-BISCU-1X,198895043452,3
TG,100-F5JNZ-P4873M-BISCU-2X,198895043469,2
TG,100-F5JNZ-P4873M-BISCU-3X,198895043476,5
TG,100-F5JNZ-P4873M-BISCU-L,198895043438,1
TG,100-F5JNZ-P4873M-BISCU-XL,198895043445,9
TG,100-F5JNZ-P4873M-EBONY-1X,198895043544,1
TG,100-F5JNZ-P4873M-RYE-M,198895043780,1
TG,100-F5JNZ-P4873M-RYE-XL,198895043803,8
TG,100-F5JNZ-P4873P-BISCU-PL,198895145477,7
TG,100-F5JNZ-P4873P-BISCU-PP,198895145446,2
TG,100-F5JNZ-P4873P-BISCU-PS,198895145453,1
TG,100-F5JNZ-P4873P-RYE-PL,198895132743,2
TG,100-F5JNZ-P4896M-BLACK-1X,198895150280,9
TG,100-F5JNZ-P4896M-BLACK-3X,198895150303,1
TG,100-F5JNZ-P4896M-BLACK-L,198895150266,21
TG,100-F5JNZ-P4896M-BLACK-M,198895150259,26
TG,100-F5JNZ-P4896M-BLACK-S,198895150242,5
TG,100-F5JNZ-P4896M-BLACK-XS,198895150235,19
TG,100-F5JNZ-P4896M-BLACK-XXS,198895150228,8
TG,100-F5JNZ-P4896M-BRNCH-3X,198895150396,1
TG,100-F5JNZ-P4896M-BRNCH-L,198895150358,24
TG,100-F5JNZ-P4896M-BRNCH-M,198895150341,25
TG,100-F5JNZ-P4896M-BRNCH-S,198895150334,23
TG,100-F5JNZ-P4896M-BRNCH-XL,198895150365,29
TG,100-F5JNZ-P4896M-BRNCH-XS,198895150327,30
TG,100-F5JNZ-P4896M-BRNCH-XXS,198895150310,29
TG,100-F5JNZ-P4896P-BLACK-PL,198895165536,21
TG,100-F5JNZ-P4896P-BLACK-PM,198895165529,6
TG,100-F5JNZ-P4896P-BLACK-PS,198895165512,23
TG,100-F5JNZ-P4896P-BRNCH-PL,198895165574,23
TG,100-F5JNZ-P4896P-BRNCH-PM,198895165567,7
TG,100-F5JNZ-P4896P-BRNCH-PP,198895165543,16
TG,100-F5JNZ-P4896P-BRNCH-PS,198895165550,18
TG,100-F5KRM-T6539M-DOVE-XXS,198895044206,2
TG,100-F5KRM-T6539P-DOVE-PP,198895094980,2
TG,100-F5KRS-T0330M-EUCLY-XL,198895044435,1
TG,100-F5KRS-T6172M-EVGLD-XXS,198895143299,2
TG,100-F5KRS-T6172M-ROYAL-1X,198895045258,6
TG,100-F5KRS-T6172M-ROYAL-L,198895045234,1
TG,100-F5KRS-T6172M-ROYAL-M,198895045227,5
TG,100-F5KRS-T6387M-ALPNE-XS,198895045562,2
TG,100-F5KRS-T6387M-ARCBL-1X,198895045708,9
TG,100-F5KRS-T6387M-ARCBL-2X,198895045715,5
TG,100-F5KRS-T6387M-ARCBL-XL,198895045692,1
TG,100-F5KRS-T6387M-ARCBL-XS,198895045654,1
TG,100-F5KRS-T6387M-ARCBL-XXS,198895045647,15
TG,100-F5KRS-T6387M-EVGLD-XXS,198895099978,8
TG,100-F5KRS-T6387M-MYRTL-XS,198895045838,1
TG,100-F5KRS-T6387M-WDLND-XS,198895046101,2
TG,100-F5KRS-T6387M-WHITE-XXS,198895046187,7
TG,100-F5KRS-T6539M-DALIA-S,198895046743,1
TG,100-F5KRS-T6539M-DALIA-XS,198895046736,1
TG,100-F5KRS-T6539M-DALIA-XXS,198895046729,22
TG,100-F5KRS-T6539M-RUBY-XXS,198895047269,1
TG,100-F5KRS-T6539M-RYE-XS,198895047368,1
TG,100-F5KRS-T6539M-RYE-XXS,198895047351,15
TG,100-F5KRS-T6539M-SSPRY-XXS,198895047443,19
TG,100-F5KRS-T6539M-TEARS-XXS,198895047535,14
TG,100-F5KRS-T6539M-ULTRV-S,198895165604,12
TG,100-F5KRS-T6539M-ULTRV-XS,198895165598,10
TG,100-F5KRS-T6539M-WDLND-XXS,198895047627,1
TG,100-F5KRS-T6539P-DALIA-PM,198895095178,1
TG,100-F5KRS-T6539P-RYE-PP,198895095239,2
TG,100-F5KRS-T6539P-SSPRY-PP,198895137243,4
TG,100-F5KSE-S4407M-BLACK-XL,198895047764,1
TG,100-F5KSE-S4407M-RYE-M,198895047832,1
TG,100-F5KSE-S4407P-RYE-PP,198895047931,1
TG,100-F5KSE-T6189M-BLACK-2X,198895048044,1
TG,100-F5KSE-T6189M-BLACK-XXS,198895047979,2
TG,100-F5KSE-T6262M-BLACK-2X,198895048310,1
TG,100-F5KSE-T6372M-ABGNE-3X,198895114718,1
TG,100-F5KSE-T6372M-ABGNE-XXS,198895114633,3
TG,100-F5KSE-T6372M-BLACK-XXS,198895048426,1
TG,100-F5KSE-U4413M-BLACK-L,198895048556,1
TG,100-F5MPS-A2100M-SERPN-OS,198895292270,1
TG,100-F5MPS-K5444M-OAT-1X,198895050542,1
TG,100-F5MPS-K5444M-OAT-2X,198895050559,1
TG,100-F5MPS-K5444M-OAT-L,198895050528,10
TG,100-F5MPS-K5444M-OAT-S,198895050504,2
TG,100-F5MPS-K5444M-OAT-XL,198895050535,10
TG,100-F5MPS-K5444M-WINE-L,198895050702,2
TG,100-F5MPS-K5444M-WINE-M,198895050696,2
TG,100-F5MPS-K5444M-WINE-XL,198895050719,1
TG,100-F5MPS-K5447M-ABGNE-XXS,198895115968,4
TG,100-F5MPS-K5447M-BLACK-1X,198895050818,5
TG,100-F5MPS-K5447M-BLACK-XS,198895050764,4
TG,100-F5MPS-K5447M-BLACK-XXS,198895050757,1
TG,100-F5MPS-K5447M-BRNCH-L,198895116095,4
TG,100-F5MPS-K5447M-BRNCH-S,198895116071,3
TG,100-F5MPS-K5447M-BRNCH-XS,198895116064,3
TG,100-F5MPS-K5447M-BRNCH-XXS,198895116057,9
TG,100-F5MPS-K5447M-INK-XS,198895050856,2
TG,100-F5MPS-K5447P-BLACK-PL,198895132781,18
TG,100-F5MPS-K5447P-BLACK-PM,198895132774,22
TG,100-F5MPS-K5447P-BLACK-PP,198895132750,12
TG,100-F5MPS-K5447P-BLACK-PS,198895132767,19
TG,100-F5MPS-N1230M-ATLAN-OS,198895051112,1
TG,100-F5MPS-W6139M-ALPNE-S,198895051228,1
TG,100-F5MPS-W6139M-ARCBL-3X,198895051372,1
TG,100-F5MPS-W6139M-ARCBL-L,198895051334,1
TG,100-F5MPS-W6139M-ARCBL-XL,198895051341,1
TG,100-F5MPS-W6234M-BLACK-L,198895137342,2
TG,100-F5MPS-W6234M-BLACK-M,198895137335,6
TG,100-F5MPS-W6234M-BLACK-XL,198895137359,6
TG,100-F5MPS-W6234M-BLACK-XS,198895137311,3
TG,100-F5MPS-W6234M-BLACK-XXS,198895137304,1
TG,100-F5MPS-W6234M-RYE-1X,198895137540,3
TG,100-F5MPS-W6234M-RYE-L,198895137526,1
TG,100-F5MPS-W6234M-RYE-XL,198895137533,1
TG,100-F5MPS-W6234M-RYE-XXS,198895137489,1
TG,100-F5MPS-W6234M-SSPRY-1X,198895137632,2
TG,100-F5MPS-W6234M-SSPRY-L,198895137618,1
TG,100-F5MPS-W6234M-SSPRY-M,198895137601,1
TG,100-F5MPS-W6234M-SSPRY-XXS,198895137571,1
TG,100-F5MPS-W6251M-ASH-1X,198895051716,5
TG,100-F5MPS-W6251M-ASH-L,198895051693,1
TG,100-F5MPS-W6251M-ASH-XL,198895051709,5
TG,100-F5MPS-W6251M-NMBUS-L,198895165727,8
TG,100-F5MPS-W6251M-NMBUS-S,198895165703,7
TG,100-F5MPS-W6251M-NMBUS-XL,198895165734,8
TG,100-F5MPS-W6251M-NMBUS-XS,198895165697,2
TG,100-F5MPS-W6251M-NMBUS-XXS,198895165680,2
TG,100-F5MPS-W6251M-ULTRV-S,198895165888,1
TG,100-F5MW-S4285M-BLACK-1X,198895052775,4
TG,100-F5MW-S4285M-BLACK-2X,198895052782,1
TG,100-F5MW-S4285M-BLACK-L,198895052751,2
TG,100-F5MW-S4285M-BLACK-M,198895052744,5
TG,100-F5MW-S4285M-BLACK-S,198895052737,3
TG,100-F5MW-S4285M-BLACK-XL,198895052768,2
TG,100-F5MW-S4285M-BLACK-XS,198895052720,1
TG,100-F5MW-S4285M-BLACK-XXS,198895052713,11
TG,100-F5OET-P4897M-ABGNE-L,198895150532,3
TG,100-F5OET-P4897M-ABGNE-M,198895150525,1
TG,100-F5OET-P4897M-ABGNE-S,198895150518,6
TG,100-F5OET-P4897M-ABGNE-XL,198895150549,8
TG,100-F5OET-P4897M-ABGNE-XS,198895150501,3
TG,100-F5OET-P4897M-ABGNE-XXS,198895150495,2
TG,100-F5OET-P4897M-BRNCH-1X,198895150730,1
TG,100-F5OET-P4897M-BRNCH-L,198895150716,6
TG,100-F5OET-P4897M-BRNCH-XXS,198895150679,1
TG,100-F5OET-T6360M-ABGNE-3X,198895151027,1
TG,100-F5OET-T6360M-ABGNE-L,198895150983,1
TG,100-F5OET-T6360M-ABGNE-M,198895150976,6
TG,100-F5OET-T6360M-ABGNE-S,198895150969,10
TG,100-F5OET-T6360M-ABGNE-XL,198895150990,1
TG,100-F5OET-T6360M-ABGNE-XS,198895150952,6
TG,100-F5OET-T6360M-ABGNE-XXS,198895150945,1
TG,100-F5OET-T6360M-BRNCH-2X,198895151195,3
TG,100-F5OET-T6360M-BRNCH-3X,198895151201,4
TG,100-F5OET-T6360M-BRNCH-L,198895151164,3
TG,100-F5OET-T6360M-BRNCH-S,198895151140,1
TG,100-F5OET-T6360M-BRNCH-XS,198895151133,4
TG,100-F5OET-T6360M-BRNCH-XXS,198895151126,2
TG,100-F5OIJ-J5669M-BLACK-L,198895287061,1
TG,100-F5OIJ-J5669M-BLACK-S,198895287047,1
TG,100-F5OIJ-J5669M-BLACK-XS,198895287030,1
TG,100-F5OIJ-J5669P-BLACK-PM,198895287177,2
TG,100-F5OVX-T6395M-RYE-L,198895101947,11
TG,100-F5OVX-T6395M-RYE-M,198895101930,2
TG,100-F5OVX-T6395M-RYE-XXS,198895101909,1
TG,100-F5PCF-C2167P-RYE-PM,198895141462,1
TG,100-F5PCF-C2167P-RYE-PP,198895141448,2
TG,100-F5QVB-J5808M-BLACK-2X,198895056414,11
TG,100-F5QVB-J5808M-BLACK-3X,198895056421,1
TG,100-F5QVB-J5808M-BLACK-XS,198895056353,1
TG,100-F5QVB-J5808M-WHEAT-3X,198895056513,11
TG,100-F5QVB-J5808M-WHEAT-L,198895056476,18
TG,100-F5QVB-J5808M-WHEAT-M,198895056469,6
TG,100-F5QVB-J5808M-WHEAT-S,198895056452,7
TG,100-F5QVB-J5808M-WHEAT-XXS,198895056438,4
TG,100-F5QVB-J5808P-BLACK-PM,198895056544,1
TG,100-F5QVB-J5808P-BLACK-PP,198895056520,2
TG,100-F5QVB-J5808P-WHEAT-PL,198895056599,5
TG,100-F5QVB-P4871M-RYE-3X,198895056865,2
TG,100-F5QVB-P4871M-RYE-S,198895056803,3
TG,100-F5QVB-P4871M-RYE-XXS,198895056780,5
TG,100-F5QVB-P4871M-WHITE-XS,198895056971,4
TG,100-F5QVB-P4871M-WHITE-XXS,198895056964,9
TG,100-F5QVB-P4871P-RYE-PP,198895057053,1
TG,100-F5QVB-P4871P-WHITE-PP,198895057138,2
TG,100-F5QVB-P4873M-BLACK-L,198895057213,1
TG,100-F5QVB-P4873M-BLACK-M,198895057206,1
TG,100-F5QVB-P4873M-WHEAT-L,198895057398,2
TG,100-F5QVB-P4873M-WHEAT-S,198895057374,1
TG,100-F5QVB-P4873M-WHEAT-XL,198895057404,8
TG,100-F5QVB-P4873P-WHEAT-PP,198895057527,1
TG,100-F5QVV-S4425M-BLACK-XS,198895166182,13
TG,100-F5QVV-S4425P-BLACK-PL,198895166380,9
TG,100-F5QVV-S4425P-BLACK-PM,198895166373,10
TG,100-F5QVV-S4425P-BLACK-PP,198895166359,3
TG,100-F5QVV-S4425P-BLACK-PS,198895166366,3
TG,100-F5QYZ-W6240M-ATLAN-1X,198895058074,3
TG,100-F5QYZ-W6240M-ATLAN-L,198895058050,1
TG,100-F5QYZ-W6240M-ATLAN-S,198895058036,3
TG,100-F5QYZ-W6240M-ATLAN-XL,198895058067,1
TG,100-F5QYZ-W6240M-ATLAN-XS,198895058029,2
TG,100-F5QYZ-W6240M-ATLAN-XXS,198895058012,5
TG,100-F5QYZ-W6240M-DALIA-1X,198895132927,1
TG,100-F5QYZ-W6240M-DALIA-L,198895132903,1
TG,100-F5QYZ-W6240M-DALIA-M,198895132897,1
TG,100-F5QYZ-W6240M-DALIA-S,198895132880,1
TG,100-F5QYZ-W6240M-DALIA-XXS,198895132866,2
TG,100-F5RBC-D5391M-BLACK-M,198895058494,5
TG,100-F5RBC-P4660P-ROYAL-PS,198895059316,1
TG,100-F5RBC-T6381M-BLACK-XS,198895059934,1
TG,100-F5RMA-V1353M-CHAR-1X,198895061067,2
TG,100-F5RMA-V1353M-CHAR-L,198895061043,1
TG,100-F5RMA-V1353M-CHAR-XXS,198895061005,1
TG,100-F5SBP-V1356M-BLACK-XS,198895162696,1
TG,100-F5SBP-V1356M-DOVE-S,198895142438,2
TG,100-F5SBP-V1356M-DOVE-XS,198895142421,1
TG,100-F5SBP-V1356M-DOVE-XXS,198895142414,2
TG,100-F5SJP-T6070M-DALIA-XXS,198895061180,3
TG,100-F5SM2-T5775M-ALPNE-1X,198895061609,4
TG,100-F5SM2-T5775M-ALPNE-2X,198895061616,1
TG,100-F5SM2-T5775M-ALPNE-3X,198895061623,1
TG,100-F5SM2-T5775M-ALPNE-L,198895061586,3
TG,100-F5SM2-T5775M-ALPNE-M,198895061579,1
TG,100-F5SM2-T5775M-ALPNE-XXS,198895061548,9
TG,100-F5SM2-T5775M-CHALK-1X,198895061784,9
TG,100-F5SM2-T5775M-CHALK-L,198895061760,47
TG,100-F5SM2-T5775M-CHALK-M,198895061753,36
TG,100-F5SM2-T5775M-CHALK-S,198895061746,37
TG,100-F5SM2-T5775M-CHALK-XL,198895061777,2
TG,100-F5SM2-T5775M-CHALK-XS,198895061739,3
TG,100-F5SM2-T5775M-CHALK-XXS,198895061722,3
TG,100-F5SM2-T5775M-WDLND-L,198895062125,1
TG,100-F5SM2-T5775M-WDLND-XS,198895062095,1
TG,100-F5SM2-T5775M-WDLND-XXS,198895062088,4
TG,100-F5SM2-T5775P-ALPNE-PL,198895095987,5
TG,100-F5SM2-T5775P-ALPNE-PM,198895095970,2
TG,100-F5SM2-T5775P-ALPNE-PP,198895095956,9
TG,100-F5SM2-T5775P-ALPNE-PS,198895095963,3
TG,100-F5SM2-T5775P-CHALK-PL,198895096021,18
TG,100-F5SM2-T5775P-CHALK-PM,198895096014,29
TG,100-F5SM2-T5775P-CHALK-PP,198895095994,2
TG,100-F5SM2-T5775P-WDLND-PL,198895096069,1
TG,100-F5SM2-T5775P-WDLND-PM,198895096052,2
TG,100-F5SM2-T5775P-WDLND-PP,198895096038,3
TG,100-F5SM2-T6399M-NMBUS-XS,198895151942,5
TG,100-F5SM2-U4031M-CHALK-L,198895062309,16
TG,100-F5SM2-U4031M-CHALK-M,198895062293,7
TG,100-F5SM2-U4031M-CHALK-S,198895062286,8
TG,100-F5SM2-U4031M-CHALK-XS,198895062279,1
TG,100-F5SM2-U4031M-CHALK-XXS,198895062262,4
TG,100-F5SM2-U4031M-WDLND-3X,198895062439,2
TG,100-F5SM2-U4031M-WDLND-M,198895062385,15
TG,100-F5SM2-U4031M-WDLND-S,198895062378,10
TG,100-F5SM2-U4031M-WDLND-XS,198895062361,2
TG,100-F5SM2-U4031M-WDLND-XXS,198895062354,6
TG,100-F5SM9-T5775M-CASIS-2X,198895161521,1
TG,100-F5SM9-T5775M-GRPHT-2X,198895161613,1
TG,100-F5SM9-T5775M-GRPHT-M,198895161576,3
TG,100-F5SM9-T5775M-GRPHT-S,198895161569,2
TG,100-F5SM9-T5775M-GRPHT-XL,198895161590,1
TG,100-F5SM9-T5775M-GRPHT-XXS,198895161545,5
TG,100-F5SM9-T5775M-MLGRP-S,198895166663,5
TG,100-F5SM9-T5775M-MLGRP-XL,198895166694,2
TG,100-F5SM9-T5775M-MLGRP-XXS,198895166649,2
TG,100-F5SM9-U4031M-ABGNE-2X,198895166847,1
TG,100-F5SM9-U4031M-ABGNE-M,198895166809,6
TG,100-F5SM9-U4031M-ABGNE-XL,198895166823,3
TG,100-F5SM9-U4031M-ABGNE-XXS,198895166779,5
TG,100-F5SNY-D5404M-EVGLD-2X,198895062781,1
TG,100-F5SNY-D5404M-EVGLD-M,198895062743,1
TG,100-F5SNY-D5404M-EVGLD-S,198895062736,1
TG,100-F5SNY-D5404M-EVGLD-XS,198895062729,1
TG,100-F5SNY-D5404M-GRPHT-1X,198895062866,1
TG,100-F5SNY-D5404M-GRPHT-2X,198895062873,3
TG,100-F5SNY-D5404M-GRPHT-L,198895062842,3
TG,100-F5SNY-D5404M-GRPHT-M,198895062835,10
TG,100-F5SNY-D5404M-GRPHT-S,198895062828,13
TG,100-F5SNY-D5404M-GRPHT-XL,198895062859,1
TG,100-F5SNY-D5404M-GRPHT-XS,198895062811,6
TG,100-F5SNY-D5404M-GRPHT-XXS,198895062804,5
TG,100-F5SNY-J5809M-INK-L,198895063474,1
TG,100-F5SNY-J5809M-INK-S,198895063450,1
TG,100-F5SNY-J5809M-INK-XS,198895063443,1
TG,100-F5SNY-J5809M-INK-XXS,198895063436,4
TG,100-F5SNY-J5809P-INK-PM,198895096090,1
TG,100-F5SNY-J5809P-INK-PS,198895096083,1
TG,100-F5SNY-P4698M-INK-1X,198895063856,1
TG,100-F5SNY-P4698M-INK-L,198895063832,8
TG,100-F5SNY-P4698M-INK-M,198895063825,2
TG,100-F5SNY-P4698M-INK-S,198895063818,3
TG,100-F5SNY-P4698M-INK-XS,198895063801,1
TG,100-F5SNY-P4698M-RYE-XL,198895063931,1
TG,100-F5SNY-P4698P-INK-PL,198895096182,3
TG,100-F5SNY-P4698P-INK-PP,198895096151,1
TG,100-F5SNY-S4418M-BISCU-1X,198895064129,7
TG,100-F5SNY-S4418M-BISCU-2X,198895064136,1
TG,100-F5SNY-S4418M-BISCU-L,198895064105,15
TG,100-F5SNY-S4418M-BISCU-M,198895064099,4
TG,100-F5SNY-S4418M-BISCU-S,198895064082,2
TG,100-F5SNY-S4418M-BISCU-XL,198895064112,22
TG,100-F5SNY-S4418M-BISCU-XXS,198895064068,7
TG,100-F5SNY-S4418M-EVGLD-1X,198895064211,1
TG,100-F5SNY-S4418M-EVGLD-3X,198895064235,1
TG,100-F5SNY-S4418M-EVGLD-L,198895064198,6
TG,100-F5SNY-S4418M-EVGLD-M,198895064181,11
TG,100-F5SNY-S4418M-EVGLD-S,198895064174,2
TG,100-F5SNY-S4418M-EVGLD-XL,198895064204,10
TG,100-F5SNY-S4418M-EVGLD-XS,198895064167,2
TG,100-F5SNY-S4418M-EVGLD-XXS,198895064150,2
TG,100-F5SNY-S4418M-GRPHT-L,198895064280,1
TG,100-F5SNY-S4418M-GRPHT-M,198895064273,1
TG,100-F5SNY-S4418M-GRPHT-XS,198895064259,1
TG,100-F5SNY-S4418M-SERPN-1X,198895064488,3
TG,100-F5SNY-S4418M-SERPN-3X,198895064501,1
TG,100-F5SNY-S4418M-SERPN-L,198895064464,2
TG,100-F5SNY-S4418M-SERPN-S,198895064440,1
TG,100-F5SNY-S4418M-SERPN-XL,198895064471,1
TG,100-F5SNY-S4418P-BISCU-PL,198895096229,11
TG,100-F5SNY-S4418P-BISCU-PM,198895096212,2
TG,100-F5SNY-S4418P-BISCU-PS,198895096205,6
TG,100-F5SNY-S4418P-EVGLD-PL,198895096267,4
TG,100-F5SNY-S4418P-GRPHT-PL,198895096304,3
TG,100-F5SNY-S4418P-SERPN-PL,198895096342,1
TG,100-F5SNY-T6253M-SERPN-2X,198895064761,2
TG,100-F5SNY-T6253M-SERPN-3X,198895064778,2
TG,100-F5SNY-T6253M-SERPN-M,198895064723,1
TG,100-F5SNY-U4393M-BISCU-L,198895064914,9
TG,100-F5SNY-U4393M-BISCU-M,198895064907,9
TG,100-F5SNY-U4393M-BISCU-S,198895064891,3
TG,100-F5SNY-U4393M-BISCU-XL,198895064921,3
TG,100-F5SNY-U4393M-BISCU-XS,198895064884,2
TG,100-F5SNY-U4393M-BISCU-XXS,198895064877,1
TG,100-F5SNY-U4393M-GRPHT-L,198895065096,4
TG,100-F5SNY-U4393M-GRPHT-M,198895065089,1
TG,100-F5SNY-U4393M-GRPHT-XXS,198895065058,1
TG,100-F5SNY-U4393M-INK-XS,198895065157,1
TG,100-F5TDC-J5814M-BISCU-M,198895066321,6
TG,100-F5TDC-J5814M-BISCU-XS,198895066307,1
TG,100-F5TDC-J5814M-BISCU-XXS,198895066291,3
TG,100-F5TDC-P4666M-BISCU-1X,198895066932,2
TG,100-F5TDC-P4666M-BISCU-L,198895066918,1
TG,100-F5TDC-P4666M-BISCU-S,198895066895,1
TG,100-F5TDC-P4666M-BISCU-XL,198895066925,7
TG,100-F5TDC-P4666M-BISCU-XXS,198895066871,1
TG,100-F5TDC-P4666M-BLACK-1X,198895067021,1
TG,100-F5TDC-P4666M-BLACK-2X,198895067038,4
TG,100-F5TDC-P4666M-BLACK-XL,198895067014,5
TG,100-F5TDC-P4666M-BLACK-XXS,198895066963,2
TG,100-F5TDC-P4666M-CHALK-1X,198895067205,6
TG,100-F5TDC-P4666M-CHALK-L,198895067182,1
TG,100-F5TDC-P4666M-CHALK-XL,198895067199,12
TG,100-F5TDC-P4666M-CHALK-XXS,198895067144,2
TG,100-F5TDC-P4666P-BISCU-PL,198895096618,2
TG,100-F5TDC-P4666P-BISCU-PS,198895096595,2
TG,100-F5TDC-P4666P-BLACK-PP,198895096625,5
TG,100-F5TDC-P4666P-BLACK-PS,198895096632,4
TG,100-F5TDC-P4666P-CHALK-PP,198895096663,8
TG,100-F5TDC-P4666P-CHALK-PS,198895096670,4
TG,100-F5TDC-P4881M-BLACK-3X,198895067496,1
TG,100-F5TDC-P4881P-EVGLD-PP,198895096786,1
TG,100-F5TFF-D5320M-ROYAL-1X,198895067939,14
TG,100-F5TFF-D5320M-ROYAL-2X,198895067946,3
TG,100-F5TFF-D5320M-ROYAL-3X,198895067953,1
TG,100-F5TFF-D5320M-ROYAL-S,198895067892,41
TG,100-F5TFF-D5320M-ROYAL-XL,198895067922,17
TG,100-F5TFF-D5320M-ROYAL-XS,198895067885,12
TG,100-F5TFF-D5331M-ALPNE-S,198895068028,1
TG,100-F5TFF-D5331M-ALPNE-XS,198895068011,1
TG,100-F5TFF-D5331M-ALPNE-XXS,198895068004,3
TG,100-F5TFF-D5331M-BLACK-S,198895068202,2
TG,100-F5TFF-D5331M-INK-M,198895068301,1
TG,100-F5TFF-D5331P-ALPNE-PM,198895096847,1
TG,100-F5TFF-D5331P-ALPNE-PP,198895096823,1
TG,100-F5TFF-D5331P-ALPNE-PS,198895096830,1
TG,100-F5TFF-P4829M-BLACK-3X,198895137830,8
TG,100-F5TFF-P4829M-BLACK-XL,198895137809,106
TG,100-F5TFF-P4829M-BLACK-XS,198895137762,84
TG,100-F5TFF-P4829M-BLACK-XXS,198895137755,73
TG,100-F5TFF-P4829M-INK-3X,198895137922,1
TG,100-F5TFF-P4829P-BLACK-PP,198895141486,9
TG,100-F5TFF-P4874M-BLACK-1X,198895068691,2
TG,100-F5TFF-P4874M-BLACK-L,198895068677,2
TG,100-F5TFF-P4874M-BLACK-M,198895068660,2
TG,100-F5TFF-P4874M-BLACK-XL,198895068684,13
TG,100-F5TFF-P4874M-BLACK-XS,198895068646,6
TG,100-F5TFF-P4874M-BLACK-XXS,198895068639,20
TG,100-F5TFF-P4904M-BLACK-3X,198895126469,1
TG,100-F5TFF-P4904M-BLACK-M,198895126414,8
TG,100-F5TFF-P4904M-BLACK-S,198895126407,2
TG,100-F5TFF-P4904M-BLACK-XL,198895126438,6
TG,100-F5TFF-P4904M-BLACK-XS,198895126391,1
TG,100-F5TFF-P4904M-BLACK-XXS,198895126384,3
TG,100-F5TFF-T6300M-BLACK-L,198895126728,1
TG,100-F5TFF-T6300M-BLACK-S,198895126704,1
TG,100-F5TFF-T6300M-BLACK-XL,198895126735,2
TG,100-F5TFF-T6300M-BLACK-XXS,198895126681,4
TG,100-F5TFF-T6369M-WDLND-XS,198895069001,7
TG,100-F5TFF-T6369M-WDLND-XXS,198895068998,5
TG,100-F5TFF-T6424M-BLACK-1X,198895127046,1
TG,100-F5THA-W6229M-BISCU-L,198895069575,13
TG,100-F5THA-W6229M-BISCU-M,198895069568,12
TG,100-F5THA-W6229M-BISCU-S,198895069551,13
TG,100-F5THA-W6229M-BISCU-XL,198895069582,10
TG,100-F5THA-W6229M-BISCU-XS,198895069544,6
TG,100-F5THA-W6229M-BISCU-XXS,198895069537,5
TG,100-F5THA-W6229M-CHAR-L,198895069759,2
TG,100-F5THA-W6229M-CHAR-M,198895069742,4
TG,100-F5THA-W6229M-CHAR-XL,198895069766,1
TG,100-F5THA-W6229M-CHAR-XS,198895069728,1
TG,100-F5THA-W6229M-CHAR-XXS,198895069711,3
TG,100-F5THI-K5446M-BLACK-1X,198895070403,1
TG,100-F5THI-K5446M-BLACK-L,198895070380,1
TG,100-F5THI-K5446M-BLACK-M,198895070373,1
TG,100-F5THI-K5446M-BLACK-S,198895070366,14
TG,100-F5THI-K5446M-BLACK-XXS,198895070342,17
TG,100-F5THI-K5446M-WDLND-L,198895070564,3
TG,100-F5THI-K5446M-WDLND-M,198895070557,10
TG,100-F5THI-K5446M-WDLND-S,198895070540,1
TG,100-F5THI-K5446M-WDLND-XL,198895070571,3
TG,100-F5THI-K5446M-WDLND-XS,198895070533,6
TG,100-F5THI-K5446M-WDLND-XXS,198895070526,6
TG,100-F5THI-V1348M-BLACK-3X,198895070847,2
TG,100-F5THI-V1348M-BLACK-L,198895070809,15
TG,100-F5THI-V1348M-BLACK-M,198895070793,14
TG,100-F5THI-V1348M-BLACK-S,198895070786,1
TG,100-F5THI-V1348M-BLACK-XL,198895070816,6
TG,100-F5THI-V1348M-BLACK-XS,198895070779,2
TG,100-F5THI-V1348M-BLACK-XXS,198895070762,1
TG,100-F5THI-V1348M-WDLND-XXS,198895070946,2
TG,100-F5THI-W6235M-BISCU-XXS,198895071578,2
TG,100-F5THI-W6235M-BLACK-3X,198895071745,2
TG,100-F5THI-W6235M-BLACK-L,198895071707,8
TG,100-F5THI-W6235M-BLACK-M,198895071691,19
TG,100-F5THI-W6235M-BLACK-S,198895071684,14
TG,100-F5THI-W6235M-BLACK-XL,198895071714,12
TG,100-F5THI-W6235M-BLACK-XS,198895071677,19
TG,100-F5THI-W6235M-DRGFY-1X,198895071905,2
TG,100-F5THI-W6235M-DRGFY-M,198895071875,2
TG,100-F5THI-W6235M-DRGFY-S,198895071868,4
TG,100-F5THI-W6235M-DRGFY-XL,198895071899,2
TG,100-F5THI-W6235M-DRGFY-XS,198895071851,6
TG,100-F5TJH-P4846M-BLACK-2X,198895167295,1
TG,100-F5TJH-P4846M-BLACK-XXS,198895167226,4
TG,100-F5TJH-V1314M-BLACK-S,198895072575,1
TG,100-F5TJX-J5820M-BLACK-1X,198895072797,6
TG,100-F5TJX-J5820M-BLACK-3X,198895072810,3
TG,100-F5TJX-J5820M-BLACK-L,198895072773,14
TG,100-F5TJX-J5820M-BLACK-M,198895072766,20
TG,100-F5TJX-J5820M-BLACK-S,198895072759,25
TG,100-F5TJX-J5820M-BLACK-XL,198895072780,7
TG,100-F5TJX-J5820M-BLACK-XS,198895072742,10
TG,100-F5TJX-J5820M-BLACK-XXS,198895072735,11
TG,100-F5TJX-J5820M-CASIS-3X,198895072902,4
TG,100-F5TJX-J5820M-CASIS-L,198895072865,1
TG,100-F5TJX-J5820M-CASIS-M,198895072858,14
TG,100-F5TJX-J5820M-CASIS-S,198895072841,22
TG,100-F5TJX-J5820M-CASIS-XS,198895072834,7
TG,100-F5TJX-J5820M-CASIS-XXS,198895072827,17
TG,100-F5TJX-J5820M-WDLND-3X,198895072995,1
TG,100-F5TJX-J5820M-WDLND-L,198895072957,2
TG,100-F5TJX-J5820M-WDLND-S,198895072933,5
TG,100-F5TJX-J5820P-BLACK-PL,198895097240,1
TG,100-F5TJX-J5820P-BLACK-PM,198895097233,4
TG,100-F5TJX-J5820P-BLACK-PP,198895097219,5
TG,100-F5TJX-J5820P-BLACK-PS,198895097226,1
TG,100-F5TJX-J5820P-CASIS-PL,198895133078,5
TG,100-F5TJX-J5820P-CASIS-PM,198895133061,1
TG,100-F5TJX-J5820P-CASIS-PS,198895133054,1
TG,100-F5TJX-J5820P-WDLND-PM,198895097271,3
TG,100-F5TJX-J5820P-WDLND-PP,198895097257,4
TG,100-F5TJX-J5820P-WDLND-PS,198895097264,13
TG,100-F5TJX-P0696M-BLACK-1X,198895100728,3
TG,100-F5TJX-P0696M-BLACK-3X,198895100742,1
TG,100-F5TJX-P0696M-BLACK-XL,198895100711,2
TG,100-F5TJX-P0696M-CASIS-1X,198895073060,1
TG,100-F5TJX-P0696M-CASIS-3X,198895073084,2
TG,100-F5TJX-P0696M-WDLND-1X,198895073336,1
TG,100-F5TJX-P0696M-WDLND-2X,198895073343,1
TG,100-F5TJX-P0696M-WDLND-3X,198895073350,4
TG,100-F5TJX-P0696M-WDLND-S,198895073299,1
TG,100-F5TJX-P0696M-WDLND-XS,198895073282,3
TG,100-F5TJX-P0696M-WDLND-XXS,198895073275,10
TG,100-F5TJX-P0696P-BLACK-PL,198895100780,43
TG,100-F5TJX-P0696P-BLACK-PM,198895100773,33
TG,100-F5TJX-P0696P-BLACK-PP,198895100759,3
TG,100-F5TJX-P0696P-BLACK-PS,198895100766,15
TG,100-F5TJX-P0696P-CASIS-PL,198895097325,1
TG,100-F5TJX-P0696P-CASIS-PP,198895097295,1
TG,100-F5TJX-P0696P-CASIS-PS,198895097301,1
TG,100-F5TJX-P0696P-WDLND-PP,198895097332,1
TG,100-F5TJX-P4366M-ALPNE-2X,198895073435,1
TG,100-F5TJX-P4366M-ALPNE-3X,198895073442,4
TG,100-F5TJX-P4366M-ALPNE-XXS,198895073367,1
TG,100-F5TJX-P4607M-ABGNE-1X,198895167417,3
TG,100-F5TJX-P4607M-ABGNE-L,198895167394,3
TG,100-F5TJX-P4607M-ABGNE-XL,198895167400,2
TG,100-F5TJX-P4607M-ABGNE-XS,198895167363,2
TG,100-F5TJX-P4607M-ALPNE-3X,198895073718,2
TG,100-F5TJX-P4607M-ALPNE-L,198895073671,4
TG,100-F5TJX-P4607M-ALPNE-M,198895073664,1
TG,100-F5TJX-P4607M-ALPNE-S,198895073657,8
TG,100-F5TJX-P4607M-ALPNE-XS,198895073640,7
TG,100-F5TJX-P4607M-ALPNE-XXS,198895073633,13
TG,100-F5TJX-P4607M-BISCU-1X,198895133146,20
TG,100-F5TJX-P4607M-BISCU-2X,198895133153,16
TG,100-F5TJX-P4607M-BISCU-3X,198895133160,20
TG,100-F5TJX-P4607M-BISCU-L,198895133122,7
TG,100-F5TJX-P4607M-BISCU-XL,198895133139,14
TG,100-F5TJX-P4607M-BLACK-S,198895097479,2
TG,100-F5TJX-P4607M-BLACK-XXS,198895097455,4
TG,100-F5TJX-P4607P-ABGNE-PL,198895167479,2
TG,100-F5TJX-P4607P-ABGNE-PM,198895167462,2
TG,100-F5TJX-P4607P-ABGNE-PP,198895167448,2
TG,100-F5TJX-P4607P-ABGNE-PS,198895167455,2
TG,100-F5TJX-P4607P-ALPNE-PP,198895097547,10
TG,100-F5TJX-P4607P-ALPNE-PS,198895097554,7
TG,100-F5TJX-P4610M-INK-1X,198895073961,1
TG,100-F5TJX-P4610M-INK-L,198895073947,3
TG,100-F5TJX-P4610M-INK-XL,198895073954,3
TG,100-F5TJX-P4610M-INK-XS,198895073916,3
TG,100-F5TJX-P4610M-INK-XXS,198895073909,2
TG,100-F5TJX-P4610P-INK-PL,198895097691,1
TG,100-F5TJX-P4610P-INK-PP,198895097660,2
TG,100-F5TJX-P4655M-BLACK-M,198895074029,1
TG,100-F5TJX-P4655M-BLACK-XXS,198895073992,4
TG,100-F5TJX-P4655M-INK-2X,198895074241,1
TG,100-F5TJX-P4655M-INK-L,198895074210,1
TG,100-F5TJX-P4655P-BLACK-PS,198895097714,3
TG,100-F5TJX-P4708M-BLACK-XXS,198895074265,1
TG,100-F5TJX-P4708M-INK-M,198895074388,1
TG,100-F5TJX-P4708M-INK-XS,198895074364,2
TG,100-F5TJX-P4708M-INK-XXS,198895074357,1
TG,100-F5TJX-P4708P-INK-PL,198895137960,2
TG,100-F5TJX-P4708P-INK-PM,198895137953,1
TG,100-F5TJX-P4708P-INK-PP,198895137939,2
TG,100-F5TJX-P4708P-INK-PS,198895137946,4
TG,100-F5TJX-P4823M-BLACK-1X,198895074500,2
TG,100-F5TJX-P4823M-BLACK-2X,198895074517,2
TG,100-F5TJX-P4823M-BLACK-L,198895074487,1
TG,100-F5TJX-P4823M-BLACK-S,198895074463,8
TG,100-F5TJX-P4823M-BLACK-XXS,198895074449,2
TG,100-F5TJX-P4823M-CHALK-S,198895074647,5
TG,100-F5TJX-P4823M-CHALK-XXS,198895074623,3
TG,100-F5TJX-P4823M-WDLND-3X,198895074791,2
TG,100-F5TJX-P4823M-WDLND-L,198895074753,1
TG,100-F5TJX-P4823M-WDLND-M,198895074746,1
TG,100-F5TJX-P4823M-WDLND-XL,198895074760,2
TG,100-F5TJX-P4823M-WDLND-XXS,198895074715,8
TG,100-F5TJX-P4823P-BLACK-PL,198895097851,2
TG,100-F5TJX-P4823P-CHALK-PL,198895097899,5
TG,100-F5TJX-P4823P-CHALK-PS,198895097875,10
TG,100-F5TJX-P4847M-BLACK-2X,198895074876,1
TG,100-F5TJX-P4847M-BLACK-3X,198895074883,2
TG,100-F5TJX-P4847M-BLACK-L,198895074845,2
TG,100-F5TJX-P4847M-BLACK-M,198895074838,2
TG,100-F5TJX-P4847M-BLACK-S,198895074821,3
TG,100-F5TJX-P4847M-BLACK-XL,198895074852,5
TG,100-F5TJX-P4847M-BLACK-XS,198895074814,1
TG,100-F5TJX-P4847M-BLACK-XXS,198895074807,2
TG,100-F5TJX-P4847P-BLACK-PM,198895097967,1
TG,100-F5TJX-P4847P-BLACK-PS,198895097950,1
TG,100-F5TJX-P4933M-BLACK-L,198895417017,2
TG,100-F5TJX-P4933M-BLACK-XS,198895416980,1
TG,100-F5TJX-S4419M-BLACK-1X,198895075132,3
TG,100-F5TJX-S4419M-BLACK-3X,198895075156,1
TG,100-F5TJX-S4419M-BLACK-L,198895075118,3
TG,100-F5TJX-S4419M-BLACK-M,198895075101,6
TG,100-F5TJX-S4419M-BLACK-S,198895075095,6
TG,100-F5TJX-S4419M-BLACK-XXS,198895075071,7
TG,100-F5TJX-V1350M-BLACK-L,198895075293,11
TG,100-F5TJX-V1350M-BLACK-M,198895075286,13
TG,100-F5TJX-V1350M-BLACK-S,198895075279,9
TG,100-F5TJX-V1350M-BLACK-XL,198895075309,3
TG,100-F5TJX-V1350M-BLACK-XXS,198895075255,14
TG,100-F5TJX-V1350P-BLACK-PL,198895098018,20
TG,100-F5TJX-V1350P-BLACK-PP,198895097981,13
TG,100-F5TJX-V1350P-BLACK-PS,198895097998,10
TG,100-F5TK1-P0696M-ABGNE-XL,198895116910,2
TG,100-F5TK1-P0696M-RYE-XXS,198895078690,20
TG,100-F5TK1-P0696M-WDLND-XXS,198895078874,14
TG,100-F5TK1-P0696P-ABGNE-PM,198895167547,3
TG,100-F5TK1-P0696P-ABGNE-PS,198895167530,4
TG,100-F5TK1-P0696P-WDLND-PL,198895079321,1
TG,100-F5TK1-P0696P-WDLND-PP,198895079291,3
TG,100-F5TK1-P0696P-WDLND-PS,198895079307,1
TG,100-F5TKO-P4932M-BLACK-3X,198895417147,2
TG,100-F5TK-P4655M-CASIS-S,198895075545,2
TG,100-F5TK-P4655M-CASIS-XS,198895075538,7
TG,100-F5TK-P4655P-CASIS-PM,198895098087,2
TG,100-F5TK-P4655P-CASIS-PS,198895098070,11
TG,100-F5TK-P4699M-BLACK-S,198895075811,1
TG,100-F5TK-P4699M-BLACK-XXS,198895075798,3
TG,100-F5TK-P4814M-WDLND-3X,198895076320,1
TG,100-F5TK-P4876M-ALPNE-2X,198895076672,12
TG,100-F5TK-P4876M-ALPNE-S,198895076627,1
TG,100-F5TK-P4876M-ALPNE-XS,198895076610,2
TG,100-F5TK-P4876M-ALPNE-XXS,198895076603,8
TG,100-F5TK-P4876M-BLACK-XS,198895076795,1
TG,100-F5TK-P4876M-WDLND-L,198895076917,6
TG,100-F5TK-P4876M-WDLND-M,198895076900,1
TG,100-F5TK-P4876M-WDLND-XS,198895076887,2
TG,100-F5TK-P4876M-WDLND-XXS,198895076870,11
TG,100-F5TK-P4893M-BLACK-1X,198895077068,13
TG,100-F5TK-P4893M-BLACK-2X,198895077075,23
TG,100-F5TK-P4893M-BLACK-3X,198895077082,10
TG,100-F5TK-P4893M-BLACK-L,198895077044,18
TG,100-F5TK-P4893M-BLACK-M,198895077037,40
TG,100-F5TK-P4893M-BLACK-S,198895077020,28
TG,100-F5TK-P4893M-BLACK-XL,198895077051,41
TG,100-F5TK-P4893M-BLACK-XS,198895077013,4
TG,100-F5TK-P4893M-BLACK-XXS,198895077006,6
TG,100-F5TK-P4893P-BLACK-PL,198895077303,12
TG,100-F5TK-P4893P-BLACK-PM,198895077297,42
TG,100-F5TK-P4893P-BLACK-PP,198895077273,23
TG,100-F5TK-P4893P-BLACK-PS,198895077280,35
TG,100-F5TK-S4420M-BLACK-1X,198895077815,1
TG,100-F5TK-S4420M-BLACK-2X,198895077822,2
TG,100-F5TK-S4420M-BLACK-L,198895077792,19
TG,100-F5TK-S4420M-BLACK-S,198895077778,47
TG,100-F5TK-S4420M-BLACK-XL,198895077808,17
TG,100-F5TK-S4420M-BLACK-XS,198895077761,34
TG,100-F5TK-S4420M-BLACK-XXS,198895077754,24
TG,100-F5TK-S4420P-BLACK-PL,198895077969,11
TG,100-F5TK-S4420P-BLACK-PM,198895077952,6
TG,100-F5TK-S4420P-BLACK-PP,198895077938,1
TG,100-F5TK-V1334M-BLACK-XS,198895077983,1
TG,100-F5TZT-T6090M-SOFWH-1X,198895080365,1
TG,100-F5TZT-T6090M-SOFWH-3X,198895080389,1
TG,100-F5TZT-T6217M-ALPNE-M,198895080426,7
TG,100-F5TZT-T6217M-ALPNE-S,198895080419,11
TG,100-F5TZT-T6217M-ALPNE-XXS,198895080396,6
TG,100-F5TZT-T6217M-RNFST-1X,198895080815,2
TG,100-F5TZT-T6217M-RNFST-L,198895080792,28
TG,100-F5TZT-T6217M-RNFST-XL,198895080808,3
TG,100-F5TZT-T6217M-RNFST-XS,198895080761,4
TG,100-F5TZT-T6217M-RNFST-XXS,198895080754,1
TG,100-F5TZT-T6217M-WDLND-S,198895100827,6
TG,100-F5TZT-T6217M-WDLND-XS,198895100810,9
TG,100-F5TZT-T6217M-WDLND-XXS,198895100803,10
TG,100-F5ULO-D5390M-BLACK-S,198895081317,3
TG,100-F5ULO-D5390M-BLACK-XS,198895081300,2
TG,100-F5ULO-P4848M-BLACK-M,198895081591,1
TG,100-F5ULO-P4848M-BLACK-XXS,198895081560,1
TG,100-F5ULO-P4905M-BLACK-S,198895162795,13
TG,100-F5ULO-P4905P-BLACK-PM,198895167622,3
TG,100-F5ULO-P4905P-BLACK-PP,198895167608,2
TG,100-F5ULO-T6415M-BLACK-L,198895142636,1
TG,100-F5ULO-T6415M-BLACK-XL,198895142643,1
TG,100-F5URT-P4894M-RYE-1X,198895082871,1
TG,100-F5URT-T6104M-BLACK-M,198895083014,2
TG,100-F5VBI-J5840M-BLSWH-L,198895167721,7
TG,100-F5VBI-J5840M-BLSWH-M,198895167714,2
TG,100-F5VBI-J5840M-BLSWH-S,198895167707,6
TG,100-F5VBI-J5840P-BLSWH-PL,198895167806,2
TG,100-F5VBI-J5840P-BLSWH-PM,198895167790,1
TG,100-F5VBI-J5840P-BLSWH-PP,198895167776,3
TG,100-F5VBI-V1361M-BLSWH-L,198895167851,1
TG,100-F5VBI-V1361M-BLSWH-M,198895167844,1
TG,100-F5VBI-V1361M-BLSWH-S,198895167837,2
TG,100-F5VBI-V1361M-BLSWH-XS,198895167820,1
TG,100-F5VBI-V1361M-BLSWH-XXS,198895167813,5
TG,100-F5VBI-W6272M-BLSWH-M,198895155780,3
TG,100-F5VBZ-J5818M-BLKWH-2X,198895083304,1
TG,100-F5VBZ-J5818M-BLKWH-3X,198895083311,9
TG,100-F5VBZ-J5818M-BLKWH-L,198895083274,4
TG,100-F5VBZ-J5818M-BLKWH-XL,198895083281,1
TG,100-F5VBZ-J5818M-BLKWH-XS,198895083243,1
TG,100-F5VBZ-V1321M-DOVE-M,198895083397,1
TG,100-F5VLO-D0620M-BLACK-3X,198895083717,1
TG,100-F5VLO-D0620M-BLACK-L,198895083670,9
TG,100-F5VLO-D0620M-BLACK-XL,198895083687,19
TG,100-F5VLO-D5402M-ATLAN-M,198895083755,5
TG,100-F5VLO-D5402M-ATLAN-XL,198895083779,4
TG,100-F5VLO-D5402M-ATLAN-XS,198895083731,2
TG,100-F5VLO-D5402P-ATLAN-PL,198895098346,24
TG,100-F5VLO-D5402P-ATLAN-PM,198895098339,7
TG,100-F5VLO-D5402P-ATLAN-PP,198895098315,7
TG,100-F5VLO-D5402P-ATLAN-PS,198895098322,6
TG,100-F5VLO-N1579M-INK-OS,198895084189,9
TG,100-F5VLO-P4874M-INK-1X,198895084349,1
TG,100-F5VLO-P4874M-INK-L,198895084325,8
TG,100-F5VLO-P4874M-INK-M,198895084318,23
TG,100-F5VLO-P4874M-INK-S,198895084301,10
TG,100-F5VLO-P4874M-INK-XL,198895084332,3
TG,100-F5VLO-P4874M-INK-XS,198895084295,4
TG,100-F5VLO-P4874M-INK-XXS,198895084288,13
TG,100-F5VLO-P4874P-INK-PM,198895102326,1
TG,100-F5VLO-P4874P-INK-PP,198895102302,2
TG,100-F5VLO-P4874P-INK-PS,198895102319,2
TG,100-F5VLO-T6225M-BLACK-L,198895084684,11
TG,100-F5VLO-T6225M-BLACK-M,198895084677,1
TG,100-F5VLO-T6225M-BLACK-XXS,198895084646,11
TG,100-F5VLO-T6281M-INK-M,198895084943,2
TG,100-F5VLO-T6281M-INK-S,198895084936,1
TG,100-F5VLO-T6281M-INK-XS,198895084929,4
TG,100-F5VLO-T6281M-INK-XXS,198895084912,5
TG,100-F5VLO-T6368M-ATLAN-XS,198895085193,1
TG,100-F5VLO-T6368M-ATLAN-XXS,198895085186,2
TG,100-F5VLO-T6368M-INK-XS,198895085643,5
TG,100-F5VLO-T6368M-INK-XXS,198895085636,8
TG,100-F5VLO-T6368M-SSPRY-L,198895085940,1
TG,100-F5VLO-T6368M-SSPRY-M,198895085933,2
TG,100-F5VLO-T6368M-SSPRY-S,198895085926,4
TG,100-F5VLO-T6368M-SSPRY-XS,198895085919,1
TG,100-F5VLO-T6368M-SSPRY-XXS,198895085902,4
TG,100-F5VLO-T6368P-BLACK-PL,198895098506,1
TG,100-F5VLO-T6368P-SSPRY-PM,198895098698,1
TG,100-F5VUE-W6256M-BLACK-1X,198895001216,1
TG,100-F5VUE-W6256M-BLACK-3X,198895001230,1
TG,100-F5VUE-W6256M-BLACK-L,198895001193,7
TG,100-F5VUE-W6256M-BLACK-M,198895001186,4
TG,100-F5VUE-W6256M-BLACK-S,198895001179,7
TG,100-F5VUE-W6256M-BLACK-XL,198895001209,1
TG,100-F5VUE-W6256M-BLACK-XS,198895001162,5
TG,100-F5VUE-W6256M-BLACK-XXS,198895001155,9
TG,100-F5WQQ-K5453M-CHAR-M,198895086275,2
TG,100-F5WQQ-K5453M-CHAR-XS,198895086251,1
TG,100-F5WQQ-W6230M-CHAR-M,198895086541,1
TG,100-F5WQQ-W6230M-CHAR-XXS,198895086510,1
TG,100-F5WQQ-W6230M-DPCLT-XXS,198895086695,1
TG,100-F5WUD-W6024M-BLACK-L,198895148843,1
TG,100-F5WUD-W6024M-BLACK-XL,198895148850,1
TG,100-F5WUD-W6024M-BLACK-XS,198895148812,7
TG,100-F5WUD-W6024M-BLACK-XXS,198895148805,1
TG,100-F5WUD-W6024M-WINE-3X,198895148973,1
TG,100-F5WUD-W6024M-WINE-L,198895148935,2
TG,100-F5WUD-W6024M-WINE-M,198895148928,2
TG,100-F5WUD-W6024M-WINE-XS,198895148904,5
TG,100-F5WUD-W6024M-WINE-XXS,198895148898,1
TG,100-F5WXA-P4834M-ABGNE-3X,198895142940,1
TG,100-F5WXA-P4834M-ABGNE-M,198895142896,6
TG,100-F5WXA-P4834M-ABGNE-S,198895142889,3
TG,100-F5WXA-P4834M-ABGNE-XL,198895142919,5
TG,100-F5WXA-P4834M-ABGNE-XS,198895142872,3
TG,100-F5WXA-P4834M-ABGNE-XXS,198895142865,3
TG,100-F5WXA-P4834M-BLACK-XS,198895142964,2
TG,100-F5WXA-P4834M-BLACK-XXS,198895142957,1
TG,100-F5WXA-P4834M-LUNET-XXS,198895143138,2
TG,100-F5WXA-P4878M-BLACK-XS,198895087265,1
TG,100-F5WXA-P4878M-RYE-L,198895087470,1
TG,100-F5WXA-P4878M-RYE-M,198895087463,1
TG,100-F5WXA-P4878M-RYE-S,198895087456,2
TG,100-F5WXA-P4878M-SOFWH-3X,198895087609,2
TG,100-F5WXA-P4878M-SOFWH-L,198895087562,7
TG,100-F5WXA-P4878M-SOFWH-M,198895087555,2
TG,100-F5WXA-P4878M-SOFWH-S,198895087548,3
TG,100-F5WXA-P4878M-SOFWH-XL,198895087579,9
TG,100-F5WXA-T5758M-SOFWH-XXS,198895087883,1
TG,100-F5WXA-T6423M-ABGNE-M,198895155964,3
TG,100-F5WXA-T6423M-ABGNE-XL,198895155988,1
TG,100-F5WXA-T6423M-ABGNE-XS,198895155940,3
TG,100-F5WXA-T6423M-ABGNE-XXS,198895155933,9
TG,100-F5WXA-T6423M-BLACK-3X,198895156107,1
TG,100-F5WXA-T6423M-BLACK-S,198895156046,5
TG,100-F5WXA-T6423M-BLACK-XS,198895156039,1
TG,100-F5WXA-T6423M-BLACK-XXS,198895156022,3
TG,100-F5WXA-T6423M-LUNET-3X,198895156282,1
TG,100-F5WXA-T6423M-LUNET-XXS,198895156206,5
TG,100-F5XJU-T6189M-CASIS-S,198895088088,2
TG,100-F5XJU-T6189M-CASIS-XS,198895088071,10
TG,100-F5XJU-U4395M-ALPNE-1X,198895088576,1
TG,100-F5XJU-U4395M-ALPNE-M,198895088545,33
TG,100-F5XJU-U4395M-ALPNE-S,198895088538,31
TG,100-F5XJU-U4395M-ALPNE-XS,198895088521,18
TG,100-F5XJU-U4395M-ALPNE-XXS,198895088514,6
TG,100-F5XWD-W6138M-POOL-XL,198895145668,1
TG,100-F5XWD-W6138M-WDLND-S,198895146573,1
TG,100-F5XWD-W6138M-WDLND-XL,198895146603,2
TG,100-F5XWD-W6138M-WDLND-XXS,198895146559,1
TG,100-F5YHH-J5619M-BLACK-M,198895089269,3
TG,100-F5YHH-J5619M-BLACK-XL,198895089283,1
TG,100-F5YHH-J5619M-BLACK-XS,198895089245,2
TG,100-F5YHH-J5619M-SOFWH-M,198895089535,9
TG,100-F5YHH-J5619M-SOFWH-XL,198895089559,2
TG,100-F5YHH-J5619M-SOFWH-XS,198895089511,3
TG,100-F5YHH-J5619M-SOFWH-XXS,198895089504,2
TG,100-F5YHH-P4885M-BLACK-1X,198895089658,2
TG,100-F5YHH-P4885M-BLACK-L,198895089634,2
TG,100-F5YHH-P4885M-BLACK-M,198895089627,4
TG,100-F5YHH-P4885M-BLACK-S,198895089610,5
TG,100-F5YHH-P4885M-BLACK-XL,198895089641,5
TG,100-F5YHH-P4885M-BLACK-XXS,198895089597,1
TG,100-F5YHH-P4885M-MAHGY-1X,198895089832,12
TG,100-F5YHH-P4885M-MAHGY-2X,198895089849,12
TG,100-F5YHH-P4885M-MAHGY-S,198895089795,12
TG,100-F5YHH-P4885M-MAHGY-XXS,198895089771,16
TG,100-F5YHH-P4885M-SOFWH-1X,198895089924,8
TG,100-F5YHH-P4885M-SOFWH-2X,198895089931,7
TG,100-F5YHH-P4885M-SOFWH-3X,198895089948,4
TG,100-F5YHH-P4885M-SOFWH-L,198895089900,7
TG,100-F5YHH-P4885M-SOFWH-M,198895089894,6
TG,100-F5YHH-P4885M-SOFWH-S,198895089887,5
TG,100-F5YHH-P4885M-SOFWH-XL,198895089917,5
TG,100-F5YHH-P4885M-SOFWH-XS,198895089870,2
TG,100-F5YHH-P4885M-SOFWH-XXS,198895089863,2
TG,100-F5YSA-W5894M-ABGNE-1X,198895117191,1
TG,100-F5YSA-W5894M-ABGNE-2X,198895117207,1
TG,100-F5YSA-W5894M-ABGNE-L,198895117177,2
TG,100-F5YSA-W5894M-ABGNE-M,198895117160,2
TG,100-F5YSA-W5894M-ABGNE-XL,198895117184,7
TG,100-F5YSA-W5894M-ABGNE-XXS,198895117139,1
TG,100-F5YSA-W5894M-BLACK-XS,198895001544,3
TG,100-F5YSA-W6228M-ASH-3X,198895002695,1
TG,100-F5YSA-W6228M-ASH-L,198895002657,3
TG,100-F5YSA-W6228M-ASH-XXS,198895002619,1
TG,100-F5YTL-W5851M-ALPNE-XS,198895146658,2
TG,100-F5YTL-W5851M-ASH-L,198895146771,1
TG,100-F5YTL-W5851M-ASH-XS,198895146740,1
TG,100-F5YTL-W5851M-ASH-XXS,198895146733,1
TG,100-F5YTL-W5851M-WHEAT-L,198895147044,1
TG,100-F5YTL-W5851M-WHEAT-XS,198895147013,1
TG,100-F5YTL-W5851M-WHEAT-XXS,198895147006,2
TG,100-F5YTL-W6158M-ALPNE-M,198895147129,1
TG,100-F5YTL-W6158M-ALPNE-XL,198895147143,1
TG,100-F5YTL-W6158M-DLPHN-3X,198895145781,1
TG,100-F5YTL-W6158M-DLPHN-M,198895145736,1
TG,100-F5YTL-W6158M-DOVE-S,198895147297,1
TG,100-F5YTL-W6158M-DOVE-XL,198895147327,2
TG,100-F5YTL-W6158M-DOVE-XS,198895147280,3
TG,100-F5YTL-W6158M-DOVE-XXS,198895147273,1
TG,100-F5YTL-W6185M-RUBY-XL,198895149031,1
TG,100-F5YTL-W6185M-WINE-XL,198895149123,1
TG,100-F5YTL-W6185M-WINE-XXS,198895149079,1
TG,100-F5YZX-W6246M-ATLAN-3X,198895090098,1
TG,100-F5YZX-W6246M-ATLAN-S,198895090036,6
TG,100-F5YZX-W6246M-ATLAN-XS,198895090029,6
TG,100-F5YZX-W6246M-ATLAN-XXS,198895090012,1
TG,100-F5YZX-W6246M-BLACK-XS,198895133429,2
TG,100-F5YZX-W6246M-BLACK-XXS,198895133412,1
TG,100-QRTJH-P4366M-BLACK-1X,196124484359,9
TG,100-S3IZ1-T5670M-VENUS-L,196124668209,0
TG,100-S4TJH-P4714P-GRVE-PM,197223353171,1
TG,100-S5AHB-P4844M-WHEAT-1X,197223765998,1
TG,100-S5AHB-T6315M-WHEAT-M,197223766285,1
TG,100-S5AJH-D5293M-BLACK-XXS,672178147919,1
TG,100-S5AJH-D5293M-CRMSN-XXS,672178149050,1
TG,100-S5AJH-D5389M-INK-XS,672178293050,2
TG,100-S5AJH-D5389M-PLSKY-L,672178293722,32
TG,100-S5AJH-D5389M-PLSKY-S,672178293630,33
TG,100-S5AJH-P4698M-BISCU-1X,197223837220,23
TG,100-S5AJH-P4698M-BISCU-L,197223837206,46
TG,100-S5AJH-P4698M-BISCU-M,197223837190,43
TG,100-S5AJH-P4698M-BISCU-XL,197223837213,53
TG,100-S5AJH-P4698M-BLACK-1X,197223837329,1
TG,100-S5AJH-P4698P-BISCU-PL,672178690606,10
TG,100-S5AJH-P4794M-BISCU-L,672178528237,1
TG,100-S5AJH-P4794M-BLACK-2X,672178520095,1
TG,100-S5AJH-P4794M-BLACK-3X,672178520163,1
TG,100-S5AJH-S4414P-BLACK-PL,672178232394,2
TG,100-S5AJH-T5705M-DRGFY-M,197223943525,1
TG,100-S5AJH-T6031M-PLSKY-3X,672178367607,1
TG,100-S5AJH-T6031M-WHITE-1X,672178007725,1
TG,100-S5AJH-T6109M-BLFLW-L,197223978084,2
TG,100-S5AJH-T6109M-GLDPR-1X,672178695502,12
TG,100-S5AJH-T6109M-GLDPR-2X,672178695519,17
TG,100-S5AJH-T6109M-GLDPR-3X,672178695526,7
TG,100-S5AJH-T6109M-GLDPR-L,672178695489,36
TG,100-S5AJH-T6109M-GLDPR-M,672178695472,40
TG,100-S5AJH-T6109M-GLDPR-XL,672178695496,22
TG,100-S5AJH-T6109M-GLDPR-XS,672178695458,2
TG,100-S5AJH-T6109M-ULTMA-2X,197223978411,5
TG,100-S5AJH-T6109M-ULTMA-3X,197223978428,6
TG,100-S5AJH-T6109M-WHITE-1X,197223978503,20
TG,100-S5AJH-T6109M-WHITE-2X,197223978510,14
TG,100-S5AJH-T6109M-WHITE-3X,197223978527,9
TG,100-S5AJH-T6109M-WHITE-L,197223978480,41
TG,100-S5AJH-T6109M-WHITE-M,197223978473,41
TG,100-S5AJH-T6109M-WHITE-S,197223978466,6
TG,100-S5AJH-T6109M-WHITE-XL,197223978497,24
TG,100-S5AJH-T6268M-WHITE-1X,197223766889,11
TG,100-S5AJH-T6268M-WHITE-3X,197223766902,3
TG,100-S5AJQ-W6211M-BLUET-L,197223886914,1
TG,100-S5AKR-C2155M-BISCU-XS,197223767039,2
TG,100-S5AKR-C2155P-BISCU-PL,197223818199,4
TG,100-S5AYT-W6217M-BKBRY-S,672178260090,5
TG,100-S5AYT-W6217M-BKBRY-XL,672178260373,3
TG,100-S5AYT-W6217M-BKBRY-XS,672178260076,2
TG,100-S5AYT-W6217M-BKBRY-XXS,672178260052,1
TG,100-S5AYT-W6217M-BRNCH-1X,672178291346,13
TG,100-S5AYT-W6217M-BRNCH-2X,672178291384,11
TG,100-S5AYT-W6217M-BRNCH-3X,672178291452,3
TG,100-S5AYT-W6217M-BRNCH-L,672178291223,6
TG,100-S5AYT-W6217M-BRNCH-XL,672178291292,1
TG,100-S5AYT-W6217M-BRNZE-1X,672178262865,1
TG,100-S5AYT-W6217M-BRNZE-2X,672178263008,1
TG,100-S5AYT-W6217M-BRNZE-M,672178262377,8
TG,100-S5AYT-W6217M-BRNZE-S,672178262162,8
TG,100-S5AYT-W6217M-BRNZE-XS,672178262094,1
TG,100-S5AYT-W6217M-BRNZE-XXS,672178262025,5
TG,100-S5AYT-W6217M-PLSKY-1X,672178264517,5
TG,100-S5AYT-W6217M-PLSKY-2X,672178264586,3
TG,100-S5AYT-W6217M-PLSKY-L,672178264333,31
TG,100-S5AYT-W6217M-PLSKY-M,672178264265,21
TG,100-S5AYT-W6217M-PLSKY-S,672178264197,4
TG,100-S5AYT-W6217M-PLSKY-XL,672178264470,36
TG,100-S5AYT-W6217M-PLSKY-XXS,672178263916,5
TG,100-S5AYT-W6217M-TMRLO-1X,672178291988,12
TG,100-S5AYT-W6217M-TMRLO-2X,672178292107,6
TG,100-S5AYT-W6217M-TMRLO-3X,672178292152,5
TG,100-S5AYT-W6217M-TMRLO-L,672178291803,61
TG,100-S5AYT-W6217M-TMRLO-M,672178291735,65
TG,100-S5AYT-W6217M-TMRLO-S,672178291667,58
TG,100-S5AYT-W6217M-TMRLO-XL,672178291919,40
TG,100-S5AYT-W6217M-TMRLO-XS,672178291612,13
TG,100-S5AYT-W6217M-WHITE-1X,672178292398,22
TG,100-S5AYT-W6217M-WHITE-2X,672178292466,12
TG,100-S5AYT-W6217M-WHITE-3X,672178292534,9
TG,100-S5AYT-W6217M-WHITE-XXS,672178292220,1
TG,100-S5BBR-J5774M-BONE-1X,197223829522,1
TG,100-S5BBR-J5774M-BONE-M,197223829492,1
TG,100-S5BDE-P4679M-BLACK-3X,197223871330,1
TG,100-S5BDE-P4679M-DPIND-XL,197223768371,1
TG,100-S5BDE-P4715M-BLACK-3X,197223978725,5
TG,100-S5BDE-P4828M-BLACK-1X,197223820970,9
TG,100-S5BDE-P4828M-DPIND-1X,197223821076,1
TG,100-S5BDE-P4828M-DPIND-2X,197223821083,1
TG,100-S5BDE-P4828P-BLACK-PL,197223821144,1
TG,100-S5BSR-W6011M-ULTMA-3X,672178011852,1
TG,100-S5BSV-W6196M-LAPIS-1X,197223769347,2
TG,100-S5BSV-W6196M-LAPIS-2X,197223769354,1
TG,100-S5CXG-D5380M-BLACK-2X,672178436501,4
TG,100-S5CXG-D5380M-BLACK-XXS,672178435993,1
TG,100-S5CXG-D5380M-BRNZE-M,672178437225,116
TG,100-S5CXG-D5380M-BRNZE-XXS,672178436600,17
TG,100-S5CXG-D5380M-GRAPE-L,672178495676,100
TG,100-S5CXG-D5380M-GRAPE-M,672178495638,130
TG,100-S5CXG-D5380P-BLACK-PP,672178692464,1
TG,100-S5CXG-D5380P-BLACK-PS,672178692471,1
TG,100-S5CXG-D5380P-BRNZE-PP,672178692501,8
TG,100-S5CXU-D5381M-BLACK-2X,672178438635,1
TG,100-S5CXU-D5381M-BLACK-3X,672178438680,2
TG,100-S5CXU-T6318M-WHEAT-XS,197223770077,8
TG,100-S5CXU-T6318M-WHEAT-XXS,197223770060,12
TG,100-S5CXU-T6323M-BLACK-L,197223770206,1
TG,100-S5CYS-T5879M-EBONY-XS,197223821670,1
TG,100-S5CYS-T5879P-EBONY-PL,197223821793,1
TG,100-S5DSE-D5346M-BLACK-3X,197223770701,2
TG,100-S5DSE-D5346M-EBONY-M,197223844426,1
TG,100-S5DSE-D5346M-EBONY-XL,197223844440,1
TG,100-S5DSE-D5346M-EBONY-XXS,197223844396,3
TG,100-S5FDZ-W6185M-WHITE-XL,672178596342,2
TG,100-S5FEG-W6213M-BLUET-1X,197223917380,5
TG,100-S5FEG-W6213M-BLUET-2X,197223917397,1
TG,100-S5FEG-W6213M-BLUET-3X,197223917403,11
TG,100-S5FEG-W6213M-BLUET-XL,197223917373,6
TG,100-S5FEG-W6213M-WHITE-1X,197223917588,13
TG,100-S5FEG-W6213M-WHITE-2X,197223917595,7
TG,100-S5FEG-W6213M-WHITE-3X,197223917601,14
TG,100-S5FEG-W6213M-WHITE-L,197223917564,37
TG,100-S5FEG-W6213M-WHITE-M,197223917557,29
TG,100-S5FEG-W6213M-WHITE-S,197223917540,1
TG,100-S5FEG-W6213M-WHITE-XL,197223917571,18
TG,100-S5FEG-W6213M-WHITE-XXS,197223917526,1
TG,100-S5FGO-V1341M-WHITE-1X,197223917885,18
TG,100-S5FGO-V1341M-WHITE-2X,197223917892,16
TG,100-S5FGO-V1341M-WHITE-3X,197223917908,8
TG,100-S5FGO-V1341M-WHITE-L,197223917861,48
TG,100-S5FGO-V1341M-WHITE-M,197223917854,24
TG,100-S5FGO-V1341M-WHITE-S,197223917847,1
TG,100-S5FGO-V1341M-WHITE-XL,197223917878,55
TG,100-S5FGO-V1341M-WHITE-XS,197223917830,2
TG,100-S5FGO-V1341M-WHITE-XXS,197223917823,1
TG,100-S5FNP-K5428M-BLACK-1X,197223771746,1
TG,100-S5FNP-K5428M-EBONY-XXS,197223771883,1
TG,100-S5FNP-K5428M-POWDR-L,197223772026,4
TG,100-S5FNP-K5428M-POWDR-XXS,197223771982,1
TG,100-S5FNP-W6199M-BLACK-M,197223772514,1
TG,100-S5FNP-W6199M-BONE-M,197223772613,2
TG,100-S5FTE-D5369M-BKBRY-M,672178440263,48
TG,100-S5FTE-D5369M-BKBRY-S,672178440195,48
TG,100-S5FTE-D5369M-BKBRY-XS,672178440157,52
TG,100-S5FTE-D5369M-BKBRY-XXS,672178440065,43
TG,100-S5FTE-D5369M-BLACK-L,672178441222,17
TG,100-S5FTE-D5369M-BLACK-M,672178441079,82
TG,100-S5FTE-D5369M-BLACK-S,672178441031,76
TG,100-S5FTE-D5369M-BLACK-XL,672178441253,7
TG,100-S5FTE-D5369M-BLACK-XS,672178440997,55
TG,100-S5FTE-D5369M-BLACK-XXS,672178440942,48
TG,100-S5FTE-D5369P-BKBRY-PL,672178692693,1
TG,100-S5FTE-D5369P-BKBRY-PP,672178692662,8
TG,100-S5FTE-D5369P-BLACK-PL,672178692730,19
TG,100-S5FTE-D5369P-BLACK-PM,672178692723,19
TG,100-S5FTE-D5369P-BLACK-PP,672178692709,15
TG,100-S5FTE-D5397M-BKBRY-M,672178529401,1
TG,100-S5FTE-D5397M-BKBRY-XS,672178529302,1
TG,100-S5FTE-D5397M-BKBRY-XXS,672178529258,1
TG,100-S5FTE-D5397M-BLACK-S,672178530018,1
TG,100-S5FTE-T5685M-BLACK-XL,197223841647,1
TG,100-S5FTE-T5685M-WHITE-XXS,197223841692,1
TG,100-S5FTE-T6300M-CLOVE-1X,197223772842,1
TG,100-S5FTE-T6357M-ALPNE-XXS,197223887775,1
TG,100-S5FTE-T6363M-BKBRY-1X,672178443592,1
TG,100-S5FTE-T6363M-BKBRY-2X,672178443714,11
TG,100-S5FTE-T6363M-BKBRY-3X,672178443738,3
TG,100-S5FTE-T6363M-BKBRY-L,672178443493,9
TG,100-S5FTE-T6363M-BKBRY-M,672178443455,15
TG,100-S5FTE-T6363M-BKBRY-XL,672178443547,2
TG,100-S5FTE-T6363M-BLACK-2X,672178444315,9
TG,100-S5FTE-T6363M-BLACK-3X,672178444360,2
TG,100-S5FTE-T6363M-BLACK-XXS,672178443752,1
TG,100-S5FVF-K5440M-UNNAT-S,672178018226,1
TG,100-S5FVF-K5440M-WHITE-1X,672178019094,14
TG,100-S5FVF-K5440M-WHITE-2X,672178019148,1
TG,100-S5FVF-K5440M-WHITE-3X,672178019193,1
TG,100-S5FVF-V1338M-CRMSN-M,672178447262,1
TG,100-S5FVF-V1338M-CRMSN-XS,672178447163,1
TG,100-S5FVF-V1338M-WHITE-XXS,672178483482,2
TG,100-S5FVF-V1338P-CRMSN-PL,672178693218,1
TG,100-S5FVF-V1338P-CRMSN-PM,672178693201,3
TG,100-S5FVF-V1338P-CRMSN-PP,672178693188,21
TG,100-S5FVF-V1338P-CRMSN-PS,672178693195,1
TG,100-S5FVF-W5858M-SNGRA-3X,672178423532,4
TG,100-S5FVF-W5858M-WHITE-1X,672178022162,8
TG,100-S5FVF-W5858M-WHITE-2X,672178022230,8
TG,100-S5FVF-W5858M-WHITE-3X,672178022308,7
TG,100-S5FVF-W5858M-WHITE-XL,672178022094,8
TG,100-S5FVF-W6216M-WHITE-1X,672178025484,16
TG,100-S5FVF-W6216M-WHITE-2X,672178025521,29
TG,100-S5FVF-W6216M-WHITE-3X,672178025590,13
TG,100-S5GAT-V1332M-BLACK-1X,672178346329,2
TG,100-S5GAT-V1332M-BLACK-2X,672178346374,16
TG,100-S5GAT-V1332M-BLACK-3X,672178346411,8
TG,100-S5GAT-V1332M-BLACK-L,672178346152,69
TG,100-S5GAT-V1332M-BLACK-M,672178346015,65
TG,100-S5GAT-V1332M-BLACK-S,672178345872,24
TG,100-S5GAT-V1332M-BLACK-XL,672178346220,24
TG,100-S5GAT-V1332M-BRNCH-1X,672178346985,19
TG,100-S5GAT-V1332M-BRNCH-2X,672178347050,19
TG,100-S5GAT-V1332M-BRNCH-3X,672178347197,10
TG,100-S5GAT-V1332M-BRNCH-L,672178346770,54
TG,100-S5GAT-V1332M-BRNCH-M,672178346701,86
TG,100-S5GAT-V1332M-BRNCH-S,672178346565,43
TG,100-S5GAT-V1332M-BRNCH-XL,672178346916,25
TG,100-S5GAT-V1332M-BRNCH-XS,672178346497,12
TG,100-S5GAT-V1332M-BRNCH-XXS,672178346459,18
TG,100-S5GAT-V1332M-UNNAT-1X,672178347968,9
TG,100-S5GAT-V1332M-UNNAT-2X,672178348033,17
TG,100-S5GAT-V1332M-UNNAT-3X,672178348057,5
TG,100-S5GAT-V1332M-UNNAT-L,672178347821,62
TG,100-S5GAT-V1332M-UNNAT-M,672178347753,33
TG,100-S5GAT-V1332M-UNNAT-S,672178347685,2
TG,100-S5GAT-V1332M-UNNAT-XL,672178347890,39
TG,100-S5GAT-V1332M-UNNAT-XXS,672178347401,9
TG,100-S5GAT-V1332M-WHITE-1X,672178348194,35
TG,100-S5GAT-V1332M-WHITE-2X,672178348262,26
TG,100-S5GAT-V1332M-WHITE-3X,672178348316,16
TG,100-S5GAT-V1332M-WHITE-L,672178348156,83
TG,100-S5GAT-V1332M-WHITE-M,672178348132,118
TG,100-S5GAT-V1332M-WHITE-S,672178348118,58
TG,100-S5GAT-V1332M-WHITE-XL,672178348170,71
TG,100-S5GAT-V1332M-WHITE-XXS,672178348071,29
TG,100-S5GBA-D5371M-GRAPE-3X,197223979623,8
TG,100-S5GBA-D5371M-GRAPE-S,197223979562,15
TG,100-S5GBA-D5371M-GRAPE-XXS,197223979548,10
TG,100-S5GBA-M1014M-OCEAN-XS,672178447620,1
TG,100-S5GBA-P4803M-OCEAN-XS,672178408126,1
TG,100-S5GBA-P4867M-WHITE-1X,672178028201,18
TG,100-S5GBA-P4867M-WHITE-S,672178028034,15
TG,100-S5GBA-P4869M-BKBRY-XXS,672178264746,2
TG,100-S5GBA-P4869M-BLACK-M,672178265804,2
TG,100-S5GBA-P4869M-BLACK-XXS,672178265590,10
TG,100-S5GBA-P4869M-INK-XXS,672178268430,2
TG,100-S5GBA-P4869M-WHITE-1X,672178270297,2
TG,100-S5GBA-P4869M-WHITE-2X,672178270310,3
TG,100-S5GBA-P4869M-WHITE-XL,672178270259,10
TG,100-S5GBA-T5705M-GRAPE-XS,672178484595,1
TG,100-S5GBA-T5705M-GRAPE-XXS,672178484540,6
TG,100-S5GBA-T5705P-WHITE-PP,197223848837,1
TG,100-S5GBA-T6212M-HYDRA-S,672178448559,1
TG,100-S5GBA-T6253M-BKBRY-XXS,197223921127,1
TG,100-S5GBA-T6356M-BLACK-XXS,672178272482,1
TG,100-S5GBA-T6356M-WHITE-3X,672178274035,3
TG,100-S5GC1-D5348M-LAPIS-3X,197223773863,1
TG,100-S5GC1-D5348M-LAPIS-L,197223773825,1
TG,100-S5GC1-D5400M-BKBRY-3X,672178531435,1
TG,100-S5GC1-D5400M-BKBRY-L,672178531244,5
TG,100-S5GC1-D5400M-BKBRY-XXS,672178531053,2
TG,100-S5GC1-D5400M-BLUET-1X,672178532333,9
TG,100-S5GC1-D5400M-BLUET-L,672178531916,17
TG,100-S5GC1-D5400M-BLUET-M,672178531831,41
TG,100-S5GC1-D5400M-BLUET-XS,672178531572,5
TG,100-S5GC1-D5400M-BLUET-XXS,672178531503,17
TG,100-S5GC1-P4698M-BKBRY-XXS,672178409970,1
TG,100-S5GC1-P4698M-BLUET-1X,197223803669,31
TG,100-S5GC1-P4698M-BLUET-2X,197223803676,26
TG,100-S5GC1-P4698M-BLUET-3X,197223803683,16
TG,100-S5GC1-P4698M-BLUET-L,197223803645,26
TG,100-S5GC1-P4698M-BLUET-S,197223803621,1
TG,100-S5GC1-P4698M-BLUET-XL,197223803652,27
TG,100-S5GC1-P4698M-BLUET-XS,197223803614,6
TG,100-S5GC1-P4698M-BLUET-XXS,197223803607,10
TG,100-S5GC1-P4698M-COCOA-1X,197223960935,1
TG,100-S5GC1-T5775M-BLUET-2X,197223973768,1
TG,100-S5GC1-T6217M-INK-S,672178485196,1
TG,100-S5GC1-T6228M-BLACK-2X,197223888529,1
TG,100-S5GC1-T6328M-BLUET-XS,197223889168,1
TG,100-S5GC1-U4274M-ALPNE-S,197223961192,4
TG,100-S5GC1-U4274M-BKBRY-S,672178387094,4
TG,100-S5GC1-U4274M-BKBRY-XXS,672178386974,19
TG,100-S5GC1-U4403M-BLACK-XXS,197223775881,8
TG,100-S5GC1-U4403M-IVORY-3X,197223776260,2
TG,100-S5GC1-V1329M-BLACK-M,197223776314,2
TG,100-S5GDD-J5802M-WHITE-S,197223922940,1
TG,100-S5GDD-P4679M-WHITE-1X,197223776444,2
TG,100-S5GDD-P4679M-WHITE-L,197223776420,1
TG,100-S5GDD-P4679M-WHITE-XL,197223776437,10
TG,100-S5GDD-P4679P-WHITE-PL,197223875550,3
TG,100-S5GDD-P4679P-WHITE-PS,197223875536,8
TG,100-S5GDD-P4870M-WHITE-2X,672178133493,2
TG,100-S5GDD-S4402M-WHITE-1X,197223776741,5
TG,100-S5GDD-S4402M-WHITE-2X,197223776758,8
TG,100-S5GDD-S4402M-WHITE-3X,197223776765,8
TG,100-S5GDD-S4402M-WHITE-M,197223776710,33
TG,100-S5GDD-S4402M-WHITE-S,197223776703,16
TG,100-S5GDD-S4402M-WHITE-XL,197223776734,15
TG,100-S5GDD-S4402M-WHITE-XS,197223776697,1
TG,100-S5GDD-S4402M-WHITE-XXS,197223776680,2
TG,100-S5GK-U2372M-ALPNE-S,672178032765,2
TG,100-S5GK-U2372M-BKBRY-XS,672178154993,1
TG,100-S5GK-U2372M-BLFLW-XXS,197223980049,1
TG,100-S5GK-U2372M-INK-2X,672178404081,1
TG,100-S5GK-U2372M-INK-L,672178403893,3
TG,100-S5GK-U2372M-INK-M,672178403824,2
TG,100-S5GK-U2372M-INK-S,672178403800,4
TG,100-S5GK-U2372M-INK-XS,672178403732,6
TG,100-S5GT1-J5799M-BLFLW-XS,197223923336,26
TG,100-S5GT1-J5799M-BLFLW-XXS,197223923329,21
TG,100-S5GT1-J5799M-BLUET-XXS,197223923428,14
TG,100-S5GT1-J5799M-BRNCH-3X,672178033724,6
TG,100-S5GT1-J5799M-BRNCH-L,672178033441,1
TG,100-S5GT1-J5799M-BRNCH-M,672178033373,8
TG,100-S5GT1-J5799M-BRNCH-XL,672178033519,8
TG,100-S5GT1-J5799M-DRGFY-1X,672178034110,13
TG,100-S5GT1-J5799M-DRGFY-2X,672178034189,15
TG,100-S5GT1-J5799M-DRGFY-3X,672178034257,6
TG,100-S5GT1-J5799M-DRGFY-L,672178034028,39
TG,100-S5GT1-J5799M-DRGFY-M,672178033953,61
TG,100-S5GT1-J5799M-DRGFY-S,672178033915,20
TG,100-S5GT1-J5799M-DRGFY-XL,672178034073,8
TG,100-S5GT1-J5799M-DRGFY-XS,672178033861,34
TG,100-S5GT1-J5799M-DRGFY-XXS,672178033793,28
TG,100-S5GT1-J5799P-BLFLW-PP,672178157451,5
TG,100-S5GT1-J5799P-BLFLW-PS,672178157529,12
TG,100-S5GT1-J5799P-BRNCH-PL,672178158090,14
TG,100-S5GT1-J5799P-BRNCH-PS,672178157956,1
TG,100-S5GT1-J5799P-DRGFY-PP,672178034899,9
TG,100-S5GT1-J5799P-SEAFM-PM,672178035285,4
TG,100-S5GT1-J5799P-SEAFM-PP,672178035148,3
TG,100-S5GT1-T6367M-COCOA-XL,197223996323,3
TG,100-S5HCH-W6207M-IVORY-S,197223890775,1
TG,100-S5HKJ-W6194M-AZURE-S,197223777106,2
TG,100-S5HKJ-W6194M-ECLPS-XXS,197223777182,1
TG,100-S5HKT-K5246M-BKBRY-XS,672178158236,1
TG,100-S5HKT-K5246M-BKBRY-XXS,672178158168,5
TG,100-S5HKT-K5246M-BLACK-S,197223994312,10
TG,100-S5HKT-K5246M-BLUET-XXS,197223994497,6
TG,100-S5HKT-K5246M-BRNCH-XXS,672178037623,10
TG,100-S5HKT-K5246M-SEAFM-1X,672178039245,1
TG,100-S5HKT-K5246M-SEAFM-2X,672178039313,15
TG,100-S5HKT-K5246M-SEAFM-3X,672178039382,10
TG,100-S5HKT-K5246M-SEAFM-XL,672178039177,10
TG,100-S5HKT-K5246M-SEAFM-XXS,672178038828,10
TG,100-S5HKT-K5246M-SNGRA-XXS,197223994596,5
TG,100-S5HKT-K5246P-BKBRY-PP,672178349917,10
TG,100-S5HKT-K5246P-BLACK-PM,672178160253,13
TG,100-S5HKT-K5246P-BLACK-PP,672178160116,24
TG,100-S5HKT-K5246P-BRNCH-PP,672178160574,12
TG,100-S5HKT-K5246P-SNGRA-PL,672178160994,9
TG,100-S5HKT-K5246P-SNGRA-PM,672178160925,37
TG,100-S5HKT-K5246P-SNGRA-PP,672178160833,43
TG,100-S5HKT-K5246P-SNGRA-PS,672178160888,36
TG,100-S5HKT-K5246P-WHITE-PM,672178161151,1
TG,100-S5ISZ-T5670M-WHTBL-XXS,197223777380,2
TG,100-S5ISZ-U4254M-WHTBL-3X,672178653854,1
TG,100-S5IZ1-D5406M-BLACK-M,672178654035,1
TG,100-S5IZ1-T5852M-AZURE-1X,197223778240,1
TG,100-S5IZ1-T5852M-BKBRY-XXS,672178350159,2
TG,100-S5IZ1-T6005M-BLFLW-1X,197223923688,12
TG,100-S5IZ1-T6005M-BLFLW-2X,197223923695,11
TG,100-S5IZ1-T6005M-BLFLW-3X,197223923701,12
TG,100-S5IZ1-T6005M-BLFLW-M,197223923657,37
TG,100-S5IZ1-T6005M-BLFLW-S,197223923640,14
TG,100-S5IZ1-T6005M-BLFLW-XL,197223923671,3
TG,100-S5IZ1-T6005M-BLFLW-XXS,197223923626,1
TG,100-S5IZ1-T6005M-CRSPK-L,672178161564,1
TG,100-S5IZ1-T6005M-FOG-2X,672178162271,4
TG,100-S5IZ1-T6005M-FOG-3X,672178162318,5
TG,100-S5IZ1-T6262M-WHITE-2X,197223778653,6
TG,100-S5IZ1-U4320M-BLFLW-M,197223801436,2
TG,100-S5IZ1-U4320M-FOG-XXS,672178162387,5
TG,100-S5IZ1-U4320M-INK-XXS,197223823018,1
TG,100-S5IZ1-U4320M-OHUBL-S,197223801726,2
TG,100-S5IZ1-U4320M-OHUBL-XXS,197223801702,6
TG,100-S5IZ1-U4320M-PLSKY-1X,197223823179,1
TG,100-S5IZ1-U4320M-PLSKY-M,197223823148,16
TG,100-S5IZ1-U4320M-PLSKY-S,197223823131,13
TG,100-S5IZ1-U4320M-PLSKY-XS,197223823124,9
TG,100-S5IZ1-U4320M-TMRLO-XXS,197223823216,1
TG,100-S5IZ1-U4396M-BLACK-M,197223804239,54
TG,100-S5IZ1-U4396M-BLACK-S,197223804222,73
TG,100-S5IZ1-U4396M-BLACK-XS,197223804215,32
TG,100-S5IZ1-U4396M-BLACK-XXS,197223804208,24
TG,100-S5IZ1-U4396M-WHITE-1X,197223804369,2
TG,100-S5IZ1-U4396M-WHITE-L,197223804345,64
TG,100-S5IZ1-U4396M-WHITE-M,197223804338,178
TG,100-S5IZ1-U4396M-WHITE-S,197223804321,138
TG,100-S5IZ1-U4396M-WHITE-XL,197223804352,8
TG,100-S5IZ1-U4396M-WHITE-XS,197223804314,73
TG,100-S5IZ1-U4396M-WHITE-XXS,197223804307,44
TG,100-S5JRD-D5108M-BLACK-1X,672178449938,7
TG,100-S5JRD-D5108M-BLACK-3X,672178450057,6
TG,100-S5JRD-D5108M-BLACK-L,672178449792,29
TG,100-S5JRD-D5108M-BLACK-M,672178449723,45
TG,100-S5JRD-D5108M-BLACK-S,672178449655,23
TG,100-S5JRD-D5108M-BLACK-XL,672178449860,16
TG,100-S5JRD-D5108M-BLACK-XS,672178449631,8
TG,100-S5JRD-D5108M-BLACK-XXS,672178449617,21
TG,100-S5JRD-D5108M-CRMSN-1X,672178451092,4
TG,100-S5JRD-D5108M-CRMSN-2X,672178451214,1
TG,100-S5JRD-D5108M-CRMSN-3X,672178451306,15
TG,100-S5JRD-D5108M-CRMSN-L,672178450873,22
TG,100-S5JRD-D5108M-CRMSN-M,672178450804,20
TG,100-S5JRD-D5108M-CRMSN-S,672178450736,17
TG,100-S5JRD-D5108M-CRMSN-XL,672178451047,19
TG,100-S5JRD-D5108M-CRMSN-XS,672178450668,1
TG,100-S5JRD-D5108M-CRMSN-XXS,672178450637,19
TG,100-S5JRD-D5108P-BLACK-PL,672178693294,27
TG,100-S5JRD-D5108P-BLACK-PP,672178693263,1
TG,100-S5JRD-D5108P-BLACK-PS,672178693270,11
TG,100-S5JRD-D5108P-CRMSN-PL,672178693331,34
TG,100-S5JRD-D5108P-CRMSN-PM,672178693324,1
TG,100-S5JRD-D5108P-CRMSN-PP,672178693300,14
TG,100-S5JRD-D5108P-CRMSN-PS,672178693317,20
TG,100-S5JRD-P4366M-CHALK-1X,197223980407,2
TG,100-S5JRD-P4366M-CHALK-XXS,197223980346,3
TG,100-S5JRD-P4862M-BRNZE-1X,197223926382,1
TG,100-S5JRD-P4862M-BRNZE-XL,197223926375,2
TG,100-S5JRD-P4862P-BRNZE-PP,672178694680,1
TG,100-S5JRD-S4388M-BRNZE-2X,672178487688,1
TG,100-S5JRD-S4388M-BRNZE-XL,672178487541,1
TG,100-S5JRD-S4388M-CRMSN-1X,672178452792,15
TG,100-S5JRD-S4388M-CRMSN-2X,672178452860,13
TG,100-S5JRD-S4388M-CRMSN-3X,672178452938,7
TG,100-S5JRD-S4388M-CRMSN-L,672178452679,42
TG,100-S5JRD-S4388M-CRMSN-M,672178452600,68
TG,100-S5JRD-S4388M-CRMSN-S,672178452457,41
TG,100-S5JRD-S4388M-CRMSN-XL,672178452723,20
TG,100-S5JRD-S4388M-CRMSN-XS,672178452365,14
TG,100-S5JRD-S4388M-CRMSN-XXS,672178452228,15
TG,100-S5JRD-S4388P-CRMSN-PL,672178693454,11
TG,100-S5JRD-T6348M-CHALK-1X,197223926887,17
TG,100-S5JRD-T6348M-CHALK-2X,197223926894,6
TG,100-S5JRD-T6348M-CHALK-3X,197223926900,7
TG,100-S5JRD-T6348M-CHALK-L,197223926863,12
TG,100-S5JRD-T6348M-CHALK-XL,197223926870,11
TG,100-S5JRD-V1351M-BLACK-L,672178368505,24
TG,100-S5JRD-V1351M-BLACK-M,672178368451,25
TG,100-S5JRD-V1351M-BLACK-S,672178368406,27
TG,100-S5JRD-V1351M-BLACK-XS,672178368338,9
TG,100-S5JRD-V1351M-BLACK-XXS,672178368260,10
TG,100-S5JRD-V1351M-CHALK-1X,672178369977,12
TG,100-S5JRD-V1351M-CHALK-2X,672178370010,16
TG,100-S5JRD-V1351M-CHALK-3X,672178370058,4
TG,100-S5JRD-V1351M-CHALK-L,672178369878,58
TG,100-S5JRD-V1351M-CHALK-M,672178369823,53
TG,100-S5JRD-V1351M-CHALK-S,672178369618,37
TG,100-S5JRD-V1351M-CHALK-XL,672178369922,29
TG,100-S5JRD-V1351M-CHALK-XS,672178369540,11
TG,100-S5JRD-V1351M-CHALK-XXS,672178369472,7
TG,100-S5JRD-V1351M-INK-L,672178370430,51
TG,100-S5JRD-V1351M-INK-M,672178370362,40
TG,100-S5JRD-V1351M-INK-S,672178370324,12
TG,100-S5JRD-V1351M-INK-XS,672178370287,5
TG,100-S5JRD-V1351M-INK-XXS,672178370096,2
TG,100-S5JUL-D5161M-WHITE-1X,672178657548,17
TG,100-S5JUL-D5161M-WHITE-2X,672178657616,10
TG,100-S5JUL-D5161M-WHITE-3X,672178657685,11
TG,100-S5JUL-D5161M-WHITE-L,672178657500,49
TG,100-S5JUL-D5161M-WHITE-M,672178657487,34
TG,100-S5JUL-D5161M-WHITE-S,672178657463,18
TG,100-S5JUL-D5161M-WHITE-XL,672178657524,38
TG,100-S5JUL-D5161M-WHITE-XS,672178657449,24
TG,100-S5JUL-D5161M-WHITE-XXS,672178657425,12
TG,100-S5JUL-D5161P-WHITE-PL,672178693492,13
TG,100-S5JUL-D5161P-WHITE-PM,672178693485,9
TG,100-S5JUL-D5161P-WHITE-PS,672178693478,9
TG,100-S5JUL-P4366M-BRNZE-2X,672178533835,13
TG,100-S5JUL-P4366M-BRNZE-3X,672178533972,14
TG,100-S5JUL-P4366M-BRNZE-XL,672178533750,1
TG,100-S5JUL-P4366M-WHITE-1X,672178534993,20
TG,100-S5JUL-P4366M-WHITE-2X,672178535068,15
TG,100-S5JUL-P4366M-WHITE-3X,672178535273,14
TG,100-S5JUL-P4366M-WHITE-L,672178534474,39
TG,100-S5JUL-P4366M-WHITE-M,672178534429,6
TG,100-S5JUL-P4366M-WHITE-S,672178534351,2
TG,100-S5JUL-P4366M-WHITE-XL,672178534924,13
TG,100-S5JUL-P4366M-WHITE-XXS,672178534078,3
TG,100-S5JUL-P4366P-WHITE-PL,672178693577,14
TG,100-S5JUL-T6064M-BRNZE-1X,672178454642,8
TG,100-S5JUL-T6064M-BRNZE-2X,672178454697,14
TG,100-S5JUL-T6064M-BRNZE-3X,672178454741,15
TG,100-S5JUL-T6064M-BRNZE-M,672178454277,1
TG,100-S5JUL-T6064M-BRNZE-XL,672178454574,22
TG,100-S5JUL-T6064M-BRNZE-XXS,672178453997,1
TG,100-S5JUL-T6064M-WHITE-1X,672178455083,27
TG,100-S5JUL-T6064M-WHITE-2X,672178455168,16
TG,100-S5JUL-T6064M-WHITE-3X,672178455212,20
TG,100-S5JUL-T6064M-WHITE-L,672178454994,36
TG,100-S5JUL-T6064M-WHITE-M,672178454918,40
TG,100-S5JUL-T6064M-WHITE-S,672178454871,6
TG,100-S5JUL-T6064M-WHITE-XL,672178455045,40
TG,100-S5JUL-T6348M-WHITE-1X,672178456288,19
TG,100-S5JUL-T6348M-WHITE-2X,672178456363,11
TG,100-S5JUL-T6348M-WHITE-3X,672178456486,12
TG,100-S5JUL-T6348M-WHITE-L,672178456189,3
TG,100-S5JUL-T6348M-WHITE-M,672178455991,1
TG,100-S5JUL-T6348M-WHITE-XL,672178456233,36
TG,100-S5KRS-T6171M-ALPNE-XXS,672178048858,9
TG,100-S5KRS-T6171M-BLACK-L,197223877110,2
TG,100-S5KRS-T6171M-BLACK-M,197223877103,19
TG,100-S5KRS-T6171M-BLACK-S,197223877097,21
TG,100-S5KRS-T6171M-BRNCH-XS,197223877288,14
TG,100-S5KRS-T6171M-BRNCH-XXS,197223877271,10
TG,100-S5KRS-T6171M-WHITE-S,197223877691,2
TG,100-S5KRS-T6171M-WHITE-XXS,197223877677,7
TG,100-S5KRS-T6172M-ALPNE-M,672178050783,1
TG,100-S5KRS-T6172M-BKBRY-XXS,672178167726,6
TG,100-S5KRS-T6172M-BLFLW-XXS,672178051209,8
TG,100-S5KRS-T6172M-BLUET-XXS,197223877776,6
TG,100-S5KRS-T6172M-CRMSN-L,672178140767,13
TG,100-S5KRS-T6172M-CRMSN-M,672178140699,15
TG,100-S5KRS-T6172M-CRMSN-S,672178140651,19
TG,100-S5KRS-T6172M-CRMSN-XS,672178140613,9
TG,100-S5KRS-T6172M-CRMSN-XXS,672178140576,11
TG,100-S5KRS-T6172M-CRSPK-L,672178497779,1
TG,100-S5KRS-T6172M-CRSPK-XXS,672178497557,23
TG,100-S5KRS-T6172M-GRYST-XXS,197223878575,2
TG,100-S5KRS-T6172M-SEAFM-XXS,197223969907,7
TG,100-S5KRS-T6181M-WHITE-1X,672178188806,10
TG,100-S5KRS-T6181M-WHITE-2X,672178188875,2
TG,100-S5KRS-T6181M-WHITE-XL,672178188769,7
TG,100-S5LBC-W6187M-WHEAT-M,197223781066,1
TG,100-S5LEL-W6233M-DRGFY-2X,672178354652,7
TG,100-S5LEL-W6233M-DRGFY-3X,672178354690,1
TG,100-S5LEL-W6233M-DRGFY-XXS,672178354157,1
TG,100-S5LEL-W6233M-JADE-XL,672178355307,12
TG,100-S5LEL-W6233M-JADE-XS,672178354812,2
TG,100-S5LEL-W6233M-PEARL-1X,672178355970,9
TG,100-S5LEL-W6233M-PEARL-2X,672178356045,8
TG,100-S5LEL-W6233M-PEARL-3X,672178356182,7
TG,100-S5LEL-W6233M-PEARL-XL,672178355833,19
TG,100-S5LEL-W6233M-ULTMA-1X,672178357141,1
TG,100-S5LEL-W6233M-ULTMA-2X,672178357189,3
TG,100-S5LEL-W6233M-ULTMA-3X,672178357257,2
TG,100-S5LNG-K5425M-ECLPS-XXS,197223781431,2
TG,100-S5LNG-K5436M-DRGFY-3X,197223892236,1
TG,100-S5LOL-D5161M-OHUBL-1X,672178432794,6
TG,100-S5LOL-D5161M-OHUBL-3X,672178433098,9
TG,100-S5LOL-D5161M-OHUBL-XXS,672178432350,5
TG,100-S5LOL-D5353M-HARBR-L,197223981084,5
TG,100-S5LOL-D5353M-HARBR-M,197223981077,28
TG,100-S5LOL-D5353M-HARBR-S,197223981060,15
TG,100-S5LOL-D5353M-HARBR-XS,197223981053,10
TG,100-S5LOL-D5353M-JADE-1X,197223892915,9
TG,100-S5LOL-D5353M-JADE-3X,197223892939,2
TG,100-S5LOL-D5353P-HARBR-PP,197223970002,1
TG,100-S5LOL-D5353P-JADE-PM,197223970071,1
TG,100-S5LOL-D5353P-JADE-PP,197223970057,4
TG,100-S5LOL-D5353P-JADE-PS,197223970064,3
TG,100-S5LOL-D5360M-GRPHT-XXS,197223930297,1
TG,100-S5LOL-D5360M-ULTMA-XXS,197223930495,3
TG,100-S5LOL-J5593M-GRPHT-XL,197223930648,3
TG,100-S5LOL-J5593M-GRPHT-XS,197223930600,3
TG,100-S5LOL-J5593M-GRPHT-XXS,197223930594,7
TG,100-S5LOL-J5593P-GRPHT-PP,672178189483,9
TG,100-S5LOL-P3236M-OHUBL-1X,197223981503,48
TG,100-S5LOL-P3236M-OHUBL-2X,197223981510,9
TG,100-S5LOL-P3236M-OHUBL-3X,197223981527,18
TG,100-S5LOL-P3236M-OHUBL-L,197223981480,17
TG,100-S5LOL-P3236M-OHUBL-XL,197223981497,25
TG,100-S5LOL-P3236M-ULTMA-1X,197223981602,44
TG,100-S5LOL-P3236M-ULTMA-2X,197223981619,6
TG,100-S5LOL-P3236M-ULTMA-3X,197223981626,15
TG,100-S5LOL-P3236M-ULTMA-L,197223981589,1
TG,100-S5LOL-T6166M-HARBR-3X,197223974079,7
TG,100-S5LOL-T6166M-JADE-1X,197223809142,7
TG,100-S5LOL-T6166M-JADE-3X,197223809166,10
TG,100-S5LOL-T6166M-JADE-M,197223809111,13
TG,100-S5LOL-T6166M-JADE-S,197223809104,1
TG,100-S5LOL-T6166M-OHUBL-1X,197223974154,11
TG,100-S5LOL-T6166M-OHUBL-2X,197223974161,9
TG,100-S5LOL-T6166M-OHUBL-3X,197223974178,12
TG,100-S5LOL-T6166M-OHUBL-M,197223974123,55
TG,100-S5LOL-T6166M-OHUBL-S,197223974116,33
TG,100-S5LOL-T6166M-OHUBL-XL,197223974147,6
TG,100-S5LOL-T6166M-OHUBL-XS,197223974109,6
TG,100-S5LOL-T6166M-ULTMA-1X,197223974253,4
TG,100-S5LOL-T6166M-ULTMA-3X,197223974277,10
TG,100-S5LOL-V1336M-GRPHT-XL,197223930846,9
TG,100-S5LOL-V1336M-GRPHT-XS,197223930808,1
TG,100-S5LOL-V1336M-GRPHT-XXS,197223930792,11
TG,100-S5LOL-V1336P-GRPHT-PL,672178190465,10
TG,100-S5LOL-V1336P-GRPHT-PP,672178190236,10
TG,100-S5LOL-V1336P-GRPHT-PS,672178190304,1
TG,100-S5LQG-K5441M-ALPNE-XXS,197223996675,1
TG,100-S5LQG-W6176M-LAPIS-L,197223783862,1
TG,100-S5LZW-J5801M-BLACK-XXS,197223930891,9
TG,100-S5OCB-T6064M-WHITE-1X,672178459302,11
TG,100-S5OCB-T6064M-WHITE-2X,672178459326,18
TG,100-S5OCB-T6064M-WHITE-3X,672178459340,12
TG,100-S5OCB-T6064M-WHITE-L,672178459265,21
TG,100-S5OCB-T6064M-WHITE-M,672178459241,29
TG,100-S5OCB-T6064M-WHITE-S,672178459173,3
TG,100-S5OCB-T6064M-WHITE-XL,672178459289,44
TG,100-S5OCB-T6228M-BLACK-1X,197223872016,8
TG,100-S5OCB-T6228M-BLACK-2X,197223872023,11
TG,100-S5OCB-T6228M-BLACK-3X,197223872030,5
TG,100-S5OCB-T6228M-BLACK-XL,197223872009,8
TG,100-S5OCB-T6228M-WHITE-2X,197223872320,4
TG,100-S5OCB-T6228M-WHITE-L,197223872290,1
TG,100-S5OCB-T6228M-WHITE-XL,197223872306,2
TG,100-S5OCB-T6361M-BLACK-XS,672178459562,4
TG,100-S5OCB-T6361M-BLACK-XXS,672178459456,4
TG,100-S5OCB-T6361M-WHITE-S,672178460650,3
TG,100-S5OCB-T6361P-BLACK-PP,672178693706,4
TG,100-S5OCB-T6361P-BLACK-PS,672178693713,6
TG,100-S5OCB-T6361P-WHITE-PL,672178693775,15
TG,100-S5OCB-T6361P-WHITE-PM,672178693768,11
TG,100-S5OCB-T6361P-WHITE-PP,672178693744,17
TG,100-S5OCB-T6361P-WHITE-PS,672178693751,16
TG,100-S5OJH-P4700M-WHEAT-1X,672178059960,1
TG,100-S5OJH-T5500M-DRGFY-XXS,672178171044,1
TG,100-S5OJH-T6349M-BLACK-1X,197223933557,12
TG,100-S5OJH-T6349M-BLACK-2X,197223933564,10
TG,100-S5OJH-T6349M-BLACK-3X,197223933571,5
TG,100-S5OKB-J5796M-BLACK-M,197223897637,27
TG,100-S5OKB-J5796M-BLACK-S,197223897620,36
TG,100-S5OKB-J5796M-BLACK-XS,197223897613,19
TG,100-S5OKB-J5796M-CHALK-1X,197223897767,16
TG,100-S5OKB-J5796M-CHALK-2X,197223897774,26
TG,100-S5OKB-J5796M-CHALK-3X,197223897781,10
TG,100-S5OKB-J5796M-CHALK-L,197223897743,24
TG,100-S5OKB-J5796M-CHALK-M,197223897736,77
TG,100-S5OKB-J5796M-CHALK-S,197223897729,49
TG,100-S5OKB-J5796M-CHALK-XL,197223897750,32
TG,100-S5OKB-J5796M-CHALK-XS,197223897712,32
TG,100-S5OKB-J5796M-CHALK-XXS,197223897705,34
TG,100-S5OKB-P0696M-ALPNE-2X,197223786450,5
TG,100-S5OKB-P0696M-ALPNE-L,197223786429,2
TG,100-S5OKB-P0696M-BLACK-L,197223786528,1
TG,100-S5OKB-P0696M-BLACK-XS,197223786498,1
TG,100-S5OKB-P0696M-BLACK-XXS,197223786481,5
TG,100-S5OKB-P0696P-ALPNE-PL,197223970651,2
TG,100-S5OKB-P0696P-BLACK-PP,672178064858,3
TG,100-S5OKB-P4366M-BLACK-M,197223842620,1
TG,100-S5OKB-P4607M-ALPNE-2X,197223786658,2
TG,100-S5OKB-P4607M-BLACK-M,197223786719,22
TG,100-S5OKB-P4607M-BLACK-S,197223786702,5
TG,100-S5OKB-P4607M-BLACK-XL,197223786733,1
TG,100-S5OKB-P4607M-BLACK-XXS,197223786689,3
TG,100-S5OKB-P4607P-BLACK-PP,672178065084,6
TG,100-S5OKB-P4607P-BLACK-PS,672178065152,3
TG,100-S5OKB-P4848M-BLACK-1X,197223897866,1
TG,100-S5OLA-J5795M-BLACK-1X,197223946137,11
TG,100-S5OLA-J5795M-BLACK-2X,197223946144,20
TG,100-S5OLA-J5795M-BLACK-3X,197223946151,9
TG,100-S5OLA-J5795M-BLACK-L,197223946113,15
TG,100-S5OLA-J5795M-BLACK-XL,197223946120,30
TG,100-S5OLA-J5795M-WHITE-1X,197223946236,15
TG,100-S5OLA-J5795M-WHITE-2X,197223946243,27
TG,100-S5OLA-J5795M-WHITE-3X,197223946250,14
TG,100-S5OLA-J5795M-WHITE-L,197223946212,21
TG,100-S5OLA-J5795M-WHITE-XL,197223946229,32
TG,100-S5OLA-T5705M-AZURE-M,197223786917,1
TG,100-S5OLA-T6031M-BLACK-3X,672178067316,3
TG,100-S5OLA-T6031M-SNGRA-3X,197223990871,1
TG,100-S5OLA-T6031M-WHITE-1X,672178068269,2
TG,100-S5OLA-T6031M-WHITE-2X,672178068306,1
TG,100-S5OLA-T6031M-WHITE-3X,672178068375,2
TG,100-S5OLA-T6104M-BLACK-S,672178191899,1
TG,100-S5OLA-T6104M-WHITE-S,672178193138,1
TG,100-S5OLA-T6109M-WHITE-3X,197223787662,2
TG,100-S5OLA-T6166M-BLACK-1X,197223858690,7
TG,100-S5OLA-T6166M-BLACK-2X,197223858706,1
TG,100-S5OLA-T6166M-BLACK-3X,197223858713,10
TG,100-S5OLA-T6166M-BLACK-XXS,197223858638,4
TG,100-S5OLA-T6166M-BLFLW-3X,197223982524,4
TG,100-S5OLA-T6166M-BLUET-3X,197223982623,10
TG,100-S5OLA-T6166M-WHITE-1X,197223858799,10
TG,100-S5OLA-T6166M-WHITE-2X,197223858805,12
TG,100-S5OLA-T6166M-WHITE-3X,197223858812,8
TG,100-S5OLA-T6334M-BLACK-XXS,197223898108,17
TG,100-S5OLA-T6356M-BLACK-1X,197223946335,6
TG,100-S5OLA-T6356M-BLACK-2X,197223946342,9
TG,100-S5OLA-T6356M-BLACK-3X,197223946359,14
TG,100-S5OLA-T6356M-BLACK-XL,197223946328,14
TG,100-S5OLA-T6356M-SNGRA-1X,197223983804,14
TG,100-S5OLA-T6356M-SNGRA-2X,197223983811,6
TG,100-S5OLA-T6356M-SNGRA-3X,197223983828,19
TG,100-S5OLA-T6356M-SNGRA-XL,197223983798,6
TG,100-S5OLA-T6356M-WHITE-1X,197223946434,43
TG,100-S5OLA-T6356M-WHITE-2X,197223946441,29
TG,100-S5OLA-T6356M-WHITE-3X,197223946458,27
TG,100-S5OLA-T6356M-WHITE-L,197223946410,23
TG,100-S5OLA-T6356M-WHITE-XL,197223946427,44
TG,100-S5OLA-T6368M-ABSTH-XXS,197223983842,11
TG,100-S5OLA-T6368M-CHRTS-XXS,197223984146,2
TG,100-S5OLA-T6368M-JADE-XS,197223984559,7
TG,100-S5OLA-T6368M-JADE-XXS,197223984542,12
TG,100-S5OLA-T6368M-OHUBL-S,197223984665,1
TG,100-S5OLA-T6368M-OHUBL-XS,197223984658,11
TG,100-S5OLA-T6368M-WHITE-XXS,197223869283,1
TG,100-S5OLA-T6368P-BRNCH-PP,672178340365,2
TG,100-S5ONL-P0032M-BLACK-XL,197223814726,1
TG,100-S5ONL-P0032M-BLACK-XXS,197223814672,33
TG,100-S5ONL-P0032P-BLACK-PP,672178242393,19
TG,100-S5ONL-P0032P-BLACK-PS,672178242461,50
TG,100-S5PGG-D5157M-BLACK-S,197223872870,1
TG,100-S5PGG-P3236M-BLACK-L,197223842989,1
TG,100-S5PGG-P4701M-WHIND-1X,197223999638,1
TG,100-S5PGG-P4701M-WHIND-3X,197223999652,3
TG,100-S5PGG-P4799M-DENIM-L,197223935735,1
TG,100-S5PGG-P4799M-DENIM-XXS,197223935698,2
TG,100-S5PGG-P4799P-DENIM-PP,672178693829,2
TG,100-S5PGG-P4855P-WHIND-PS,672178245226,1
TG,100-S5PGG-T6353M-DENIM-3X,197223936176,2
TG,100-S5PGG-T6353M-DENIM-XS,197223936107,1
TG,100-S5PGG-T6353M-DENIM-XXS,197223936091,5
TG,100-S5PGG-T6353M-WHIND-2X,197223936268,4
TG,100-S5PGG-T6353M-WHIND-3X,197223936275,6
TG,100-S5PGG-T6353M-WHIND-XXS,197223936190,5
TG,100-S5PTB-P5854M-BLACK-2X,197223900177,1
TG,100-S5PTB-T6189M-BLACK-S,197223900429,3
TG,100-S5PTB-T6189M-BLACK-XS,197223900412,4
TG,100-S5PTB-T6189M-CHALK-XXS,197223900504,5
TG,100-S5PYQ-P4847M-BLACK-3X,197223901686,5
TG,100-S5PYQ-P4847M-BLACK-XS,197223901617,1
TG,100-S5PYQ-P4847M-CHALK-XL,197223901952,10
TG,100-S5PYQ-P4847M-CHALK-XXS,197223901907,15
TG,100-S5PYQ-P4847P-BLUET-PL,672178197006,4
TG,100-S5PYQ-P4847P-CHALK-PP,197223971320,2
TG,100-S5PYQ-P4856M-BLACK-1X,197223902461,2
TG,100-S5PYQ-P4856M-BLACK-3X,197223902485,2
TG,100-S5PYQ-P4856M-BLACK-L,197223902447,13
TG,100-S5PYQ-P4856M-BLACK-M,197223902430,9
TG,100-S5PYQ-P4856M-BLACK-S,197223902423,1
TG,100-S5PYQ-P4856M-BLACK-XXS,197223902409,8
TG,100-S5PYQ-P4856M-COCOA-1X,197223902867,2
TG,100-S5PYQ-P4856M-COCOA-2X,197223902874,7
TG,100-S5PYQ-P4856M-WHITE-3X,197223903086,2
TG,100-S5PYQ-P4856M-WHITE-XL,197223903055,1
TG,100-S5PYQ-P4856P-BLACK-PL,672178076806,2
TG,100-S5PYQ-P4856P-BLACK-PM,672178076752,4
TG,100-S5PYQ-P4856P-BLACK-PS,672178076714,2
TG,100-S5PYQ-P4856P-COCOA-PL,672178077087,13
TG,100-S5PYQ-P4856P-COCOA-PS,672178076943,5
TG,100-S5PYQ-P4856P-WHITE-PP,672178197648,1
TG,100-S5QVB-P4828M-CLOVE-3X,197223859116,2
TG,100-S5QVB-P4828P-WSHBL-PP,197223847045,2
TG,100-S5QVB-P4830M-WHITE-3X,197223789567,2
TG,100-S5QVB-P4830M-WSHBL-2X,197223789659,2
TG,100-S5QVB-P4830M-WSHBL-XXS,197223789581,1
TG,100-S5QVB-P4830P-WHITE-PM,197223819486,1
TG,100-S5QVB-P4830P-WHITE-PS,197223819479,1
TG,100-S5RBC-M1025M-BLACK-S,672178143836,2
TG,100-S5RBC-M1025M-BLACK-XS,672178143768,8
TG,100-S5RBC-M1025M-BLACK-XXS,672178143744,14
TG,100-S5RBC-M1025P-BLACK-PL,672178694215,14
TG,100-S5RBC-M1025P-BLACK-PM,672178694208,1
TG,100-S5RBC-P4660M-BKBRY-XXS,672178538144,17
TG,100-S5RBC-P4660M-BLACK-3X,672178539479,10
TG,100-S5RBC-T6209M-BLACK-2X,672178145120,20
TG,100-S5RBC-T6209M-BLACK-3X,672178145199,10
TG,100-S5RBR-T6166M-BLNAT-L,672178078114,1
TG,100-S5RII-D5373M-BLUET-M,672178198591,1
TG,100-S5RII-D5373M-WHITE-XXS,672178199024,6
TG,100-S5RII-D5373P-WHITE-PM,672178247794,2
TG,100-S5RII-D5376M-BLACK-M,197223939528,1
TG,100-S5RII-D5376M-BLACK-XXS,197223939498,1
TG,100-S5RII-D5384M-BKBRY-3X,672178361698,2
TG,100-S5RII-D5384M-WHITE-1X,672178081329,30
TG,100-S5RII-D5384M-WHITE-2X,672178081398,22
TG,100-S5RII-D5384M-WHITE-3X,672178081466,22
TG,100-S5RII-D5384M-WHITE-L,672178081237,73
TG,100-S5RII-D5384M-WHITE-M,672178081169,110
TG,100-S5RII-D5384M-WHITE-S,672178081121,52
TG,100-S5RII-D5384M-WHITE-XL,672178081282,63
TG,100-S5RII-D5384M-WHITE-XS,672178081084,40
TG,100-S5RII-D5384M-WHITE-XXS,672178081046,31
TG,100-S5RII-D5384P-WHITE-PL,672178248340,36
TG,100-S5RII-D5384P-WHITE-PM,672178248272,44
TG,100-S5RII-D5384P-WHITE-PP,672178248166,20
TG,100-S5RII-D5384P-WHITE-PS,672178248203,34
TG,100-S5RII-D5385M-BRNCH-2X,672178276817,3
TG,100-S5RII-D5385M-BRNCH-3X,672178276886,8
TG,100-S5RII-J5593M-BLACK-2X,197223999751,6
TG,100-S5RII-J5593M-BLACK-3X,197223999768,10
TG,100-S5RII-J5593M-BRNCH-2X,672178081923,10
TG,100-S5RII-J5593M-BRNCH-3X,672178081992,6
TG,100-S5RII-J5593M-FOG-1X,672178175516,27
TG,100-S5RII-J5593M-FOG-2X,672178175554,18
TG,100-S5RII-J5593M-FOG-3X,672178175592,27
TG,100-S5RII-J5593M-UNNAT-1X,672178082869,35
TG,100-S5RII-J5593M-UNNAT-2X,672178082937,33
TG,100-S5RII-J5593M-UNNAT-3X,672178082982,19
TG,100-S5RII-J5593M-UNNAT-L,672178082722,4
TG,100-S5RII-J5593M-UNNAT-XL,672178082791,22
TG,100-S5RII-J5593M-WHITE-2X,197223999973,1
TG,100-S5RII-J5593M-WHITE-3X,197223999980,7
TG,100-S5RII-J5593P-UNNAT-PL,672178201017,3
TG,100-S5RII-J5800M-BLACK-1X,197223905066,18
TG,100-S5RII-J5800M-BLACK-2X,197223905073,12
TG,100-S5RII-J5800M-BLACK-3X,197223905080,10
TG,100-S5RII-J5800M-BLACK-M,197223905035,37
TG,100-S5RII-J5800M-BLACK-S,197223905028,9
TG,100-S5RII-J5800M-BLACK-XL,197223905059,16
TG,100-S5RII-J5800M-BLACK-XS,197223905011,15
TG,100-S5RII-J5800M-BLACK-XXS,197223905004,21
TG,100-S5RII-J5800M-COCOA-1X,197223986102,29
TG,100-S5RII-J5800M-COCOA-2X,197223986119,24
TG,100-S5RII-J5800M-COCOA-3X,197223986126,31
TG,100-S5RII-J5800M-COCOA-S,197223986065,33
TG,100-S5RII-J5800M-COCOA-XL,197223986096,48
TG,100-S5RII-J5800M-COCOA-XS,197223986058,25
TG,100-S5RII-J5800P-BLACK-PL,197223991175,10
TG,100-S5RII-J5800P-BLACK-PM,197223991168,20
TG,100-S5RII-J5800P-BLACK-PP,197223991144,24
TG,100-S5RII-J5800P-COCOA-PL,197223991229,29
TG,100-S5RII-J5800P-COCOA-PM,197223991212,38
TG,100-S5RII-J5800P-COCOA-PP,197223991199,14
TG,100-S5RII-J5800P-COCOA-PS,197223991205,25
TG,100-S5RII-P3236M-BLUET-XXS,672178134490,1
TG,100-S5RII-P3236M-CHRTS-3X,672178135794,1
TG,100-S5RII-P3236M-FOG-1X,672178176100,5
TG,100-S5RII-P4510M-UNNAT-S,672178084399,1
TG,100-S5RII-P4510M-UNNAT-XXS,672178084252,1
TG,100-S5RII-P4700M-COCOA-2X,197223986614,5
TG,100-S5RII-P4700M-COCOA-XL,197223986591,3
TG,100-S5RII-P4700M-WHITE-L,197223864172,14
TG,100-S5RII-P4700M-WHITE-XL,197223864189,6
TG,100-S5RII-P4700M-WHITE-XXS,197223864134,8
TG,100-S5RII-P4700P-WHITE-PP,672178415001,1
TG,100-S5RII-P4701M-BRNCH-3X,672178087512,3
TG,100-S5RII-P4701M-COCOA-2X,197223991564,9
TG,100-S5RII-P4701M-COCOA-3X,197223991571,12
TG,100-S5RII-P4701P-BRNCH-PS,672178206616,1
TG,100-S5RII-P4794M-COCOA-1X,197223987000,4
TG,100-S5RII-P4794M-COCOA-2X,197223987017,1
TG,100-S5RII-P4794M-COCOA-L,197223986980,4
TG,100-S5RII-P4794M-COCOA-XL,197223986997,7
TG,100-S5RII-P4794M-FOG-3X,672178176728,1
TG,100-S5RII-P4794M-SNGRA-3X,672178336429,1
TG,100-S5RII-P4796M-BLACK-2X,672178088076,22
TG,100-S5RII-P4796M-BLACK-3X,672178088144,2
TG,100-S5RII-P4796M-BRNCH-1X,672178088533,2
TG,100-S5RII-P4796M-BRNCH-2X,672178088601,5
TG,100-S5RII-P4796M-BRNCH-3X,672178088656,5
TG,100-S5RII-P4796M-BRNCH-L,672178088496,4
TG,100-S5RII-P4796M-BRNCH-XL,672178088519,6
TG,100-S5RII-P4796M-COCOA-2X,672178089196,2
TG,100-S5RII-P4796M-UNNAT-2X,672178089738,9
TG,100-S5RII-P4796M-UNNAT-3X,672178089806,5
TG,100-S5RII-P4796M-UNNAT-XL,672178089622,1
TG,100-S5RII-P4796M-WHITE-1X,672178090253,20
TG,100-S5RII-P4796M-WHITE-2X,672178090291,4
TG,100-S5RII-P4796M-WHITE-L,672178090154,1
TG,100-S5RII-P4796M-WHITE-XL,672178090208,25
TG,100-S5RII-P4833M-CHERY-XL,197223790938,1
TG,100-S5RII-P4833M-CHERY-XXS,197223790884,2
TG,100-S5RII-P4833M-ECLPS-XS,197223847403,1
TG,100-S5RII-P4833M-ECLPS-XXS,197223847397,1
TG,100-S5RII-P4833M-WHITE-2X,197223791355,1
TG,100-S5RII-P4833P-ECLPS-PL,197223859666,5
TG,100-S5RII-S4405M-WHITE-1X,197223940456,10
TG,100-S5RII-V1334M-BLACK-XS,197223905318,6
TG,100-S5RII-V1334M-COCOA-2X,197223987710,2
TG,100-S5RII-V1334M-COCOA-L,197223987680,24
TG,100-S5RII-V1334M-COCOA-S,197223987666,16
TG,100-S5RII-V1334M-COCOA-XS,197223987659,6
TG,100-S5RII-V1334M-COCOA-XXS,197223987642,11
TG,100-S5RII-V1334P-BLACK-PL,197223991977,24
TG,100-S5RII-V1334P-BLACK-PM,197223991960,33
TG,100-S5RII-V1334P-BLACK-PP,197223991946,26
TG,100-S5RII-V1334P-BLACK-PS,197223991953,33
TG,100-S5RII-V1334P-COCOA-PL,197223992028,50
TG,100-S5RII-V1334P-COCOA-PM,197223992011,36
TG,100-S5RII-V1334P-COCOA-PP,197223991991,29
TG,100-S5RII-V1334P-COCOA-PS,197223992004,40
TG,100-S5RII-V1336M-BLACK-2X,672178092301,3
TG,100-S5RII-V1336M-BLACK-3X,672178092370,8
TG,100-S5RII-V1336M-UNNAT-1X,672178093490,28
TG,100-S5RII-V1336M-UNNAT-2X,672178093568,19
TG,100-S5RII-V1336M-UNNAT-3X,672178093636,11
TG,100-S5RII-V1336M-UNNAT-L,672178093353,43
TG,100-S5RII-V1336M-UNNAT-XL,672178093421,22
TG,100-S5RII-V1351M-BLACK-1X,672178373172,4
TG,100-S5RII-V1351M-BLACK-3X,672178373288,1
TG,100-S5RII-V1351M-BLACK-L,672178373059,40
TG,100-S5RII-V1351M-BLACK-M,672178372960,46
TG,100-S5RII-V1351M-BLACK-S,672178372854,30
TG,100-S5RII-V1351M-BLACK-XL,672178373127,5
TG,100-S5RII-V1351M-BLACK-XS,672178372809,11
TG,100-S5RII-V1351M-BLACK-XXS,672178372731,3
TG,100-S5RII-V1351M-WHITE-1X,672178375084,6
TG,100-S5RII-V1351M-WHITE-2X,672178375152,4
TG,100-S5RII-V1351M-WHITE-L,672178374797,20
TG,100-S5RII-V1351M-WHITE-M,672178374698,42
TG,100-S5RII-V1351M-WHITE-S,672178374575,32
TG,100-S5RII-V1351M-WHITE-XL,672178374940,6
TG,100-S5RII-V1351M-WHITE-XS,672178374506,2
TG,100-S5RII-V1351M-WHITE-XXS,672178374438,1
TG,100-S5SJB-K5246M-CHALK-M,672178027655,1
TG,100-S5SJP-T6070M-BLBRD-XXS,197223908425,3
TG,100-S5SJP-T6070M-BLUET-XXS,672178096347,1
TG,100-S5SJP-T6070M-CHRTS-1X,197223908814,1
TG,100-S5SJP-T6070M-INK-XXS,672178096798,1
TG,100-S5SJP-T6070M-OHUBL-XS,672178097290,1
TG,100-S5SJP-T6070M-OHUBL-XXS,672178097245,5
TG,100-S5SJP-T6070M-PLSKY-XXS,197223909521,1
TG,100-S5SJP-T6336M-CHRTS-XXS,197223946571,11
TG,100-S5SJP-T6336M-CRSPK-XS,672178541861,17
TG,100-S5SJP-T6336M-CRSPK-XXS,672178541847,16
TG,100-S5SJP-T6336M-GRAPE-XS,672178542622,30
TG,100-S5SJP-T6336M-GRAPE-XXS,672178542585,20
TG,100-S5SJP-T6336M-POOL-XXS,672178100143,6
TG,100-S5SJP-T6336M-WHITE-XXS,197223946878,2
TG,100-S5TFF-D5347M-BLACK-XXS,197223793779,1
TG,100-S5TFF-P4366M-BLACK-3X,197223802686,1
TG,100-S5TFF-P4366M-BLACK-XXS,197223802600,1
TG,100-S5TFF-P4633M-BLACK-S,672178568950,1
TG,100-S5TFF-P4633M-BLACK-XXS,672178568875,7
TG,100-S5TFF-U4408M-ECLPS-XXS,197223795292,10
TG,100-S5TJH-P4846M-BLACK-XXS,197223796398,2
TG,100-S5TJH-P4847M-BLACK-XS,197223796503,1
TG,100-S5TK1-P0696M-ALPNE-L,197223810025,12
TG,100-S5TK1-P0696M-ALPNE-M,197223810018,30
TG,100-S5TK1-P0696M-ALPNE-S,197223810001,20
TG,100-S5TK1-P0696M-ALPNE-XXS,197223809982,6
TG,100-S5TK1-P0696M-BKBRY-3X,197223870166,2
TG,100-S5TK1-P0696M-BKBRY-S,197223870104,1
TG,100-S5TK1-P0696M-BLUET-3X,197223813439,2
TG,100-S5TK1-P0696M-BLUET-XXS,197223813354,8
TG,100-S5TK1-P0696M-BRNCH-XXS,197223817079,9
TG,100-S5TK1-P0696M-INK-XXS,197223997672,34
TG,100-S5TK1-P0696M-WHEAT-L,197223797739,75
TG,100-S5TK1-P0696M-WHEAT-M,197223797722,100
TG,100-S5TK1-P0696M-WHEAT-S,197223797715,36
TG,100-S5TK1-P0696M-WHEAT-XL,197223797746,45
TG,100-S5TK1-P0696M-WHEAT-XS,197223797708,20
TG,100-S5TK1-P0696P-BKBRY-PS,672178692303,1
TG,100-S5TK-D5344M-BLACK-L,197223796633,1
TG,100-S5TK-D5344M-ECLPS-2X,197223796763,2
TG,100-S5TK-P4655M-BLUET-1X,672178695779,15
TG,100-S5TK-P4655M-BLUET-L,672178695755,5
TG,100-S5TK-P4655M-BLUET-XS,672178695724,20
TG,100-S5TK-P4655M-ECLPS-XXS,197223796794,3
TG,100-S5TK-P4655M-WHEAT-1X,672178695076,1
TG,100-S5TK-P4655M-WHEAT-S,672178695038,24
TG,100-S5TK-P4655M-WHEAT-XS,672178695021,8
TG,100-S5TK-P4655M-WHEAT-XXS,672178695014,7
TG,100-S5TK-P4655P-BLUET-PP,672178695809,13
TG,100-S5TK-P4655P-WHEAT-PP,672178695106,19
TG,100-S5TK-P4655P-WHEAT-PS,672178695113,2
TG,100-S5TK-P4814M-EBONY-1X,197223796954,1
TG,100-S5TK-P4839M-BLACK-3X,197223797074,1
TG,100-S5TK-P4839M-COCOA-2X,197223962045,4
TG,100-S5TK-P4839M-WHEAT-XXS,197223797197,17
TG,100-S5TK-P4839M-WHITE-XXS,197223797296,2
TG,100-S5TK-P4839P-WHEAT-PP,197223880028,3
TG,100-S5TK-P4858M-BKBRY-1X,672178146646,14
TG,100-S5TK-P4858M-BKBRY-2X,672178146660,4
TG,100-S5TK-P4858M-BKBRY-3X,672178146684,6
TG,100-S5TK-P4858M-BKBRY-L,672178146523,6
TG,100-S5TK-P4858M-BKBRY-S,672178146370,8
TG,100-S5TK-P4858M-BKBRY-XL,672178146622,21
TG,100-S5TK-P4858M-BKBRY-XS,672178146325,2
TG,100-S5TK-P4858M-BKBRY-XXS,672178146257,23
TG,100-S5TK-P4858M-BLACK-S,197223947691,2
TG,100-S5TK-P4858M-BLACK-XS,197223947684,8
TG,100-S5TK-P4858M-BLACK-XXS,197223947677,32
TG,100-S5TK-P4858M-BLUET-3X,197223947851,2
TG,100-S5TK-P4858M-BLUET-S,197223947790,3
TG,100-S5TK-P4858M-BLUET-XS,197223947783,1
TG,100-S5TK-P4858M-BRNCH-1X,197223947936,9
TG,100-S5TK-P4858M-BRNCH-2X,197223947943,6
TG,100-S5TK-P4858M-BRNCH-3X,197223947950,1
TG,100-S5TK-P4858M-WHITE-2X,197223977230,4
TG,100-S5TK-P4858M-WHITE-3X,197223977247,7
TG,100-S5TK-P4858M-WHITE-XXS,197223977162,13
TG,100-S5TK-P4858P-BLUET-PS,672178252262,3
TG,100-S5TZH-D4983M-DRGFY-3X,197223966135,3
TG,100-S5TZH-D4983M-INK-M,672178393958,1
TG,100-S5TZH-D4983M-INK-XL,672178394054,1
TG,100-S5TZH-D4983M-SEAFM-1X,197223966319,2
TG,100-S5TZH-S4390M-BLACK-XXS,672178218121,1
TG,100-S5TZP-D5317M-BLFLW-L,197223860921,5
TG,100-S5TZP-D5317M-BLUET-XXS,197223860983,8
TG,100-S5TZP-D5317M-BRNCH-1X,197223987802,5
TG,100-S5TZP-D5317M-BRNCH-3X,197223987826,7
TG,100-S5TZP-D5317M-BRNCH-L,197223987789,7
TG,100-S5TZP-D5317M-BRNCH-M,197223987772,10
TG,100-S5TZP-D5317M-BRNCH-S,197223987765,1
TG,100-S5TZP-D5317M-BRNCH-XL,197223987796,17
TG,100-S5TZP-D5317M-BRNCH-XS,197223987758,6
TG,100-S5TZP-D5317P-BRNCH-PP,672178221565,2
TG,100-S5TZP-P4860M-COCOA-L,197223906100,91
TG,100-S5TZP-P4860M-COCOA-M,197223906094,60
TG,100-S5TZP-P4860M-COCOA-XL,197223906117,70
TG,100-S5TZP-P4860M-COCOA-XS,197223906070,1
TG,100-S5TZP-P4860M-COCOA-XXS,197223906063,2
TG,100-S5TZP-S4406M-BLACK-L,197223948315,17
TG,100-S5TZP-S4406M-BLACK-S,197223948292,15
TG,100-S5TZP-S4406M-BLACK-XL,197223948322,1
TG,100-S5TZP-S4406M-BLACK-XS,197223948285,6
TG,100-S5TZP-S4406M-BRNCH-1X,672178113228,7
TG,100-S5TZP-S4406M-BRNCH-2X,672178113297,2
TG,100-S5TZP-S4406M-BRNCH-3X,672178113365,2
TG,100-S5TZP-S4406M-COCOA-3X,197223962854,1
TG,100-S5TZP-S4406M-GLDPR-1X,672178114430,22
TG,100-S5TZP-S4406M-GLDPR-2X,672178114508,2
TG,100-S5TZP-S4406M-SNGRA-L,197223948513,1
TG,100-S5TZP-S4406M-ULTMA-1X,197223948636,1
TG,100-S5TZP-S4406M-ULTMA-XXS,197223948575,3
TG,100-S5TZP-T6318M-ALPNE-XXS,197223966456,13
TG,100-S5TZP-T6344M-COCOA-XL,197223906414,1
TG,100-S5TZP-T6366M-SEAFM-XXS,197223977728,12
TG,100-S5ULO-P4850P-ECLPS-PP,197223861782,1
TG,100-S5ULO-S4290M-BLACK-1X,197223798057,1
TG,100-S5WZK-J5757M-GRYST-3X,197223873884,1
TG,100-S5WZK-J5757M-GRYST-S,197223873822,1
TG,100-S5WZK-J5788M-WHEAT-M,197223799009,1
TG,100-S5WZK-P4366M-ECLPS-XXS,197223799078,10
TG,100-S5WZK-P4832P-WHEAT-PL,197223825845,1
TG,100-S5WZK-P4832P-WHEAT-PM,197223825838,1
TG,100-S5WZK-P4832P-WHEAT-PS,197223825821,1
TG,100-S5XER-P4861M-WHITE-S,672178284317,1
TG,100-S5XER-P4861M-WHITE-XL,672178284515,2
TG,100-S5XJU-T6189M-BLACK-3X,197223880202,2
TG,100-S5XJU-T6189M-BLACK-M,197223880158,1
TG,100-S5XJU-T6189M-BLACK-XS,197223880134,5
TG,100-S5XJU-T6189M-BLACK-XXS,197223880127,7
TG,100-S5XJU-T6189M-INK-3X,197223880400,2
TG,100-S5XJU-T6189M-INK-S,197223880349,41
TG,100-S5XJU-T6189M-INK-XS,197223880332,23
TG,100-S5XJU-T6189M-INK-XXS,197223880325,5
TG,100-S5XJU-T6189M-WHITE-3X,197223880509,3
TG,100-S5XJU-T6189M-WHITE-XXS,197223880424,8
TG,100-S5XJU-U4395M-BLBRD-M,672178118414,18
TG,100-S5XJU-U4395M-BLBRD-S,672178118377,5
TG,100-S5XJU-U4395M-BLBRD-XS,672178118322,14
TG,100-S5XJU-U4395M-BLBRD-XXS,672178118278,15
TG,100-S5XJU-U4395M-BLFLW-XS,672178118803,7
TG,100-S5XJU-U4395M-BLFLW-XXS,672178118759,5
TG,100-S5XJU-U4395M-CRMSN-XS,197223881230,12
TG,100-S5XJU-U4395M-CRMSN-XXS,197223881223,5
TG,100-S5XJU-U4395M-INK-XS,197223881537,5
TG,100-S5XJU-U4395M-PLSKY-M,672178119985,9
TG,100-S5XJU-U4395M-PLSKY-S,672178119930,3
TG,100-S5XJU-U4395M-PLSKY-XL,672178120073,1
TG,100-S5XJU-U4395M-PLSKY-XXS,672178119794,2
TG,100-S5XJU-U4395M-TWIG-XXS,197223882022,1
TG,100-S5XJU-U4395M-ULTMA-M,672178120431,27
TG,100-S5XJU-U4395M-ULTMA-S,672178120417,22
TG,100-S5XJU-U4395M-ULTMA-XL,672178120479,12
TG,100-S5XJU-U4395M-ULTMA-XS,672178120370,24
TG,100-S5XJU-U4395M-ULTMA-XXS,672178120325,14
TG,100-S5XJU-U4395M-WHITE-2X,197223882190,1
TG,100-S5YCA-T6356M-CHALK-1X,672178255805,38
TG,100-S5YCA-T6356M-CHALK-2X,672178255850,22
TG,100-S5YCA-T6356M-CHALK-3X,672178255898,19
TG,100-S5YCA-T6356M-CHALK-L,672178255713,20
TG,100-S5YCA-T6356M-CHALK-XL,672178255782,37
TG,100-S5YCC-D5375M-BLKWH-XS,197223951285,1
TG,100-S5YCC-D5375M-WHTBL-1X,197223951438,5
TG,100-S5YCC-D5375M-WHTBL-2X,197223951445,6
TG,100-S5YCC-D5375M-WHTBL-3X,197223951452,7
TG,100-S5YCC-D5375M-WHTBL-S,197223951391,4
TG,100-S5YCC-T6031M-BLKWH-3X,672178122640,1
TG,100-S5YCC-T6031M-BLKWH-M,672178122367,1
TG,100-S5YCC-T6031M-BLKWH-XL,672178122473,1
TG,100-S5YCC-T6064M-BLKWH-1X,197223850847,1
TG,100-S5YCC-T6064M-OCEAN-2X,672178123739,12
TG,100-S5YCC-T6064M-OCEAN-3X,672178123791,9
TG,100-S5YCC-T6064M-OCEAN-XL,672178123579,4
TG,100-S5YCD-D5161M-BLKWH-2X,672178125498,6
TG,100-S5YCD-D5161M-BLKWH-XL,672178125450,2
TG,100-S5YCD-P4855M-BLKWH-3X,197223951858,5
TG,100-S5YCD-P4855M-BLKWH-S,197223951797,1
TG,100-S5YCD-P4855M-BLKWH-XL,197223951827,6
TG,100-S5YCP-D5161M-SNGRA-M,672178343694,1
TG,100-S5YCW-T6064M-ULTMA-2X,672178179187,5
TG,100-S5YCW-T6064M-ULTMA-3X,672178179330,6
TG,100-S5YCW-T6356M-INK-1X,672178421132,19
TG,100-S5YCW-T6356M-INK-2X,672178421187,10
TG,100-S5YCW-T6356M-INK-3X,672178421231,13
TG,100-S6KRS-T6539M-ARYBL-XS,198895202347,1
TF,100-AAAU-C1850M-BARK-L,190428977555,1
TF,100-AACB-W5761M-NATRL-XS,193481258234,1
TF,100-AACD-W5762M-NATRL-S/M,193481260657,1
TF,100-AACU-W5806M-BLACK-XL,193481280495,1
TF,100-F2TK-P4655M-BLACK-XXS,196124454482,1
TF,100-F3TLM-P0696M-CHAR-XXS,197223227489,2
TF,100-F4AJH-P4797M-SEAWD-1X,197223474715,1
TF,100-F4AJH-P4797M-SEAWD-S,197223474678,1
TF,100-F4AJH-T6086M-DPADR-2X,197223645900,1
TF,100-F4AJH-T6086M-DPADR-XL,197223645887,1
TF,100-F4AJH-T6086M-DPADR-XS,197223645849,2
TF,100-F4AJH-T6109M-AZALA-M,197223650515,1
TF,100-F4AJH-T6210M-SEAWD-XXS,197223475057,1
TF,100-F4AJH-T6210M-WHITE-S,197223475170,1
TF,100-F4AJH-T6217M-WHITE-1X,197223533085,25
TF,100-F4AJH-T6217M-WHITE-3X,197223533108,9
TF,100-F4AJH-T6217M-WHITE-XXS,197223533023,23
TF,100-F4AKR-C2139M-AZALA-1X,197223571360,1
TF,100-F4AKR-C2139M-REED-1X,197223632993,1
TF,100-F4AKR-C2149M-BLACK-2X,197223571575,1
TF,100-F4AKR-C2149M-DPADR-S,197223571629,1
TF,100-F4BBO-W6203M-BISCU-XXS,197223762713,2
TF,100-F4BDE-P4679M-BLACK-L,197223572701,1
TF,100-F4BDE-P4679M-BLACK-XL,197223572718,5
TF,100-F4BDE-P4679P-BLACK-PL,197223664857,1
TF,100-F4BFL-T6175M-BLACK-L,197223572947,2
TF,100-F4BFL-T6175M-BLACK-M,197223572930,2
TF,100-F4BFL-T6175M-BLACK-XS,197223572916,1
TF,100-F4BFL-T6175M-DPADR-3X,197223573180,2
TF,100-F4BFL-T6175M-WREN-1X,197223573364,2
TF,100-F4BFL-T6175M-WREN-2X,197223573371,1
TF,100-F4BFL-T6175M-WREN-M,197223573333,1
TF,100-F4BFL-T6175M-WREN-XS,197223573319,1
TF,100-F4BFL-T6176M-BLACK-S,197223573425,1
TF,100-F4BOB-P4698M-BLACK-1X,197223648000,1
TF,100-F4BOB-P4812M-BLACK-L,197223577041,2
TF,100-F4BOB-P4812M-BLACK-M,197223577034,1
TF,100-F4BOB-P4812M-BLACK-XS,197223577010,1
TF,100-F4BOB-P4812M-CHALK-3X,197223577188,2
TF,100-F4BOB-P4812M-CHALK-XS,197223577119,2
TF,100-F4BOB-P4812M-DOVE-1X,197223577263,1
TF,100-F4BOB-P4812M-DOVE-S,197223577225,2
TF,100-F4BOB-P4812P-CHALK-PL,197223665601,1
TF,100-F4BOB-P4812P-CHALK-PP,197223665571,2
TF,100-F4BOB-S4290M-BLACK-L,197223577348,1
TF,100-F4BWC-C2201M-BLACK-1X,197223648307,2
TF,100-F4BWC-C2201M-BLACK-3X,197223648321,2
TF,100-F4BWC-C2201M-BLACK-XS,197223648253,1
TF,100-F4BWC-C2201M-SCALT-1X,197223648604,2
TF,100-F4BWC-C2201M-SCALT-2X,197223648611,2
TF,100-F4BWC-C2201M-SCALT-XL,197223648598,2
TF,100-F4BWC-J5751M-DOVE-L,197223577980,1
TF,100-F4BWC-J5751M-DOVE-M,197223577973,1
TF,100-F4BWC-J5765M-CHAR-L,197223699804,1
TF,100-F4BWC-J5765M-CHAR-M,197223699798,1
TF,100-F4BWC-J5765M-CHAR-XXS,197223699767,1
TF,100-F4BWC-J5765M-GDLEF-1X,197223578505,1
TF,100-F4BWC-J5765M-SCALT-3X,197223578628,2
TF,100-F4BWC-J5765M-SCALT-L,197223578581,2
TF,100-F4BWC-J5765M-SCALT-XL,197223578598,1
TF,100-F4BWC-V1254M-DOVE-M,197223534754,1
TF,100-F4BWC-V1319M-CHAR-M,197223578871,3
TF,100-F4BWC-V1319M-DOVE-1X,197223579007,1
TF,100-F4BWC-V1319M-DOVE-3X,197223579021,1
TF,100-F4BWC-V1319M-DOVE-M,197223578970,3
TF,100-F4BWN-T6078M-ALPNE-XS,197223706465,1
TF,100-F4CIK-C2143M-CHAR-XS,197223579199,1
TF,100-F4CQV-K5419M-DOVE-1X,197223580799,1
TF,100-F4CQV-W6094M-DOVE-XL,197223640370,25
TF,100-F4CYP-N1486M-BISCU-L/XL,197223722557,14
TF,100-F4CYP-N1486M-BISCU-S/M,197223722540,73
TF,100-F4CYS-T6196M-DPADR-1X,197223634492,25
TF,100-F4CYS-T6196M-DPADR-L,197223634478,33
TF,100-F4CYS-T6196M-DPADR-M,197223634461,24
TF,100-F4CYS-T6196M-DPADR-S,197223634454,39
TF,100-F4CYS-T6196M-DPADR-XL,197223634485,24
TF,100-F4CYS-T6196M-DPADR-XS,197223634447,24
TF,100-F4CYS-T6196M-DPADR-XXS,197223634430,24
TF,100-F4DSE-D5325P-BLACK-PS,197223676188,3
TF,100-F4DSE-P4787M-BLACK-L,197223583554,2
TF,100-F4DSE-P4787M-BLACK-XL,197223583561,1
TF,100-F4DSE-P4787M-WREN-L,197223676263,1
TF,100-F4DSE-T6261M-BLACK-L,197223584254,1
TF,100-F4FTE-T5685M-CSCDE-S,197223530145,1
TF,100-F4FTE-T6235M-AZALA-2X,197223585824,1
TF,100-F4FTE-T6260M-BLACK-2X,197223586623,2
TF,100-F4FTE-T6260M-BLACK-L,197223586593,3
TF,100-F4FTE-T6262M-DPADR-2X,197223587026,1
TF,100-F4FTJ-M1024P-BLACK-PL,197223490098,1
TF,100-F4FTJ-P4580M-BLACK-XS,197223498599,1
TF,100-F4FTJ-S4394M-BLACK-3X,197223477372,2
TF,100-F4FTJ-S4394M-BLACK-L,197223477334,2
TF,100-F4FTJ-S4394M-BLACK-M,197223477327,1
TF,100-F4FTJ-S4394M-BLACK-S,197223477310,1
TF,100-F4FVF-W5858M-SEAFM-L,197223737674,1
TF,100-F4FYW-P4561M-REDWD-2X,197223536598,2
TF,100-F4FYW-P4561M-REDWD-L,197223536567,1
TF,100-F4FYW-P4561M-REDWD-M,197223536550,1
TF,100-F4FYW-P4561M-REDWD-XL,197223536574,1
TF,100-F4FYW-P4597M-WREN-3X,197223588993,1
TF,100-F4FYW-P4597M-WREN-M,197223588948,2
TF,100-F4FYW-P4597M-WREN-XS,197223588924,1
TF,100-F4FYW-P4825M-BISCU-L,197223724278,1
TF,100-F4FYW-T6241M-BISCU-3X,197223761358,4
TF,100-F4FYW-T6241M-INK-3X,197223761556,1
TF,100-F4FYW-T6241M-RDPOY-3X,197223717362,3
TF,100-F4FYW-T6241M-RDPOY-XL,197223717331,2
TF,100-F4FYW-T6241M-RDPOY-XS,197223717294,1
TF,100-F4FYW-T6244M-BLACK-L,197223590156,1
TF,100-F4FYW-T6244M-WREN-M,197223590545,1
TF,100-F4GBA-P4803M-CSCDE-XXS,197223477990,1
TF,100-F4GC1-D5130M-IVY-XS,197223669043,1
TF,100-F4GC1-D5315M-HLTRP-XS,197223591924,73
TF,100-F4GC1-D5315M-HLTRP-XXS,197223591917,47
TF,100-F4GC1-D5315P-AZALA-PL,197223640493,70
TF,100-F4GC1-D5315P-AZALA-PM,197223640486,96
TF,100-F4GC1-D5315P-AZALA-PP,197223640462,53
TF,100-F4GC1-D5315P-AZALA-PS,197223640479,101
TF,100-F4GC1-D5315P-HLTRP-PL,197223640592,64
TF,100-F4GC1-D5315P-HLTRP-PM,197223640585,84
TF,100-F4GC1-D5315P-HLTRP-PP,197223640561,41
TF,100-F4GC1-D5315P-HLTRP-PS,197223640578,91
TF,100-F4GC1-P4698M-BLACK-3X,197223538608,1
TF,100-F4GC1-P4698M-DPADR-3X,197223645016,1
TF,100-F4GC1-P4716M-FIR-3X,197223715528,7
TF,100-F4GC1-P4716M-FIR-L,197223715481,31
TF,100-F4GC1-P4716M-FIR-M,197223715474,28
TF,100-F4GC1-P4716M-FIR-S,197223715467,20
TF,100-F4GC1-P4716M-FIR-XL,197223715498,21
TF,100-F4GC1-P4716M-FIR-XS,197223715450,16
TF,100-F4GC1-P4716P-FIR-PL,197223669364,8
TF,100-F4GC1-P4716P-FIR-PM,197223669357,7
TF,100-F4GC1-P4716P-FIR-PP,197223669333,3
TF,100-F4GC1-P4716P-FIR-PS,197223669340,3
TF,100-F4GC1-T5775M-VILET-1X,197223539285,1
TF,100-F4GC1-T5775M-VILET-2X,197223539292,1
TF,100-F4GC1-T5775M-VILET-3X,197223539308,1
TF,100-F4GC1-T5775M-VILET-L,197223539261,1
TF,100-F4GC1-T5775M-VILET-M,197223539254,2
TF,100-F4GC1-T5775M-VILET-S,197223539247,1
TF,100-F4GC1-T5775M-VILET-XL,197223539278,1
TF,100-F4GC1-T5775M-VILET-XS,197223539230,1
TF,100-F4GC1-T5927M-HLTRP-3X,197223562962,7
TF,100-F4GC1-T6031M-AZALA-1X,197223593072,9
TF,100-F4GC1-T6031M-AZALA-2X,197223593089,14
TF,100-F4GC1-T6031M-AZALA-3X,197223593096,22
TF,100-F4GC1-T6031M-AZALA-XL,197223593065,14
TF,100-F4GC1-T6031M-BLACK-1X,197223593171,10
TF,100-F4GC1-T6031M-BLACK-2X,197223593188,4
TF,100-F4GC1-T6031M-BLACK-3X,197223593195,1
TF,100-F4GC1-T6031M-BLACK-XL,197223593164,4
TF,100-F4GC1-T6086M-FROST-1X,197223684947,4
TF,100-F4GC1-T6086M-FROST-L,197223684923,3
TF,100-F4GC1-T6086M-FROST-M,197223684916,42
TF,100-F4GC1-T6086M-FROST-S,197223684909,27
TF,100-F4GC1-T6086M-FROST-XL,197223684930,2
TF,100-F4GC1-T6086M-FROST-XS,197223684893,20
TF,100-F4GC1-T6086M-FROST-XXS,197223684886,10
TF,100-F4GC1-T6086M-IVORY-S,197223593737,1
TF,100-F4GC1-T6108M-BRBLM-XS,197223539582,6
TF,100-F4GC1-T6108M-BRBLM-XXS,197223539575,7
TF,100-F4GC1-T6108M-DLFNA-M,197223669760,1
TF,100-F4GC1-T6108M-DLFNA-XS,197223669746,22
TF,100-F4GC1-T6108M-DLFNA-XXS,197223669739,5
TF,100-F4GC1-T6108M-FROST-S,197223593935,1
TF,100-F4GC1-T6108P-DLFNA-PL,197223669913,13
TF,100-F4GC1-T6108P-DLFNA-PM,197223669906,23
TF,100-F4GC1-T6108P-DLFNA-PP,197223669883,7
TF,100-F4GC1-T6108P-DLFNA-PS,197223669890,30
TF,100-F4GC1-T6108P-REDWD-PL,197223669968,1
TF,100-F4GC1-T6108P-REDWD-PP,197223669937,1
TF,100-F4GC1-T6108P-REDWD-PS,197223669944,2
TF,100-F4GC1-T6217M-BLACK-XS,197223726043,18
TF,100-F4GC1-T6217M-BLACK-XXS,197223726036,19
TF,100-F4GC1-T6217M-INFTY-M,197223726463,1
TF,100-F4GC1-T6217P-BLACK-PM,197223763888,1
TF,100-F4GC1-T6217P-BLACK-PP,197223763864,13
TF,100-F4GC1-T6217P-BLACK-PS,197223763871,10
TF,100-F4GC1-T6217P-INFTY-PL,197223763994,25
TF,100-F4GC1-T6217P-INFTY-PS,197223763970,19
TF,100-F4GC1-T6236M-BLACK-1X,197223594277,8
TF,100-F4GC1-T6236M-BLACK-XXS,197223594215,2
TF,100-F4GC1-U4274M-BLACK-XS,197223518303,13
TF,100-F4GC1-U4274M-BLACK-XXS,197223518297,8
TF,100-F4GC1-U4274M-DPADR-2X,197223518266,2
TF,100-F4GC1-U4274M-DPADR-L,197223518235,2
TF,100-F4GC1-U4274M-DPADR-M,197223518228,1
TF,100-F4GC1-U4403M-BLACK-3X,197223594598,14
TF,100-F4GC1-U4403M-BLACK-XL,197223594567,13
TF,100-F4GC1-U4403M-DPADR-1X,197223594673,1
TF,100-F4GC1-U4403M-DPADR-M,197223594642,2
TF,100-F4GGR-C2148M-BLACK-XXS,197223595717,1
TF,100-F4GGR-V1257M-BLACK-1X,197223813552,1
TF,100-F4GGR-V1257M-BLACK-L,197223813538,1
TF,100-F4GGR-V1316M-RDPOY-L,197223716419,2
TF,100-F4GGR-V1316M-RDPOY-M,197223716402,2
TF,100-F4GK-T0536M-BLACK-M,713259218088,1
TF,100-F4GK-T6246M-BLACK-1X,197223597476,1
TF,100-F4GK-T6246M-BLACK-3X,197223597490,1
TF,100-F4GK-U2372M-IVORY-1X,197223520276,1
TF,100-F4GK-U2372M-IVORY-3X,197223520290,1
TF,100-F4GK-U2372M-IVORY-M,197223520245,1
TF,100-F4GK-U2372M-IVORY-XS,197223520221,1
TF,100-F4GSI-J5758M-BLACK-1X,197223597971,1
TF,100-F4GSI-J5758M-BLACK-M,197223597940,31
TF,100-F4GSI-J5758M-BLACK-S,197223597933,21
TF,100-F4GSI-J5758M-BLACK-XL,197223597964,19
TF,100-F4GSI-J5758M-BLACK-XS,197223597926,15
TF,100-F4GSI-J5758M-BLACK-XXS,197223597919,26
TF,100-F4GSI-J5758P-BLACK-PL,197223670711,18
TF,100-F4GSI-J5758P-BLACK-PM,197223670704,33
TF,100-F4GSI-J5758P-BLACK-PP,197223670681,18
TF,100-F4GSI-J5758P-BLACK-PS,197223670698,29
TF,100-F4GT1-T5887M-FIR-XXS,197223659211,13
TF,100-F4GT1-T5937M-DOVE-XXS,197223659310,1
TF,100-F4GXC-W6039M-CSCDE-3X,197223478874,5
TF,100-F4GXC-W6039M-WHITE-2X,197223479260,2
TF,100-F4GXC-W6039M-WHITE-3X,197223479277,1
TF,100-F4HMT-T5694M-MOON-S,197223678809,1
TF,100-F4IFF-T6233M-OPAL-2X,197223598787,1
TF,100-F4IZ1-T6005M-CSCDE-XL,197223479444,1
TF,100-F4IZ1-T6005M-WISTR-1X,197223479550,1
TF,100-F4IZ1-T6005M-WISTR-2X,197223479567,11
TF,100-F4JM-K5419M-BLACK-1X,197223651147,2
TF,100-F4JM-K5419M-BLACK-L,197223651123,1
TF,100-F4JM-K5419M-BLACK-M,197223651116,1
TF,100-F4JM-K5419M-BLACK-S,197223651109,2
TF,100-F4JM-K5419M-BLACK-XL,197223651130,1
TF,100-F4JM-W5164M-CLOPE-3X,197223649724,1
TF,100-F4JM-W5164M-DOVE-3X,197223601814,7
TF,100-F4JM-W5164M-DPADR-2X,197223601906,2
TF,100-F4JM-W5164M-DPADR-L,197223601876,1
TF,100-F4JM-W5164M-DPADR-XL,197223601883,1
TF,100-F4JM-W5164M-DPADR-XXS,197223601838,2
TF,100-F4JM-W5164M-RDPOY-1X,197223716631,1
TF,100-F4JM-W5164M-RDPOY-2X,197223716648,1
TF,100-F4JM-W5164M-RDPOY-3X,197223716655,3
TF,100-F4JM-W5164M-RDPOY-XS,197223716587,2
TF,100-F4JM-W5164M-RDPOY-XXS,197223716570,2
TF,100-F4JM-W5164M-SESLT-1X,197223602590,8
TF,100-F4JM-W6150M-REDWD-M,197223603368,3
TF,100-F4JM-W6150M-REDWD-XL,197223603382,1
TF,100-F4JNZ-J2334M-BLACK-L,197223568063,1
TF,100-F4JNZ-P4679M-ALMND-1X,197223603696,35
TF,100-F4JNZ-P4679M-ALMND-XS,197223603641,1
TF,100-F4JNZ-P4679M-BLACK-1X,197223603795,18
TF,100-F4JNZ-P4679M-BLACK-3X,197223603818,1
TF,100-F4JNZ-P4679M-BLACK-L,197223603771,19
TF,100-F4JNZ-P4679M-BLACK-M,197223603764,21
TF,100-F4JNZ-P4679M-BLACK-S,197223603757,34
TF,100-F4JNZ-P4679M-BLACK-XL,197223603788,28
TF,100-F4JNZ-P4679M-BLACK-XXS,197223603733,29
TF,100-F4JNZ-P4679P-ALMND-PL,197223676959,30
TF,100-F4JNZ-P4679P-ALMND-PM,197223676942,17
TF,100-F4JNZ-P4679P-ALMND-PP,197223676928,32
TF,100-F4JNZ-P4679P-BLACK-PP,197223671534,22
TF,100-F4JNZ-P4679P-BLACK-PS,197223671541,20
TF,100-F4JNZ-P4841M-BLACK-M,197223604068,31
TF,100-F4JNZ-P4841M-BLACK-S,197223604051,20
TF,100-F4JNZ-P4841M-BLACK-XL,197223604082,12
TF,100-F4JNZ-P4841M-BLACK-XXS,197223604037,36
TF,100-F4JNZ-P4841M-INK-XS,197223653455,1
TF,100-F4JTI-D5298M-HLTRP-S,197223542698,1
TF,100-F4JUL-P3236M-WHITE-3X,197223480679,3
TF,100-F4JUL-P3236M-WHITE-M,197223480624,1
TF,100-F4KR9-T6172M-EUCLY-1X,197223747420,4
TF,100-F4KR9-T6172M-EUCLY-2X,197223747437,3
TF,100-F4KR9-T6172M-EUCLY-3X,197223747444,3
TF,100-F4KR9-T6172M-EUCLY-L,197223747406,22
TF,100-F4KR9-T6172M-EUCLY-M,197223747390,11
TF,100-F4KR9-T6172M-EUCLY-S,197223747383,4
TF,100-F4KR9-T6172M-EUCLY-XL,197223747413,2
TF,100-F4KR9-T6172M-EUCLY-XS,197223747376,3
TF,100-F4KR9-T6172M-EUCLY-XXS,197223747369,3
TF,100-F4KRR-T6172M-CSCDE-3X,197223490593,3
TF,100-F4KRR-T6172M-OPAL-S,197223604457,1
TF,100-F4KRR-T6172M-OPAL-XS,197223604440,1
TF,100-F4KRR-T6172M-SEAWD-L,197223490654,1
TF,100-F4LZW-J5763M-BLACK-1X,197223605034,10
TF,100-F4LZW-J5763M-BLACK-2X,197223605041,9
TF,100-F4LZW-J5763M-BLACK-3X,197223605058,7
TF,100-F4LZW-J5763M-BLACK-L,197223605010,18
TF,100-F4LZW-J5763M-BLACK-M,197223605003,12
TF,100-F4LZW-J5763M-BLACK-XL,197223605027,19
TF,100-F4MAB-D5318M-CHAR-L,197223605218,1
TF,100-F4MBL-W6159M-CHAR-1X,197223605539,8
TF,100-F4MBL-W6159M-CHAR-2X,197223605546,10
TF,100-F4MBL-W6159M-CHAR-3X,197223605553,11
TF,100-F4MBL-W6159M-CHAR-L,197223605515,23
TF,100-F4MBL-W6159M-CHAR-M,197223605508,21
TF,100-F4MBL-W6159M-CHAR-XL,197223605522,24
TF,100-F4MBL-W6159M-DOVE-1X,197223605638,20
TF,100-F4MBL-W6159M-DOVE-2X,197223605645,11
TF,100-F4MBL-W6159M-DOVE-3X,197223605652,18
TF,100-F4MBL-W6159M-DOVE-L,197223605614,52
TF,100-F4MBL-W6159M-DOVE-M,197223605607,13
TF,100-F4MBL-W6159M-DOVE-XL,197223605621,35
TF,100-F4MBL-W6159M-DOVE-XS,197223605584,1
TF,100-F4MBL-W6159M-SESLT-1X,197223605737,26
TF,100-F4MBL-W6159M-SESLT-2X,197223605744,22
TF,100-F4MBL-W6159M-SESLT-3X,197223605751,16
TF,100-F4MBL-W6159M-SESLT-L,197223605713,59
TF,100-F4MBL-W6159M-SESLT-M,197223605706,64
TF,100-F4MBL-W6159M-SESLT-S,197223605690,25
TF,100-F4MBL-W6159M-SESLT-XL,197223605720,66
TF,100-F4MBL-W6159M-SESLT-XS,197223605683,10
TF,100-F4MBL-W6174M-CHAR-1X,197223635765,24
TF,100-F4MBL-W6174M-CHAR-2X,197223635772,12
TF,100-F4MBL-W6174M-CHAR-3X,197223635789,21
TF,100-F4MBL-W6174M-CHAR-L,197223635741,50
TF,100-F4MBL-W6174M-CHAR-M,197223635734,44
TF,100-F4MBL-W6174M-CHAR-S,197223635727,11
TF,100-F4MBL-W6174M-CHAR-XL,197223635758,57
TF,100-F4MBL-W6174M-CHAR-XS,197223635710,22
TF,100-F4MBL-W6174M-CHAR-XXS,197223635703,30
TF,100-F4MBL-W6174M-SESLT-1X,197223635963,27
TF,100-F4MBL-W6174M-SESLT-2X,197223635970,17
TF,100-F4MBL-W6174M-SESLT-3X,197223635987,16
TF,100-F4MBL-W6174M-SESLT-L,197223635949,68
TF,100-F4MBL-W6174M-SESLT-M,197223635932,55
TF,100-F4MBL-W6174M-SESLT-S,197223635925,20
TF,100-F4MBL-W6174M-SESLT-XL,197223635956,62
TF,100-F4MBL-W6174M-SESLT-XS,197223635918,8
TF,100-F4MPW-A2100M-MPOAT-OS,197223605874,66
TF,100-F4MPW-K5211M-DLFNA-L,197223651925,1
TF,100-F4MPW-K5420M-BISCU-L,197223758532,24
TF,100-F4MPW-K5420M-BISCU-M,197223758525,6
TF,100-F4MPW-K5420M-BISCU-S,197223758518,31
TF,100-F4MPW-K5420M-BISCU-XL,197223758549,9
TF,100-F4MPW-K5420M-BISCU-XS,197223758501,13
TF,100-F4MPW-K5420M-BLACK-1X,197223636069,2
TF,100-F4MPW-K5420M-BLACK-M,197223636038,2
TF,100-F4MPW-K5420M-BLACK-S,197223636021,1
TF,100-F4MPW-K5420M-BLACK-XXS,197223636007,7
TF,100-F4MPW-K5420M-DOVE-M,197223636137,1
TF,100-F4MPW-K5420M-MPOAT-L,197223636342,55
TF,100-F4MPW-K5420M-MPOAT-M,197223636335,64
TF,100-F4MPW-K5420M-MPOAT-S,197223636328,60
TF,100-F4MPW-K5420M-MPOAT-XL,197223636359,33
TF,100-F4MPW-K5420M-MPOAT-XS,197223636311,39
TF,100-F4MPW-K5420P-BISCU-PM,197223764182,14
TF,100-F4MPW-K5420P-BISCU-PP,197223764168,2
TF,100-F4MPW-K5420P-BISCU-PS,197223764175,5
TF,100-F4MPW-K5420P-BLACK-PS,197223672395,1
TF,100-F4MPW-K5420P-MPOAT-PL,197223672517,11
TF,100-F4MPW-K5420P-MPOAT-PM,197223672500,5
TF,100-F4MPW-K5420P-MPOAT-PP,197223672487,2
TF,100-F4MPW-K5420P-MPOAT-PS,197223672494,3
TF,100-F4MPW-W6087M-OPAL-1X,197223546689,2
TF,100-F4MPW-W6087M-OPAL-3X,197223546702,1
TF,100-F4MPW-W6087M-OPAL-M,197223546658,1
TF,100-F4MPW-W6087M-OPAL-XL,197223546672,1
TF,100-F4MPW-W6087M-OPAL-XS,197223546634,1
TF,100-F4MPW-W6087M-RDPOY-2X,197223716938,1
TF,100-F4MPW-W6087M-RDPOY-3X,197223716945,1
TF,100-F4MPW-W6087M-RDPOY-S,197223716884,3
TF,100-F4MPW-W6157M-EUCLY-3X,197223607359,1
TF,100-F4MW-S4411M-CHAR-1X,197223659938,37
TF,100-F4MW-S4411M-CHAR-2X,197223659945,19
TF,100-F4MW-S4411M-CHAR-3X,197223659952,17
TF,100-F4MW-S4411M-CHAR-L,197223659914,1
TF,100-F4MW-S4411M-CHAR-XL,197223659921,50
TF,100-F4NWG-P4698M-DOVE-1X,197223646211,18
TF,100-F4NWG-P4698M-DOVE-2X,197223646228,6
TF,100-F4NWG-P4698M-DOVE-3X,197223646235,2
TF,100-F4NWG-P4698M-DOVE-L,197223646198,37
TF,100-F4NWG-P4698M-DOVE-M,197223646181,38
TF,100-F4NWG-P4698M-DOVE-S,197223646174,1
TF,100-F4NWG-P4698M-DOVE-XL,197223646204,24
TF,100-F4OET-P4664M-BISCU-2X,197223697565,8
TF,100-F4OET-P4664M-BISCU-3X,197223697572,4
TF,100-F4OJ1-T5500M-BLACK-M,197223713234,1
TF,100-F4OUT-W6160M-OPAL-L,197223610113,2
TF,100-F4OUT-W6160M-OPAL-S,197223610090,1
TF,100-F4OVI-P4713M-ALMND-1X,197223610274,1
TF,100-F4OVI-P4713M-ALMND-3X,197223610298,4
TF,100-F4OVI-P4713M-ALMND-L,197223610250,36
TF,100-F4OVI-P4713M-ALMND-M,197223610243,30
TF,100-F4OVI-P4713M-ALMND-S,197223610236,35
TF,100-F4OVI-P4713M-ALMND-XL,197223610267,23
TF,100-F4OVI-P4713M-ALMND-XS,197223610229,6
TF,100-F4OVI-P4713M-ALMND-XXS,197223610212,3
TF,100-F4OVI-P4713P-ALMND-PL,197223673064,1
TF,100-F4OVI-T6253M-ALMND-3X,197223610595,1
TF,100-F4PGG-P4801M-DENIM-XL,197223481966,1
TF,100-F4PGG-P4801P-DENIM-PM,197223491934,1
TF,100-F4PGG-P4802M-DENIM-XL,197223472308,1
TF,100-F4PGG-T6031M-DENIM-XL,197223482062,1
TF,100-F4PNJ-K5264M-CSCDE-XS,197223563099,1
TF,100-F4QPE-P4805M-UNNAT-XS,197223611165,1
TF,100-F4QPE-P4810M-UNNAT-1X,197223611318,2
TF,100-F4QPE-P4810M-UNNAT-S,197223611271,1
TF,100-F4QVB-J5754M-REED-XL,197223611509,1
TF,100-F4QVB-P4805M-BLACK-L,197223611899,1
TF,100-F4QVB-P4805M-BLACK-XXS,197223611851,1
TF,100-F4QVB-P4805M-REED-3X,197223612032,1
TF,100-F4QVB-P4805M-REED-L,197223611998,1
TF,100-F4QVB-P4810M-REED-L,197223612292,1
TF,100-F4QVB-P4810M-REED-S,197223612278,1
TF,100-F4RBC-P4656M-NMBUS-3X,197223482994,1
TF,100-F4RBC-T6209M-CSCDE-XL,197223471905,1
TF,100-F4RM9-C2202M-MPOAT-2X,197223813767,1
TF,100-F4RM9-C2202M-MPOAT-M,197223813729,82
TF,100-F4RM9-C2202M-MPOAT-S,197223813712,32
TF,100-F4RM9-C2202M-MPOAT-XL,197223813743,49
TF,100-F4RM9-C2202M-MPOAT-XS,197223813705,3
TF,100-F4RM9-C2202M-MPOAT-XXS,197223813699,5
TF,100-F4SGG-K5264M-BLACK-1X,197223615118,7
TF,100-F4SGG-K5264M-BLACK-3X,197223615132,8
TF,100-F4SGG-K5264M-BLACK-L,197223615095,2
TF,100-F4SGG-K5264M-BLACK-XL,197223615101,17
TF,100-F4SGG-K5264M-BLACK-XS,197223615064,2
TF,100-F4SJB-N1578M-BLACK-S/M,197223717447,42
TF,100-F4SJB-N1578M-CHALK-L/XL,197223717508,29
TF,100-F4SM2-S4116M-DOVE-3X,197223616337,1
TF,100-F4SM2-S4116M-DOVE-M,197223616283,1
TF,100-F4SM2-S4116M-WREN-3X,197223616634,1
TF,100-F4SM2-S4116P-WREN-PL,197223687962,1
TF,100-F4SM2-T5775M-ALMND-1X,197223550587,1
TF,100-F4SM2-T5775M-ALMND-L,197223550563,1
TF,100-F4SM2-T5775M-ALMND-M,197223550556,1
TF,100-F4SM2-T5775M-GDLEF-XXS,197223616757,1
TF,100-F4SM2-T5775M-REDWD-1X,197223550785,1
TF,100-F4SM2-T5775M-WREN-M,197223550853,1
TF,100-F4SNA-W6155M-RDPOY-XS,197223717171,1
TF,100-F4SOR-T5541M-BLACK-M,197223755715,1
TF,100-F4SOR-T5541M-WHITE-M,197223755814,1
TF,100-F4SOR-T5541M-WHITE-S,197223755807,1
TF,100-F4SOR-T6011M-LTPLM-1X,197223558552,1
TF,100-F4SQG-W5924M-BISCU-1X,197223733096,1
TF,100-F4SQG-W5924M-BISCU-XXS,197223733034,1
TF,100-F4TDC-P4666M-BLACK-3X,197223637486,3
TF,100-F4TDC-P4666M-BLACK-M,197223637431,1
TF,100-F4TDC-P4666M-BLACK-XS,197223637417,1
TF,100-F4TDC-P4666M-TAUPE-L,197223646297,2
TF,100-F4TEC-H0649M-BLACK-OS,197223620273,83
TF,100-F4TEC-H0693M-BLACK-OS,197223620297,76
TF,100-F4TFF-D5320M-AZALA-M,197223620686,1
TF,100-F4TFF-D5320M-BLACK-XXS,197223620754,1
TF,100-F4TFF-D5331M-BLACK-2X,197223621027,2
TF,100-F4TFF-D5331M-BLACK-3X,197223621034,1
TF,100-F4TFF-D5331M-BLACK-L,197223620990,2
TF,100-F4TFF-D5331M-BLACK-M,197223620983,3
TF,100-F4TFF-D5331M-BLACK-S,197223620976,1
TF,100-F4TFF-P4804M-BLACK-1X,197223621515,1
TF,100-F4TFF-P4804M-BLACK-L,197223621492,1
TF,100-F4TFF-P4804M-BLACK-M,197223621485,1
TF,100-F4TFF-T6251M-BLACK-3X,197223621737,1
TF,100-F4TFF-T6251M-REDWD-M,197223621980,1
TF,100-F4TFF-T6251M-REDWD-XS,197223621966,1
TF,100-F4TFF-T6251M-REDWD-XXS,197223621959,1
TF,100-F4TJH-J5613M-BLACK-XXS,197223674030,1
TF,100-F4TJH-P0696M-DOVE-1X,197223646419,24
TF,100-F4TJH-P0696M-DOVE-2X,197223646426,9
TF,100-F4TJH-P0696M-DOVE-3X,197223646433,11
TF,100-F4TJH-P0696M-DOVE-XL,197223646402,1
TF,100-F4TJH-P0696M-WREN-1X,197223552482,5
TF,100-F4TJH-P0696M-WREN-2X,197223552499,1
TF,100-F4TJH-P0696M-WREN-3X,197223552505,15
TF,100-F4TJH-P0696M-WREN-L,197223552468,1
TF,100-F4TJH-P4610M-BLACK-XS,197223553434,1
TF,100-F4TJH-P4610M-GRPHT-L,197223817703,1
TF,100-F4TJH-P4610P-BLACK-PL,197223674665,30
TF,100-F4TJH-P4610P-BLACK-PM,197223674658,36
TF,100-F4TJH-P4655M-BLACK-M,197223553854,1
TF,100-F4TJH-P4655M-WREN-3X,197223554400,1
TF,100-F4TJH-P4655P-WREN-PL,197223674764,1
TF,100-F4TJH-P4704M-WREN-1X,197223623014,1
TF,100-F4TJH-P4704M-WREN-M,197223622987,2
TF,100-F4TJH-P4708M-BLACK-3X,197223623137,3
TF,100-F4TJH-P4708M-BLACK-XL,197223623106,1
TF,100-F4TJH-P4708M-BLACK-XXS,197223623052,36
TF,100-F4TJH-P4807M-FIR-XS,197223674894,10
TF,100-F4TJH-P4807M-FIR-XXS,197223674887,19
TF,100-F4TJH-P4807P-BLACK-PM,197223675006,1
TF,100-F4TJH-P4807P-FIR-PL,197223675068,1
TF,100-F4TJH-P4807P-FIR-PP,197223675037,12
TF,100-F4TJH-P4823M-BLACK-2X,197223741985,3
TF,100-F4TJH-P4823M-BLACK-3X,197223741992,2
TF,100-F4TJH-P4823M-BLACK-L,197223741954,4
TF,100-F4TJH-P4823M-BLACK-M,197223741947,4
TF,100-F4TJH-P4823M-BLACK-XXS,197223741916,10
TF,100-F4TJH-P4823P-BLACK-PL,197223764847,1
TF,100-F4TJH-P4823P-BLACK-PP,197223764816,1
TF,100-F4TJH-S4395M-BLACK-XS,197223623267,1
TF,100-F4TJH-S4399M-BLACK-M,197223675167,1
TF,100-F4TJH-V1314M-BLACK-M,197223623380,1
TF,100-F4TK1-P0696M-COFFE-M,197223727262,1
TF,100-F4TK1-P0696M-WHEAT-M,197223497844,2
TF,100-F4TK1-P0696M-WREN-1X,197223624516,4
TF,100-F4TK1-P0696M-WREN-2X,197223624523,1
TF,100-F4TK1-P0696M-WREN-3X,197223624530,2
TF,100-F4TK1-P0696M-WREN-XS,197223624462,1
TF,100-F4TK1-P0696M-WREN-XXS,197223624455,22
TF,100-F4TK1-P0696P-FIR-PP,197223675488,8
TF,100-F4TK1-P0696P-FIR-PS,197223675495,9
TF,100-F4TK-P4655M-NOCTN-M,197223704676,1
TF,100-F4TK-P4699M-BLACK-1X,197223555230,1
TF,100-F4TK-P4699M-BLACK-L,197223555216,2
TF,100-F4TK-P4699M-BLACK-M,197223555209,1
TF,100-F4TK-P4699M-BLACK-S,197223555193,1
TF,100-F4TK-P4699M-BLACK-XS,197223555186,1
TF,100-F4TK-P4699M-BLACK-XXS,197223555179,7
TF,100-F4TK-P4814M-BLACK-2X,197223637875,2
TF,100-F4TK-P4814M-BLACK-L,197223637844,1
TF,100-F4TK-P4814M-BLACK-M,197223637837,1
TF,100-F4ULO-P4811M-ALMND-1X,197223624974,43
TF,100-F4ULO-P4811M-ALMND-2X,197223624981,20
TF,100-F4ULO-P4811M-ALMND-3X,197223624998,9
TF,100-F4ULO-P4811M-ALMND-L,197223624950,95
TF,100-F4ULO-P4811M-ALMND-M,197223624943,95
TF,100-F4ULO-P4811M-ALMND-XXS,197223624912,30
TF,100-F4ULO-P4850M-ALMND-XXS,197223739869,2
TF,100-F4ULO-T6217M-BLACK-3X,197223734512,1
TF,100-F4ULO-T6217M-BLACK-XL,197223734482,1
TF,100-F4ULO-T6250M-ALMND-1X,197223625377,19
TF,100-F4ULO-T6250M-BISCU-S,197223655527,1
TF,100-F4ULO-T6250M-BISCU-XS,197223655510,4
TF,100-F4UUL-H0747M-BLACK-OS,197223625513,67
TF,100-F4VBZ-J5753M-DOVE-2X,197223625841,1
TF,100-F4VBZ-J5753M-DOVE-XXS,197223625773,1
TF,100-F4VL2-D5198M-BLACK-XS,197223655718,5
TF,100-F4VL2-D5198M-BLACK-XXS,197223655701,15
TF,100-F4VL2-P4700P-PINE-PL,197223682295,1
TF,100-F4VL2-T6225M-BLACK-3X,197223629894,1
TF,100-F4VL2-T6225M-BLACK-L,197223629856,1
TF,100-F4VL2-T6225M-BLACK-M,197223629849,2
TF,100-F4VL2-T6225M-BLACK-S,197223629832,3
TF,100-F4VL2-T6225M-BLACK-XXS,197223629818,1
TF,100-F4VO-K4809M-REDWD-S,197223629931,1
TF,100-F4WAA-W6215M-DKPRL-3X,197223851899,3
TF,100-F4WAA-W6215M-DPDIV-1X,197223851974,2
TF,100-F4WAA-W6215M-DPDIV-XL,197223851967,35
TF,100-F4WAA-W6215M-DPDIV-XXS,197223851912,12
TF,100-F4WUY-S4397M-BISCU-1X,197223735793,1
TF,100-F4WUY-S4397M-BLACK-XXS,197223735830,1
TF,100-F4XJX-U0839M-DOVE-M,197223556459,2
TF,100-F4XOR-T5541M-CSCDE-2X,197223485780,1
TF,100-F4XOR-T5541M-CSCDE-3X,197223485797,2
TF,100-F4XOR-T5541M-HLTRP-1X,197223556985,3
TF,100-F4XOR-T5541M-HLTRP-L,197223556961,3
TF,100-F4XOR-T5541M-HLTRP-M,197223556954,2
TF,100-F4XOR-T5541M-HLTRP-S,197223556947,2
TF,100-F4YCD-T5734M-BLACK-M,197223757436,1
TF,100-F4YTL-W6158M-BLACK-S,197223631156,1
TF,100-F4YTL-W6186M-BISCU-XXS,197223736332,1
TF,100-F4YUH-J5756M-BLACK-3X,197223631613,2
TF,100-F4YUH-J5756M-BLACK-M,197223631569,2
TF,100-F4YUH-J5756M-BLACK-S,197223631552,2
TF,100-F4YUH-J5756M-WREN-1X,197223644118,4
TF,100-F4YUH-J5756M-WREN-2X,197223644125,1
TF,100-F4YUH-J5756M-WREN-3X,197223644132,3
TF,100-F4YUH-J5756M-WREN-M,197223644088,4
TF,100-F4YUH-J5756M-WREN-S,197223644071,2
TF,100-F4YUH-J5756M-WREN-XL,197223644101,2
TF,100-F4YUH-P4840M-BLACK-XXS,197223698159,2
TF,100-F4YUH-P4840M-TAUPE-M,197223698401,2
TF,100-F4YUH-P4840M-WREN-2X,197223698555,1
TF,100-F4YUH-P4840P-BLACK-PS,197223694816,1
TF,100-F4ZQL-P4662M-PINE-XL,197223557272,1
TF,100-F4ZQL-S4409M-PINE-3X,197223632917,3
TF,100-F4ZQL-S4409M-PINE-L,197223632870,1
TF,100-F4ZQL-S4409M-PINE-XXS,197223632832,3
TF,100-F7VL-T4284X-BLACK-2X,190428575591,1
TF,100-F8GC-U1956P-PINE-PS,190428478724,1
TF,100-R0TJF-P4317M-HAZEL-XXS,193481543279,1
TF,100-R0TJF-P4317P-HAZEL-PP,193481543453,1
TF,100-R3VF-D2735M-BLVLT-XL,886884030841,1
TF,100-R4HN-U1958M-BTRCM-L,713259276736,1
TF,100-R4SUP-P8150M-BLACK-2,713259408373,1
TF,100-R8QTQ-S4062M-BLACK-XL,672178173284,1
TF,100-S3AEB-T5740P-BLACK-PP,196124636796,4
TF,100-S3AJH-T5705M-BLACK-XS,196124639018,14
TF,100-S3AJH-T5705M-BLACK-XXS,196124639001,12
TF,100-S3ALQ-T5705M-BLACK-XS,196124641592,8
TF,100-S3ALQ-T5705M-BLACK-XXS,196124641585,24
TF,100-S3FDZ-W6027M-WHITE-3X,196124296549,4
TF,100-S3FIX-T6025M-BONE-S,196124649734,10
TF,100-S3FIX-T6025M-BONE-XS,196124649727,8
TF,100-S3FTE-T5769M-JEWEL-XL,196124299519,1
TF,100-S3GC1-D5130M-BLACK-M,196124367263,1
TF,100-S3GC1-P3084M-BLACK-3X,196124759402,16
TF,100-S3GC1-P3084M-BLACK-XXS,196124759327,10
TF,100-S3GC1-P4702M-BLACK-1X,196124972580,3
TF,100-S3GC1-P4702M-BLACK-L,196124972566,14
TF,100-S3GC1-P4702M-BLACK-XL,196124972573,24
TF,100-S3GC1-T5927M-BLACK-S,197223033400,19
TF,100-S3GC1-T5927M-BLACK-XS,197223033394,35
TF,100-S3GC1-T5927M-BLACK-XXS,197223033387,29
TF,100-S3GC1-U4274M-BLACK-M,196124660579,21
TF,100-S3GC1-U4274M-BLACK-S,196124660562,40
TF,100-S3GC1-U4274M-BLACK-XS,196124660555,40
TF,100-S3GC1-U4274M-BLACK-XXS,196124660548,35
TF,100-S3GC1-U4274M-BONE-XS,196124660661,9
TF,100-S3GC1-U4274M-BONE-XXS,196124660654,12
TF,100-S3GC1-U4274M-OCEAN-XXS,196124661095,15
TF,100-S3GC1-U4274P-BLACK-PP,196124661194,3
TF,100-S3GC1-U4274P-BONE-PP,196124661248,10
TF,100-S3GC1-U4274P-OCEAN-PP,196124661347,34
TF,100-S3GDD-P4685M-WHITE-XXS,196124912272,19
TF,100-S3GDD-P4686M-WHITE-XS,196124912395,48
TF,100-S3GDD-P4686M-WHITE-XXS,196124912388,26
TF,100-S3GDD-P4686P-WHITE-PS,196124343106,2
TF,100-S3GDU-P4685M-UNNAT-XXS,196124912609,6
TF,100-S3HDZ-P3236M-WHITE-3X,196124942521,9
TF,100-S3IZ1-T5882M-BLACK-2X,196124670332,1
TF,100-S3IZ1-T5882M-BLACK-L,196124670301,33
TF,100-S3IZ1-T5882M-BLACK-M,196124670295,9
TF,100-S3IZ1-T5882M-BLACK-XL,196124670318,15
TF,100-S3IZ1-T5882M-WHITE-1X,196124671537,8
TF,100-S3IZ1-T5882M-WHITE-3X,196124671551,1
TF,100-S3IZ1-T5882M-WHITE-L,196124671513,110
TF,100-S3IZ1-T5882M-WHITE-M,196124671506,91
TF,100-S3IZ1-T5882M-WHITE-S,196124671490,18
TF,100-S3IZ1-T5882M-WHITE-XL,196124671520,100
TF,100-S3IZ1-T5882M-WHITE-XS,196124671483,14
TF,100-S3IZ1-T5882M-WHITE-XXS,196124671476,5
TF,100-S3IZ1-T6005M-BLACK-S,196124671827,6
TF,100-S3IZ1-T6005M-BLACK-XXS,196124671803,3
TF,100-S3IZ1-T6005M-WHITE-3X,196124672657,2
TF,100-S3IZ1-T6005M-WHITE-L,196124672619,27
TF,100-S3IZ1-U4320M-BLACK-L,196124672718,2
TF,100-S3IZ1-U4320M-BLACK-S,196124672695,1
TF,100-S3IZ1-U4320M-BLACK-XS,196124672688,10
TF,100-S3IZ1-U4320M-BLACK-XXS,196124672671,27
TF,100-S3JRD-D5108M-BTSSN-XL,197223006350,18
TF,100-S3JRD-J5558M-WHITE-2X,196124916287,10
TF,100-S3KMR-W6037M-NATRL-1X,196124956283,1
TF,100-S3KMR-W6037M-NATRL-3X,196124956306,1
TF,100-S3KMR-W6037M-NATRL-XL,196124956276,10
TF,100-S3KMR-W6037M-STEEL-2X,196124917383,12
TF,100-S3KMR-W6037M-STEEL-3X,196124917390,3
TF,100-S3KMR-W6037M-STEEL-XL,196124917369,2
TF,100-S3LEL-W5971M-WHITE-1X,196124677164,19
TF,100-S3OJP-D5148M-RASBY-XXS,196124693843,19
TF,100-S3OJP-D5148P-RASBY-PP,196124694048,13
TF,100-S3OJP-P4547M-BLACK-XXS,196124694734,7
TF,100-S3OJP-P4645M-BLACK-XS,196124922585,9
TF,100-S3OJP-P4645M-BLACK-XXS,196124922578,25
TF,100-S3OJP-P4645P-BLACK-PP,196124853810,23
TF,100-S3OJP-P4645P-BLACK-PS,196124853971,33
TF,100-S3OJP-T5500P-WHITE-PL,196124698374,1
TF,100-S3OKB-P4622M-BLACK-3X,196124701555,2
TF,100-S3OKB-P4622M-BLACK-XXS,196124701470,15
TF,100-S3OKB-P4692M-BLACK-XS,196124740196,1
TF,100-S3OKB-P4692M-BLACK-XXS,196124740189,18
TF,100-S3OKB-P4693M-WHITE-3X,196124840681,1
TF,100-S3OKB-P4704M-BLACK-XXS,197223012818,11
TF,100-S3PGG-T6052M-BLACK-XS,196124925333,4
TF,100-S3PGG-T6052M-BLACK-XXS,196124925326,24
TF,100-S3PGG-T6052P-BLACK-PP,196124892093,5
TF,100-S3PNJ-K5246M-SEAWD-3X,197223024323,5
TF,100-S3RII-P4565M-UNNAT-3X,196124706604,4
TF,100-S3RII-P4639M-WHITE-1X,196124708004,1
TF,100-S3RII-P4639M-WHITE-L,196124707984,5
TF,100-S3RII-P4639M-WHITE-M,196124707977,1
TF,100-S3RII-P4639M-WHITE-S,196124707960,3
TF,100-S3RII-P4639M-WHITE-XL,196124707991,10
TF,100-S3RII-P4639M-WHITE-XS,196124707953,2
TF,100-S3SUZ-M1012M-BLACK-XXS,196124712773,35
TF,100-S3TFF-D5059M-BLACK-XXS,196124716757,1
TF,100-S3TFF-P4561M-BLACK-XXS,196124718706,16
TF,100-S3TFF-T6002M-BLACK-XS,196124721164,18
TF,100-S3TFF-T6002M-CBLST-S,196124870299,22
TF,100-S3TFF-T6002M-CBLST-XS,196124870282,3
TF,100-S3TFF-T6002M-OCEAN-XS,196124721492,1
TF,100-S3TFF-U4284M-BLACK-XS,196124304978,2
TF,100-S3TFF-U4284M-BLACK-XXS,196124304879,30
TF,100-S3TFF-U4288M-BLACK-XS,196124751949,7
TF,100-S3TFF-U4288M-BLACK-XXS,196124751932,22
TF,100-S3TJH-P4607M-BLACK-XXS,196124725117,15
TF,100-S3TK1-P0696M-OCEAN-3X,196124728897,5
TF,100-S3TK1-P0696M-OCEAN-XXS,196124728811,31
TF,100-S3TK1-P0696M-PCFIC-XL,196124728965,1
TF,100-S3TK1-P0696M-SEAWD-XXS,197223029823,30
TF,100-S3TK1-P0696M-STEEL-1X,196124729078,36
TF,100-S3TK1-P0696M-WHITE-L,196124729153,1
TF,100-S3TK1-P0696M-WHITE-XXS,196124729115,7
TF,100-S3TK1-P0696P-OCEAN-PP,196124729269,1
TF,100-S3TK-P4547M-GRPHT-XL,196124997088,1
TF,100-S3TK-P4655M-BLACK-XXS,196124726770,12
TF,100-S3TK-P4655M-GRPHT-XXS,196124726992,16
TF,100-S3TK-P4655M-OCEAN-XS,196124727227,22
TF,100-S3TK-P4655M-OCEAN-XXS,196124727210,32
TF,100-S3TK-P4655P-OCEAN-PP,196124727630,10
TF,100-S3TK-P4688M-BLACK-XXS,196124931372,2
TF,100-S3TK-P4688M-WHITE-XXS,196124931594,2
TF,100-S4LOL-P4701M-STONE-3X,197223309642,2
TF,100-S4OKB-P4607M-BLACK-XS,197223378372,1
TF,100-S4TK1-P0696M-OCEAN-S,197223327707,1
TF,100-S4TK1-P0696M-OCEAN-XL,197223327738,2
TF,100-S4TK1-P0696M-WHITE-XXS,197223327981,2
TF,100-S4TK-P4657M-WHITE-XXS,197223351078,2
TF,100-S5RI-P1387M-PEWTR-L,713259703317,1
TF,100-S5TK-P0375X-GRPHT-1X,713259487903,1
TF,100-S8TK-P3941M-BLACK-L,190428914369,1
TF,100-SBIZO-U0127P-WHITE-PP,886884938796,2
TF,100-SBVF-P1515M-BLACK-S,886884934491,1
TF,100-SBVF-S1002P-BLACK-PP,828486686026,1
TF,100-SLAN9-R127M-RDCDR-1X/2X,197223253150,9
TF,100-SLAN9-R127M-RDCDR-L/XL,197223253143,20
TF,100-SLAN9-R127M-RDCDR-S/M,197223253136,19
TF,100-SLAN9-R127M-RDCDR-XX/XS,197223253129,6
TF,100-SLAN9-T940M-BLACK-XS,197223253969,1
TF,100-SLAN9-T940M-IVY-XS,197223254294,2
TF,100-SLANF-B904M-POWDR-L,193481504782,2
TF,100-SLANF-B904M-POWDR-XL,193481504799,6
TF,100-SLANF-B904M-POWDR-XS,193481504751,8
TF,100-SLANF-B904M-POWDR-XXL,193481512923,1
TF,100-SLANF-B908M-POWDR-XXS,193481899598,1
TF,100-SLANF-T930M-BKBRY-2X,196124607147,9
TF,100-SLANF-T930M-BKBRY-3X,196124607154,11
TF,100-SLANF-T930M-CASIS-2X,193481905268,5
TF,100-SLANF-T930M-CASIS-3X,193481905275,8
TF,100-SLANF-T930M-INDGO-2X,193481905565,18
TF,100-SLANF-T930M-INDGO-3X,193481905572,5
TF,100-SLANF-T930M-IRIS-2X,196124607246,6
TF,100-SLANF-T930M-IRIS-3X,196124607253,6
TF,100-SLANF-T932M-BLACK-1X,193481906753,1
TF,100-SLANF-T932M-CRNBY-1X,193481906951,1
TF,100-SLANF-T932M-DLPHN-1X,193481907057,1
TF,100-SLANF-T932M-DLPHN-XL,193481907040,1
TF,100-SLANF-T932M-INDGO-1X,193481907156,6
TF,100-SLANF-T932M-INDGO-XL,193481907149,3
TF,100-SLANF-T933M-BLACK-XXS,193481907491,3
TF,100-SLANF-T933M-CASIS-XXS,193481907590,4
TF,100-SLANF-T933M-INDGO-XXS,193481907897,5
TF,100-SLANF-T940M-CASIS-XXS,196124607376,1
TF,100-SLANF-T940M-INDGO-XXS,196124607475,4
TF,100-SLANK-B909M-BLACK-1X,197223707530,1
TF,100-SLANK-B911M-ATLAN-XXS,198895129033,1
TF,100-SLANK-B919M-BLACK-L,197223705413,1
TF,100-SLANK-B919M-BLACK-XL,197223705420,1
TF,100-SLANK-B919M-EUCLY-1X,197223657088,1
TF,100-SLANK-B919M-EUCLY-M,197223657057,1
TF,100-SLANK-B919M-EUCLY-S,197223657040,1
TF,100-SLANK-B922M-SOFWH-XL,197223954644,1
TF,100-SLANK-C101M-BLACK-1X,197223705871,57
TF,100-SLANK-C101M-BLACK-2X,197223705888,20
TF,100-SLANK-C101M-BLACK-3X,197223705895,17
TF,100-SLANK-C101M-BLACK-L,197223705857,88
TF,100-SLANK-C101M-BLACK-M,197223705840,91
TF,100-SLANK-C101M-BLACK-S,197223705833,47
TF,100-SLANK-C101M-BLACK-XL,197223705864,58
TF,100-SLANK-C101M-BLACK-XS,197223705826,12
TF,100-SLANK-C101M-BLACK-XXS,197223705819,14
TF,100-SLANK-C101M-BLFLW-1X,197223827474,15
TF,100-SLANK-C101M-BLFLW-2X,197223827481,3
TF,100-SLANK-C101M-BLFLW-3X,197223827498,7
TF,100-SLANK-C101M-BLFLW-L,197223827450,32
TF,100-SLANK-C101M-BLFLW-M,197223827443,22
TF,100-SLANK-C101M-BLFLW-S,197223827436,5
TF,100-SLANK-C101M-BLFLW-XL,197223827467,21
TF,100-SLANK-C101M-BLFLW-XS,197223827429,6
TF,100-SLANK-C101M-BLUET-1X,197223827573,21
TF,100-SLANK-C101M-BLUET-2X,197223827580,7
TF,100-SLANK-C101M-BLUET-3X,197223827597,7
TF,100-SLANK-C101M-BLUET-L,197223827559,10
TF,100-SLANK-C101M-BLUET-M,197223827542,11
TF,100-SLANK-C101M-BLUET-XL,197223827566,13
TF,100-SLANK-C101M-BLUET-XS,197223827528,4
TF,100-SLANK-C101M-BLUET-XXS,197223827511,1
TF,100-SLANK-C101M-EUCLY-1X,197223657781,31
TF,100-SLANK-C101M-EUCLY-2X,197223657798,6
TF,100-SLANK-C101M-EUCLY-3X,197223657804,10
TF,100-SLANK-C101M-EUCLY-L,197223657767,48
TF,100-SLANK-C101M-EUCLY-M,197223657750,45
TF,100-SLANK-C101M-EUCLY-S,197223657743,14
TF,100-SLANK-C101M-EUCLY-XL,197223657774,43
TF,100-SLANK-C101M-EUCLY-XS,197223657736,1
TF,100-SLANK-C101M-EUCLY-XXS,197223657729,3
TF,100-SLANK-C101M-SOFWH-1X,197223827672,26
TF,100-SLANK-C101M-SOFWH-2X,197223827689,9
TF,100-SLANK-C101M-SOFWH-3X,197223827696,4
TF,100-SLANK-C101M-SOFWH-L,197223827658,27
TF,100-SLANK-C101M-SOFWH-M,197223827641,15
TF,100-SLANK-C101M-SOFWH-S,197223827634,7
TF,100-SLANK-C101M-SOFWH-XL,197223827665,24
TF,100-SLANK-C101M-SOFWH-XXS,197223827610,3
TF,100-SLANK-G110M-BLACK-2X,197223707776,1
TF,100-SLANK-G110M-BLACK-L,197223707745,6
TF,100-SLANK-G110M-BLACK-M,197223707738,1
TF,100-SLANK-G110M-BLACK-XS,197223707714,2
TF,100-SLANK-G110M-FROST-1X,197223663539,1
TF,100-SLANK-G110M-FROST-2X,197223663546,1
TF,100-SLANK-G110M-FROST-L,197223663515,1
TF,100-SLANK-G110M-FROST-XS,197223663485,1
TF,100-SLANK-G121M-FROST-XS,197223708780,1
TF,100-SLANK-L4400M-WHITE-2X,197223708988,1
TF,100-SLANK-L4400M-WHITE-L,197223708957,12
TF,100-SLANK-L4400M-WHITE-M,197223708940,5
TF,100-SLANK-L4400M-WHITE-XL,197223708964,10
TF,100-SLANK-L932M-BLACK-XXS,672178129205,5
TF,100-SLANK-L932M-BLFLW-L,197223955238,7
TF,100-SLANK-L932M-BLFLW-M,197223955221,13
TF,100-SLANK-L932M-BLFLW-S,197223955214,22
TF,100-SLANK-L932M-BLFLW-XL,197223955245,22
TF,100-SLANK-T930M-BLACK-1X,197223709503,24
TF,100-SLANK-T930M-BLACK-2X,197223709510,1
TF,100-SLANK-T930M-BLACK-L,197223709480,9
TF,100-SLANK-T930M-BLACK-M,197223709473,23
TF,100-SLANK-T930M-BLACK-S,197223709466,12
TF,100-SLANK-T930M-BLACK-XL,197223709497,8
TF,100-SLANK-T930M-FROST-1X,197223661337,12
TF,100-SLANK-T930M-FROST-L,197223661313,4
TF,100-SLANK-T942M-EUCLY-1X,197223709770,1
TF,100-SLANK-T942M-EUCLY-L,197223709756,2
TF,100-SLANK-T942M-FROST-1X,197223709879,1
TF,100-SLANK-T942M-FROST-XL,197223709862,11
TF,100-SLANK-T945M-BLFLW-1X,197223955658,9
TF,100-SLANK-T945M-BLFLW-L,197223955634,17
TF,100-SLANK-T945M-BLFLW-M,197223955627,26
TF,100-SLANK-T945M-BLFLW-S,197223955610,19
TF,100-SLANK-T945M-BLFLW-XL,197223955641,30
TF,100-SLANK-T945M-BLFLW-XS,197223955603,14
TF,100-SLANK-T945M-BLUET-1X,197223955757,14
TF,100-SLANK-T945M-BLUET-2X,197223955764,4
TF,100-SLANK-T945M-BLUET-L,197223955733,18
TF,100-SLANK-T945M-BLUET-M,197223955726,27
TF,100-SLANK-T945M-BLUET-S,197223955719,21
TF,100-SLANK-T945M-BLUET-XL,197223955740,12
TF,100-SLANK-T945M-BLUET-XS,197223955702,6
TF,100-SLANK-T945M-BLUET-XXS,197223955696,8
TF,100-SLANK-T946M-INK-3X,198895129477,1
TF,100-SLANK-T946M-INK-S,198895129415,1
TF,100-SLANM-B909M-DKPRL-L,197223752332,1
TF,100-SLANM-B920M-WHEAT-L,197223752639,21
TF,100-SLANM-B920M-WHEAT-S,197223752615,3
TF,100-SLANM-B920M-WHEAT-XL,197223752646,30
TF,100-SLANM-B920M-WHEAT-XS,197223752608,2
TF,100-SLANM-L932M-DKPRL-L,197223956136,26
TF,100-SLANM-L932M-DKPRL-M,197223956129,16
TF,100-SLANM-L932M-DKPRL-XL,197223956143,19
TF,100-SLANM-T942M-WHEAT-1X,197223753056,9
TF,100-SLANM-T942M-WHEAT-XL,197223753049,13
TF,100-SLANM-T945M-DKPRL-1X,672178130508,11
TF,100-SLANM-T945M-DKPRL-2X,672178130553,1
TF,100-SLANM-T945M-DKPRL-3X,672178130607,6
TF,100-SLANM-T945M-DKPRL-L,672178130362,26
TF,100-SLANM-T945M-DKPRL-M,672178130294,35
TF,100-SLANM-T945M-DKPRL-S,672178130225,15
TF,100-SLANM-T945M-DKPRL-XL,672178130430,33
TF,100-SLANM-T945M-DKPRL-XS,672178130188,3
TF,100-SLANM-T945M-DKPRL-XXS,672178130140,8
TF,100-SLANQ-B909M-DKPRL-L,197223661511,2
TF,100-SLANQ-B909M-DKPRL-XL,197223661528,1
TF,100-SLANQ-T930M-DKPRL-1X,197223662037,5
TF,100-SLANQ-T930M-DKPRL-2X,197223662044,2
TF,100-SLANQ-T930M-DKPRL-L,197223662013,1
TF,100-SLANQ-T930M-DKPRL-M,197223662006,1
TF,100-SLANQ-T930M-DKPRL-XS,197223661986,1
TF,100-SLANT-B925M-INK-3X,198895275150,1
TF,100-SLKWR-Z0280M-INK-3X,198895115135,1
TF,100-SLKWR-Z0280M-SOFWH-1X,198895115203,9
TF,100-SLKWR-Z0280M-SOFWH-2X,198895115210,2
TF,100-SLKWR-Z0280M-SOFWH-3X,198895115227,4
TF,100-SLKWR-Z0280M-SOFWH-L,198895115180,23
TF,100-SLKWR-Z0280M-SOFWH-M,198895115173,10
TF,100-SLKWR-Z0280M-SOFWH-S,198895115166,1
TF,100-SLKWR-Z0280M-SOFWH-XS,198895115159,5
TF,100-SLKWR-Z0280M-SOFWH-XXS,198895115142,1
TF,100-SLWBF-B909M-OPAL-L,197223690092,11
TF,100-SLWBN-B909M-DKPRL-L,197223753131,1
TF,100-SLWBN-B909M-WHEAT-XL,197223753247,9
TF,100-SLWBN-B921M-DKPRL-L,197223753339,17
TF,100-SLWBN-B921M-DKPRL-XL,197223753346,1
TF,100-SLWBN-B921M-WHEAT-XL,197223753445,9
TF,100-SLWDD-Z0281M-PERIW-3X,198895115586,1
TF,100-SLWDM-T944M-DKPRL-1X,197223956457,22
TF,100-SLWDM-T944M-DKPRL-2X,197223956464,8
TF,100-SLWDM-T944M-DKPRL-3X,197223956471,4
TF,100-SLWDM-T944M-DKPRL-L,197223956433,34
TF,100-SLWDM-T944M-DKPRL-M,197223956426,33
TF,100-SLWDM-T944M-DKPRL-S,197223956419,14
TF,100-SLWDM-T944M-DKPRL-XL,197223956440,43
TF,100-SLWDM-T944M-DKPRL-XS,197223956402,1
TF,100-SLWDM-T944M-DKPRL-XXS,197223956396,2
TF,100-TK-D4752M-BLACK-L,193481104647,2
TF,100-TK-D4752M-BLACK-XS,193481104616,2
TF,100-VF-P4119M-BLACK-XS,672178097009,1
TE,100-F2GC1-T5966M-CASIS-XL,196124552799,1
TE,100-F2TK1-P0696M-RYE-XXS,196124481075,1
TE,100-F3AII-W5853M-SEAGL-L,197223273493,1
TE,100-F3AII-W5853M-SEAGL-S,197223273479,1
TE,100-F3AJH-D5108M-ROSBY-XS,197223037842,8
TE,100-F3AJH-D5108M-ROSBY-XXS,197223037835,13
TE,100-F3AJH-T5705M-BLACK-XXS,197223187400,11
TE,100-F3AJH-T5705M-WHITE-M,197223187547,29
TE,100-F3AJH-T5705M-WHITE-XS,197223187523,32
TE,100-F3AJH-T5705M-WHITE-XXS,197223187516,24
TE,100-F3BOE-J5558M-BLACK-1X,197223042839,1
TE,100-F3BOE-J5558M-BLACK-2X,197223042846,15
TE,100-F3BOE-J5558M-BLACK-XL,197223042822,10
TE,100-F3BOE-J5558M-CHALK-1X,197223042945,1
TE,100-F3BOE-J5558M-CHALK-2X,197223042952,4
TE,100-F3BOE-J5558M-NOCTN-2X,197223206019,3
TE,100-F3BOE-P4660M-CHALK-2X,197223044932,4
TE,100-F3BOE-P4660M-CHALK-3X,197223044949,3
TE,100-F3BOE-P4706M-CHALK-3X,197223155966,1
TE,100-F3BPJ-T6095M-CASIS-M,197223046547,1
TE,100-F3CJ-K3500M-BLACK-M,197223390268,1
TE,100-F3CW-S1347P-BLACK-PM,886884775650,1
TE,100-F3CYX-W6072M-BLACK-2X,197223054603,7
TE,100-F3CYX-W6072M-BLACK-3X,197223054610,2
TE,100-F3CYX-W6090M-FROST-2X,197223260066,2
TE,100-F3DFL-W6075M-SESLT-3X,197223151913,3
TE,100-F3DQQ-W6054M-ASH-2X,197223056584,2
TE,100-F3FDZ-W6027M-SUNBM-1X,197223057123,4
TE,100-F3FDZ-W6027M-SUNBM-XL,197223057116,15
TE,100-F3FDZ-W6027M-WHITE-1X,197223057239,2
TE,100-F3FSY-T5952M-BLACK-XS,197223057734,1
TE,100-F3FTE-T6051M-ROSBY-S,197223060697,9
TE,100-F3FTE-T6051M-ROSBY-XS,197223060680,27
TE,100-F3FTE-T6051M-ROSBY-XXS,197223060673,28
TE,100-F3FTE-T6051P-ROSBY-PL,197223061120,33
TE,100-F3FTE-T6051P-ROSBY-PM,197223061113,9
TE,100-F3FYJ-W6077M-BLACK-1X,197223157489,10
TE,100-F3FYJ-W6077M-BLACK-2X,197223157496,2
TE,100-F3FYJ-W6077M-BLACK-XL,197223157472,14
TE,100-F3FYJ-W6077M-BLSTL-2X,197223157601,3
TE,100-F3FYJ-W6077M-BLSTL-3X,197223157618,5
TE,100-F3FYJ-W6077M-BLSTL-XL,197223157588,11
TE,100-F3FYJ-W6077M-NOCTN-1X,197223157816,10
TE,100-F3FYJ-W6077M-NOCTN-2X,197223157823,2
TE,100-F3FYJ-W6077M-NOCTN-3X,197223157830,1
TE,100-F3FYJ-W6077M-SEAGL-1X,197223172352,7
TE,100-F3FYJ-W6077M-SEAGL-2X,197223172369,2
TE,100-F3FYJ-W6077M-SEAGL-3X,197223172376,5
TE,100-F3FYJ-W6077M-SEAGL-L,197223172338,22
TE,100-F3FYJ-W6077M-SEAGL-XL,197223172345,33
TE,100-F3FYJ-W6077M-WHITE-1X,197223157922,4
TE,100-F3FYJ-W6077M-WHITE-2X,197223157939,5
TE,100-F3FYJ-W6077M-WHITE-3X,197223157946,5
TE,100-F3FYJ-W6077M-WHITE-XL,197223157915,23
TE,100-F3FYW-P4561M-CASIS-XL,197223161462,1
TE,100-F3FYW-P4600M-BLACK-XXS,197223064107,6
TE,100-F3FYW-T5959M-BLACK-XS,197223066316,21
TE,100-F3FYW-T5959M-BLACK-XXS,197223066309,24
TE,100-F3FYW-T5959M-IVY-M,197223256496,1
TE,100-F3FYW-T5959P-BLACK-PP,197223202417,23
TE,100-F3FYW-T5959P-BLACK-PS,197223202424,16
TE,100-F3GC1-P3084M-BLACK-3X,197223071143,1
TE,100-F3GC1-P4687M-BLACK-1X,197223255710,4
TE,100-F3GC1-P4687M-BLACK-XXS,197223255659,15
TE,100-F3GC1-P4700M-BLACK-3X,197223071471,7
TE,100-F3GC1-P4700M-BLACK-XS,197223071402,1
TE,100-F3GC1-P4700M-BLACK-XXS,197223071396,33
TE,100-F3GC1-P4700M-CASIS-XXS,197223071501,39
TE,100-F3GC1-P4700M-NOCTN-3X,197223071693,2
TE,100-F3GC1-P4702M-BLACK-3X,197223071808,2
TE,100-F3GC1-P4702M-BLACK-L,197223071761,12
TE,100-F3GC1-P4702M-BLACK-XL,197223071778,1
TE,100-F3GC1-P4702M-BLACK-XXS,197223071723,11
TE,100-F3GC1-T5775M-BLACK-L,197223238126,21
TE,100-F3GC1-T5775M-BLACK-M,197223238119,21
TE,100-F3GC1-T5775M-BLACK-S,197223238102,30
TE,100-F3GC1-T5775M-BLACK-XL,197223238133,11
TE,100-F3GC1-T5775M-BLACK-XS,197223238096,17
TE,100-F3GC1-T5775M-BLACK-XXS,197223238089,13
TE,100-F3GC1-T5775P-BLACK-PL,197223238218,10
TE,100-F3GC1-T5829M-BLACK-S,197223178651,31
TE,100-F3GC1-T5829M-BLACK-XS,197223178644,52
TE,100-F3GC1-T5829M-BLACK-XXS,197223178637,40
TE,100-F3GC1-T5927P-BLACK-PP,197223172390,3
TE,100-F3GC1-T5964M-SEAGL-XXS,197223179078,18
TE,100-F3GC1-T6094M-AZALA-XXS,197223074410,2
TE,100-F3GC1-U4031M-BLACK-XS,197223171393,3
TE,100-F3GC1-U4031M-BLACK-XXS,197223171386,25
TE,100-F3GC1-U4031M-BONE-3X,197223191582,1
TE,100-F3GC1-U4274M-ALPNE-XS,197223172611,26
TE,100-F3GC1-U4274M-ALPNE-XXS,197223172604,12
TE,100-F3GC1-U4274M-BLACK-S,197223158547,10
TE,100-F3GC1-U4274M-BLACK-XXS,197223158523,4
TE,100-F3GC1-U4274M-IVY-XS,197223075851,5
TE,100-F3GC1-U4274M-IVY-XXS,197223075844,25
TE,100-F3GC1-U4274M-NOCTN-XXS,197223075950,22
TE,100-F3GC1-U4274P-BLACK-PL,197223172734,8
TE,100-F3GC1-U4274P-BLACK-PM,197223172727,20
TE,100-F3GC1-U4274P-BLACK-PP,197223172703,29
TE,100-F3GC1-U4274P-BLACK-PS,197223172710,35
TE,100-F3GC1-U4274P-BONE-PP,197223172758,10
TE,100-F3GC1-U4274P-IVY-PP,197223225805,21
TE,100-F3GC1-U4274P-IVY-PS,197223225812,9
TE,100-F3GDD-P4708M-BLACK-XXS,197223077657,36
TE,100-F3GDD-P4708M-DKNGT-3X,197223077848,1
TE,100-F3GDD-P4708M-DKNGT-XS,197223077770,6
TE,100-F3GDD-P4708M-DKNGT-XXS,197223077763,43
TE,100-F3GK-T5798M-BLACK-1X,197223079583,2
TE,100-F3GT1-J5653M-BLACK-S,197223080091,29
TE,100-F3GT1-J5653M-BLACK-XS,197223080084,40
TE,100-F3GT1-J5653M-BLACK-XXS,197223080077,39
TE,100-F3GT1-J5653M-OCEAN-S,197223277392,17
TE,100-F3GT1-J5653M-OCEAN-XS,197223277385,40
TE,100-F3GT1-J5653M-OCEAN-XXS,197223277378,34
TE,100-F3GT1-J5653P-BLACK-PP,197223179979,9
TE,100-F3GT1-J5653P-BLACK-PS,197223179986,3
TE,100-F3GT1-J5653P-OCEAN-PP,197223284611,24
TE,100-F3GT1-J5653P-OCEAN-PS,197223284628,15
TE,100-F3GT1-N1387M-BLACK-1X/2X,197223237518,1
TE,100-F3JNZ-P4708M-IVORY-L,197223280026,1
TE,100-F3JNZ-P4708M-IVORY-XL,197223280033,15
TE,100-F3JNZ-P4708M-IVORY-XS,197223279990,6
TE,100-F3JNZ-P4708M-IVORY-XXS,197223279983,27
TE,100-F3JNZ-P4708M-METOR-3X,197223193784,1
TE,100-F3JNZ-P4708M-METOR-XL,197223193753,3
TE,100-F3JNZ-P4708M-METOR-XXS,197223193708,20
TE,100-F3JNZ-P4708P-IVORY-PL,197223284697,6
TE,100-F3JNZ-P4708P-IVORY-PM,197223284680,10
TE,100-F3JNZ-P4708P-IVORY-PP,197223284666,5
TE,100-F3JNZ-P4708P-IVORY-PS,197223284673,22
TE,100-F3JOT-W6051M-ECRU-1X,197223087175,4
TE,100-F3JOT-W6051M-ECRU-2X,197223087182,3
TE,100-F3JOT-W6051M-ECRU-3X,197223087199,14
TE,100-F3JOT-W6052M-ECRU-1X,197223087397,13
TE,100-F3JOT-W6052M-ECRU-3X,197223087410,9
TE,100-F3JOT-W6052M-ECRU-XL,197223087380,6
TE,100-F3JTI-D5108M-SUNBM-XL,197223088196,15
TE,100-F3JTI-D5108M-SUNBM-XXS,197223088141,15
TE,100-F3JTI-T6064M-SUNBM-1X,197223089933,9
TE,100-F3JTI-T6064M-SUNBM-2X,197223089940,6
TE,100-F3JTI-T6064M-SUNBM-3X,197223089957,13
TE,100-F3JTI-T6064M-WHTBL-3X,197223090069,9
TE,100-F3LZK-W5581M-AZALA-1X,197223162131,3
TE,100-F3LZK-W5581M-AZALA-2X,197223162148,5
TE,100-F3LZK-W5581M-AZALA-3X,197223162155,7
TE,100-F3LZK-W5581M-BLACK-3X,197223093589,12
TE,100-F3LZK-W5581M-SESLT-3X,197223159049,4
TE,100-F3MF-W5315M-AUBRN-1X,197223205227,25
TE,100-F3MF-W5315M-AUBRN-2X,197223205234,15
TE,100-F3MF-W5315M-AUBRN-3X,197223205241,14
TE,100-F3MF-W5315M-AUBRN-XL,197223205210,7
TE,100-F3MF-W5315M-BLACK-1X,197223207665,1
TE,100-F3MF-W5315M-BLACK-2X,197223207672,13
TE,100-F3MF-W5315M-BLACK-3X,197223207689,12
TE,100-F3MF-W5315M-NOCTN-3X,197223180210,3
TE,100-F3MF-W5315M-SEAGL-1X,197223205326,29
TE,100-F3MF-W5315M-SEAGL-2X,197223205333,26
TE,100-F3MF-W5315M-SEAGL-3X,197223205340,18
TE,100-F3MF-W5315M-SEAGL-L,197223205302,44
TE,100-F3MF-W5315M-SEAGL-XL,197223205319,47
TE,100-F3MND-W6059M-SESLT-2X,197223171591,8
TE,100-F3MND-W6059M-SESLT-3X,197223171607,5
TE,100-F3MPW-K5319M-BLACK-XXS,197223208068,1
TE,100-F3NTI-T5792M-BLACK-M,197223184782,1
TE,100-F3OET-P4664M-BLACK-2X,197223277842,1
TE,100-F3OET-P4664M-FROST-2X,197223278047,3
TE,100-F3PNH-W5813M-RIVER-S,197223185437,1
TE,100-F3QWD-W5901M-DPADR-XL,197223271109,1
TE,100-F3RBC-P4656M-BLSPR-S,197223110040,1
TE,100-F3RJO-T5963M-BLACK-XXS,197223243670,5
TE,100-F3SOJ-T6071M-BLACK-XXS,197223116844,8
TE,100-F3TDC-P4666M-RDCDR-3X,197223197584,4
TE,100-F3TFF-D5059M-BLACK-L,197223120841,12
TE,100-F3TFF-D5059M-BLACK-M,197223120834,8
TE,100-F3TFF-D5059M-BLACK-S,197223120827,1
TE,100-F3TFF-D5059M-BLACK-XL,197223120858,28
TE,100-F3TFF-D5059M-BLACK-XS,197223120810,17
TE,100-F3TFF-D5059M-BLACK-XXS,197223120803,29
TE,100-F3TFF-D5059P-BLACK-PP,197223208747,6
TE,100-F3TFF-P4831M-BLACK-XS,197223341826,18
TE,100-F3TFF-P4831M-BLACK-XXS,197223341819,16
TE,100-F3TFF-U4284M-BLACK-XS,197223129752,5
TE,100-F3TFF-U4284M-BLACK-XXS,197223129745,31
TE,100-F3TJH-J5613M-BLACK-1X,197223130680,13
TE,100-F3TJH-J5613M-BLACK-2X,197223130697,17
TE,100-F3TJH-J5613M-BLACK-3X,197223130703,30
TE,100-F3TJH-J5613M-BLACK-XL,197223130673,19
TE,100-F3TJH-J5613M-NOCTN-S,197223130864,1
TE,100-F3TJH-J5619M-IVY-XXS,197223160755,2
TE,100-F3TJH-P0696M-CASIS-3X,197223131588,5
TE,100-F3TJH-P0696M-CASIS-XL,197223131557,4
TE,100-F3TJH-P0696M-CASIS-XS,197223131519,2
TE,100-F3TJH-P0696M-CASIS-XXS,197223131502,14
TE,100-F3TJH-P0696M-IVY-3X,197223131694,1
TE,100-F3TJH-P4199M-BLACK-XXS,197223273356,2
TE,100-F3TJH-P4199M-IVORY-1X,197223280248,11
TE,100-F3TJH-P4199M-IVORY-2X,197223280255,16
TE,100-F3TJH-P4199M-IVORY-3X,197223280262,6
TE,100-F3TJH-P4199M-IVORY-L,197223280224,19
TE,100-F3TJH-P4199M-IVORY-M,197223280217,32
TE,100-F3TJH-P4199M-IVORY-XL,197223280231,17
TE,100-F3TJH-P4199M-IVORY-XS,197223280194,1
TE,100-F3TJH-P4199M-IVORY-XXS,197223280187,18
TE,100-F3TJH-P4607M-BLACK-M,197223131977,1
TE,100-F3TJH-P4607M-BLACK-S,197223131960,8
TE,100-F3TJH-P4607M-BLACK-XL,197223131991,1
TE,100-F3TJH-P4607M-BLACK-XXS,197223131946,1
TE,100-F3TJH-P4610M-BLACK-XXS,197223132493,19
TE,100-F3TJH-P4610P-BLACK-PL,197223224433,1
TE,100-F3TJH-P4655M-BLACK-3X,197223132905,3
TE,100-F3TJH-P4655M-BLACK-XXS,197223132820,26
TE,100-F3TJH-P4704M-BLACK-3X,197223133230,9
TE,100-F3TJH-P4708M-BLACK-XXS,197223255420,23
TE,100-F3TJH-P4708M-OCEAN-3X,197223278559,2
TE,100-F3TJH-P4708M-OCEAN-XXS,197223278474,15
TE,100-F3TK1-P0696M-CASIS-XXS,197223134893,20
TE,100-F3TK1-P0696M-IVY-XS,197223135234,10
TE,100-F3TK1-P0696M-IVY-XXS,197223135227,19
TE,100-F3TK1-P0696M-METOR-1X,197223135395,28
TE,100-F3TK1-P0696M-METOR-3X,197223135418,3
TE,100-F3TK1-P0696M-METOR-L,197223135371,54
TE,100-F3TK1-P0696M-METOR-M,197223135364,5
TE,100-F3TK1-P0696M-METOR-S,197223135357,41
TE,100-F3TK1-P0696M-METOR-XL,197223135388,72
TE,100-F3TK1-P0696M-METOR-XS,197223135340,45
TE,100-F3TK1-P0696M-METOR-XXS,197223135333,29
TE,100-F3TK1-P0696M-NOCTN-XXS,197223135449,40
TE,100-F3TK1-P0696M-OCEAN-1X,197223228585,51
TE,100-F3TK1-P0696M-OCEAN-2X,197223228592,9
TE,100-F3TK1-P0696M-OCEAN-3X,197223228608,20
TE,100-F3TK1-P0696M-OCEAN-L,197223228561,64
TE,100-F3TK1-P0696M-OCEAN-M,197223228554,27
TE,100-F3TK1-P0696M-OCEAN-S,197223228547,53
TE,100-F3TK1-P0696M-OCEAN-XL,197223228578,74
TE,100-F3TK1-P0696M-OCEAN-XS,197223228530,55
TE,100-F3TK1-P0696M-OCEAN-XXS,197223228523,42
TE,100-F3TK1-P0696P-OCEAN-PP,197223285083,25
TE,100-F3TK1-P0696P-OCEAN-PS,197223285090,12
TE,100-F3TK-P4655M-CASIS-XS,197223200680,39
TE,100-F3TK-P4655M-CASIS-XXS,197223200673,40
TE,100-F3TK-P4655M-OCEAN-S,197223280309,42
TE,100-F3TK-P4655M-OCEAN-XS,197223280293,69
TE,100-F3TK-P4655M-OCEAN-XXS,197223280286,56
TE,100-F3TK-P4655P-BLACK-PP,197223134244,2
TE,100-F3TK-P4655P-CASIS-PP,197223227212,4
TE,100-F3TK-P4655P-OCEAN-PP,197223285038,23
TE,100-F3TK-P4655P-OCEAN-PS,197223285045,12
TE,100-F3TK-P4699M-BLACK-XXS,197223134350,14
TE,100-F3TRE-P1841M-BLACK-XL,886884856557,1
TE,100-F3VL2-P4713M-CASIS-L,197223137634,1
TE,100-F3VL2-P4713M-CASIS-M,197223137627,1
TE,100-F3VL2-T6084M-CASIS-3X,197223138990,4
TE,100-F3VL2-T6084M-SERPN-L,197223153108,1
TE,100-F3VL2-T6084M-SWTPL-M,197223139270,1
TE,100-F3WFK-J5657M-BLACK-L,197223139836,14
TE,100-F3WFK-J5657M-BLACK-M,197223139829,12
TE,100-F3WFK-J5657M-BLACK-S,197223139812,17
TE,100-F3WFK-J5657M-BLACK-XS,197223139805,29
TE,100-F3WFK-J5657M-CASIS-L,197223140054,13
TE,100-F3WFK-J5657M-CASIS-M,197223140047,24
TE,100-F3WFK-J5657M-CASIS-S,197223140030,7
TE,100-F3WFK-J5657M-CASIS-XS,197223140023,32
TE,100-F3WFK-J5657M-CASIS-XXS,197223140016,12
TE,100-F3WQ9-T5458M-BLACK-L,197223330271,1
TE,100-F3ZQL-P4662M-OCEAN-XS,197223268758,1
TE,100-F3ZQL-P4662M-OCEAN-XXS,197223268741,21
TE,100-F4AJH-D5304M-WHITE-1X,197223474517,2
TE,100-F4AJH-D5304M-WHITE-2X,197223474524,16
TE,100-F4AJH-D5304M-WHITE-3X,197223474531,5
TE,100-F4AJH-T6086M-AMTHY-S,197223570929,23
TE,100-F4AJH-T6086M-AMTHY-XS,197223570912,37
TE,100-F4AJH-T6086M-AMTHY-XXS,197223570905,34
TE,100-F4AJH-T6086M-BLACK-XS,197223571018,18
TE,100-F4AJH-T6086M-BLACK-XXS,197223571001,28
TE,100-F4AJH-T6086M-DPADR-1X,197223645894,6
TE,100-F4AJH-T6086M-DPADR-3X,197223645917,2
TE,100-F4AJH-T6086M-DPADR-L,197223645870,5
TE,100-F4AJH-T6086M-DPADR-M,197223645863,4
TE,100-F4AJH-T6086M-DPADR-S,197223645856,2
TE,100-F4AJH-T6086M-DPADR-XXS,197223645832,7
TE,100-F4AJH-T6086M-OPAL-XS,197223571117,25
TE,100-F4AJH-T6086M-OPAL-XXS,197223571100,23
TE,100-F4AJH-T6086P-AMTHY-PP,197223639671,22
TE,100-F4AJH-T6086P-AMTHY-PS,197223639688,2
TE,100-F4AJH-T6086P-BLACK-PP,197223639725,21
TE,100-F4AJH-T6086P-BLACK-PS,197223639732,27
TE,100-F4AJH-T6086P-DPADR-PL,197223658351,2
TE,100-F4AJH-T6086P-DPADR-PM,197223658344,3
TE,100-F4AJH-T6086P-DPADR-PP,197223658320,20
TE,100-F4AJH-T6086P-DPADR-PS,197223658337,10
TE,100-F4AJH-T6109M-AZALA-1X,197223650546,20
TE,100-F4AJH-T6109M-AZALA-2X,197223650553,14
TE,100-F4AJH-T6109M-AZALA-3X,197223650560,14
TE,100-F4AJH-T6109M-WHITE-1X,197223650645,47
TE,100-F4AJH-T6109M-WHITE-2X,197223650652,29
TE,100-F4AJH-T6109M-WHITE-3X,197223650669,31
TE,100-F4AJH-T6109M-WHITE-L,197223650621,36
TE,100-F4AJH-T6109M-WHITE-M,197223650614,8
TE,100-F4AJH-T6109M-WHITE-S,197223650607,3
TE,100-F4AJH-T6109M-WHITE-XL,197223650638,61
TE,100-F4AJH-T6210M-BLACK-M,197223474982,16
TE,100-F4AJH-T6210M-BLACK-XXS,197223474951,4
TE,100-F4AJH-T6210M-WHITE-XL,197223475200,3
TE,100-F4AJH-T6210M-WHITE-XXS,197223475156,4
TE,100-F4AJH-T6217M-WHITE-2X,197223533092,17
TE,100-F4AJH-T6217M-WHITE-L,197223533061,8
TE,100-F4AJH-T6217M-WHITE-M,197223533054,37
TE,100-F4AJH-T6217M-WHITE-S,197223533047,19
TE,100-F4AJH-T6217M-WHITE-XL,197223533078,19
TE,100-F4AJH-T6217M-WHITE-XS,197223533030,19
TE,100-F4AJH-T6217P-WHITE-PL,197223658405,31
TE,100-F4AJH-T6217P-WHITE-PM,197223658399,34
TE,100-F4AJH-T6217P-WHITE-PP,197223658375,7
TE,100-F4AJH-T6217P-WHITE-PS,197223658382,35
TE,100-F4BBO-W6203M-BISCU-M,197223762744,17
TE,100-F4BBO-W6203M-BISCU-S,197223762737,15
TE,100-F4BBO-W6203M-BISCU-XS,197223762720,4
TE,100-F4BBO-W6203P-BISCU-PL,197223763246,23
TE,100-F4BBO-W6203P-BISCU-PM,197223763239,28
TE,100-F4BBO-W6203P-BISCU-PP,197223763215,13
TE,100-F4BBO-W6203P-BISCU-PS,197223763222,20
TE,100-F4BBO-W6203P-BLACK-PM,197223763284,12
TE,100-F4BBO-W6203P-BLACK-PP,197223763260,14
TE,100-F4BBO-W6203P-BLACK-PS,197223763277,22
TE,100-F4BDE-P4679M-ASPHT-3X,197223572640,4
TE,100-F4BDE-P4679M-BLACK-2X,197223572732,12
TE,100-F4BDE-P4679M-BLACK-3X,197223572749,13
TE,100-F4BDE-P4679M-BLACK-S,197223572688,1
TE,100-F4BDE-P4679M-BLACK-XS,197223572671,9
TE,100-F4BDE-P4679M-BLACK-XXS,197223572664,12
TE,100-F4BDE-P4679P-BLACK-PP,197223664826,7
TE,100-F4BFL-T6175M-DOVE-M,197223573036,4
TE,100-F4BFL-T6175M-DOVE-S,197223573029,4
TE,100-F4BFL-T6175M-DOVE-XS,197223573012,3
TE,100-F4BFL-T6175M-DPADR-L,197223573142,4
TE,100-F4BFL-T6175M-WREN-L,197223573340,10
TE,100-F4BFL-T6175M-WREN-S,197223573326,9
TE,100-F4BFL-T6175M-WREN-XL,197223573357,3
TE,100-F4BJS-P4716M-ALMND-1X,197223574163,22
TE,100-F4BJS-P4716M-ALMND-2X,197223574170,5
TE,100-F4BJS-P4716M-ALMND-3X,197223574187,7
TE,100-F4BJS-P4716M-ALMND-L,197223574149,47
TE,100-F4BJS-P4716M-ALMND-M,197223574132,12
TE,100-F4BJS-P4716M-ALMND-S,197223574125,17
TE,100-F4BJS-P4716M-ALMND-XL,197223574156,16
TE,100-F4BJS-P4716M-ALMND-XS,197223574118,22
TE,100-F4BJS-P4716M-ALMND-XXS,197223574101,14
TE,100-F4BJS-P4716M-BLACK-3X,197223574286,1
TE,100-F4BJS-P4716M-BLACK-L,197223574248,6
TE,100-F4BJS-P4716M-BLACK-XL,197223574255,3
TE,100-F4BJS-P4716P-ALMND-PL,197223675907,8
TE,100-F4BJS-P4716P-ALMND-PP,197223675877,6
TE,100-F4BOB-J5755M-BLACK-3X,197223575283,13
TE,100-F4BOB-J5759M-CHALK-2X,197223575771,3
TE,100-F4BOB-J5759M-CHALK-3X,197223575788,10
TE,100-F4BOB-P4698M-CHALK-1X,197223648109,14
TE,100-F4BOB-P4698M-CHALK-3X,197223648123,2
TE,100-F4BOB-P4698M-CHALK-L,197223648086,16
TE,100-F4BOB-P4698M-CHALK-XL,197223648093,13
TE,100-F4BOB-P4812M-CHALK-1X,197223577164,20
TE,100-F4BOB-P4812M-CHALK-2X,197223577171,8
TE,100-F4BOB-P4812M-CHALK-L,197223577140,17
TE,100-F4BOB-P4812M-CHALK-XL,197223577157,15
TE,100-F4BOB-S4400M-BLACK-1X,197223682578,10
TE,100-F4BOB-S4400M-BLACK-2X,197223682585,5
TE,100-F4BOB-S4400M-BLACK-3X,197223682592,11
TE,100-F4BOB-S4400M-BLACK-XL,197223682561,26
TE,100-F4BSR-W6173M-AMTHY-3X,197223634010,4
TE,100-F4BSR-W6173M-BLACK-3X,197223634119,7
TE,100-F4BWC-C2201M-SCALT-3X,197223648628,4
TE,100-F4BWC-C2201M-SCALT-M,197223648574,2
TE,100-F4BWC-C2201M-SCALT-S,197223648567,4
TE,100-F4BWC-C2201M-SCALT-XS,197223648550,4
TE,100-F4BWC-J5765M-CHAR-S,197223699781,2
TE,100-F4BWC-J5765M-SCALT-S,197223578567,2
TE,100-F4BWC-V1319M-BLACK-1X,197223578802,2
TE,100-F4BWC-V1319M-CHAR-2X,197223578918,6
TE,100-F4BWC-V1319M-CHAR-3X,197223578925,8
TE,100-F4BWC-V1319M-CHAR-L,197223578888,2
TE,100-F4BWC-V1319M-CHAR-XL,197223578895,2
TE,100-F4CNM-W6179M-ALMND-XS,197223720843,13
TE,100-F4CNM-W6179M-ALMND-XXS,197223720836,20
TE,100-F4CQV-W6094M-DOVE-1X,197223640387,31
TE,100-F4CQV-W6094M-DOVE-2X,197223640394,5
TE,100-F4CQV-W6094M-DOVE-3X,197223640400,13
TE,100-F4CYP-N1486M-BISCU-L/XL,197223722557,53
TE,100-F4CYP-N1486M-BISCU-S/M,197223722540,27
TE,100-F4CYP-N1486M-BISCU-XX/XS,197223722533,7
TE,100-F4CYS-T6337M-INK-XS,197223803218,13
TE,100-F4CYS-T6337M-INK-XXS,197223803201,27
TE,100-F4DNN-W6180M-SESLT-1X,197223676133,8
TE,100-F4DNN-W6180M-SESLT-2X,197223676140,7
TE,100-F4DNN-W6180M-SESLT-3X,197223676157,15
TE,100-F4DNN-W6180M-SESLT-XL,197223676126,9
TE,100-F4DSE-D5325M-BLACK-M,197223583141,20
TE,100-F4DSE-D5325M-BLACK-S,197223583134,27
TE,100-F4DSE-D5325M-BLACK-XS,197223583127,19
TE,100-F4DSE-D5325M-BLACK-XXS,197223583110,14
TE,100-F4DSE-D5325M-WREN-M,197223583448,28
TE,100-F4DSE-D5325M-WREN-S,197223583431,39
TE,100-F4DSE-D5325M-WREN-XS,197223583424,29
TE,100-F4DSE-D5325M-WREN-XXS,197223583417,23
TE,100-F4DSE-D5325P-BLACK-PL,197223676201,6
TE,100-F4DSE-D5325P-BLACK-PM,197223676195,10
TE,100-F4DSE-D5325P-BLACK-PP,197223676171,15
TE,100-F4DSE-D5325P-WREN-PL,197223666608,13
TE,100-F4DSE-D5325P-WREN-PM,197223666592,13
TE,100-F4DSE-D5325P-WREN-PP,197223666578,30
TE,100-F4DSE-D5325P-WREN-PS,197223666585,9
TE,100-F4DSE-P4787M-BLACK-M,197223583547,13
TE,100-F4DSE-P4787M-WREN-XL,197223676270,13
TE,100-F4DSE-T6261M-BLACK-M,197223584247,42
TE,100-F4DSE-T6261M-BLACK-S,197223584230,43
TE,100-F4DSE-T6261M-BLACK-XS,197223584223,17
TE,100-F4DSE-T6261M-BLACK-XXS,197223584216,16
TE,100-F4DSE-T6261M-BONE-1X,197223584377,19
TE,100-F4DSE-T6261M-BONE-2X,197223584384,4
TE,100-F4DSE-T6261M-BONE-L,197223584353,92
TE,100-F4DSE-T6261M-BONE-M,197223584346,123
TE,100-F4DSE-T6261M-BONE-S,197223584339,97
TE,100-F4DSE-T6261M-BONE-XL,197223584360,57
TE,100-F4DSE-T6261M-BONE-XS,197223584322,60
TE,100-F4DSE-T6261M-BONE-XXS,197223584315,39
TE,100-F4FTE-D5297M-HLTRP-1X,197223476054,1
TE,100-F4FTE-D5297M-HLTRP-3X,197223476078,14
TE,100-F4FTE-T5425M-HLTRP-2X,197223477167,8
TE,100-F4FTE-T5425M-HLTRP-3X,197223477174,6
TE,100-F4FTE-T6235M-AZALA-1X,197223585817,19
TE,100-F4FTE-T6235M-AZALA-L,197223585794,48
TE,100-F4FTE-T6235M-AZALA-M,197223585787,63
TE,100-F4FTE-T6235M-AZALA-S,197223585770,28
TE,100-F4FTE-T6235M-AZALA-XL,197223585800,47
TE,100-F4FTE-T6235M-AZALA-XS,197223585763,26
TE,100-F4FTE-T6235M-AZALA-XXS,197223585756,24
TE,100-F4FTE-T6235M-WHITE-1X,197223586012,22
TE,100-F4FTE-T6235M-WHITE-2X,197223586029,17
TE,100-F4FTE-T6235M-WHITE-XL,197223586005,16
TE,100-F4FTE-T6259M-BLACK-L,197223586197,1
TE,100-F4FTE-T6259M-BLACK-XL,197223586203,2
TE,100-F4FTE-T6260M-BLACK-1X,197223586616,8
TE,100-F4FTE-T6260M-BLACK-3X,197223586630,5
TE,100-F4FTE-T6260M-BLACK-S,197223586579,6
TE,100-F4FTE-T6260M-BLACK-XL,197223586609,7
TE,100-F4FTE-T6260M-BLACK-XS,197223586562,7
TE,100-F4FTE-T6260M-BLACK-XXS,197223586555,21
TE,100-F4FVF-W5858M-BLKWH-1X,197223477457,4
TE,100-F4FVF-W5858M-BLKWH-2X,197223477464,16
TE,100-F4FVF-W5858M-BLKWH-3X,197223477471,2
TE,100-F4FYW-P4561M-INK-XXS,197223648840,17
TE,100-F4FYW-P4597M-BLACK-2X,197223588481,3
TE,100-F4FYW-P4597M-BLACK-3X,197223588498,3
TE,100-F4FYW-P4597M-BLACK-L,197223588450,7
TE,100-F4FYW-P4597M-BLACK-M,197223588443,3
TE,100-F4FYW-P4597M-BLACK-S,197223588436,3
TE,100-F4FYW-P4597M-BLACK-XL,197223588467,2
TE,100-F4FYW-P4597M-BLACK-XS,197223588429,3
TE,100-F4FYW-P4813M-SESLT-1X,197223644798,24
TE,100-F4FYW-P4813M-SESLT-2X,197223644804,14
TE,100-F4FYW-P4813M-SESLT-3X,197223644811,8
TE,100-F4FYW-P4813M-SESLT-L,197223644774,12
TE,100-F4FYW-P4813M-SESLT-XL,197223644781,11
TE,100-F4FYW-P4825M-BISCU-1X,197223724292,4
TE,100-F4FYW-P4825M-BISCU-XL,197223724285,5
TE,100-F4FYW-T6244M-BLACK-XS,197223590125,26
TE,100-F4FYW-T6244M-BLACK-XXS,197223590118,23
TE,100-F4FYW-T6244M-INK-XXS,197223751540,6
TE,100-F4FYW-T6244M-REDWD-1X,197223590378,2
TE,100-F4FYW-T6244M-REDWD-2X,197223590385,2
TE,100-F4FYW-T6244M-REDWD-3X,197223590392,2
TE,100-F4FYW-T6244M-REDWD-L,197223590354,1
TE,100-F4FYW-T6244M-REDWD-M,197223590347,1
TE,100-F4FYW-T6244M-REDWD-S,197223590330,2
TE,100-F4FYW-T6244M-REDWD-XL,197223590361,2
TE,100-F4FYW-T6244M-REDWD-XXS,197223590316,1
TE,100-F4FYW-T6244M-WREN-2X,197223590583,1
TE,100-F4FYW-T6244M-WREN-3X,197223590590,7
TE,100-F4FYW-T6244M-WREN-XL,197223590569,2
TE,100-F4FYW-T6244P-BLACK-PP,197223667872,8
TE,100-F4FYZ-T6241M-BLASH-1X,197223590675,3
TE,100-F4FYZ-T6241M-BLASH-2X,197223590682,3
TE,100-F4FYZ-T6241M-BLASH-3X,197223590699,3
TE,100-F4FYZ-T6241M-BLASH-L,197223590651,3
TE,100-F4FYZ-T6241M-BLASH-M,197223590644,8
TE,100-F4FYZ-T6241M-BLASH-S,197223590637,4
TE,100-F4FYZ-T6241M-BLASH-XL,197223590668,2
TE,100-F4FYZ-T6241M-BLASH-XS,197223590620,3
TE,100-F4FYZ-T6241M-BLASH-XXS,197223590613,3
TE,100-F4FYZ-T6244M-BLASH-1X,197223635413,12
TE,100-F4FYZ-T6244M-BLASH-2X,197223635420,4
TE,100-F4FYZ-T6244M-BLASH-3X,197223635437,3
TE,100-F4FYZ-T6244M-BLASH-L,197223635390,3
TE,100-F4FYZ-T6244M-BLASH-M,197223635383,9
TE,100-F4FYZ-T6244M-BLASH-S,197223635376,8
TE,100-F4FYZ-T6244M-BLASH-XL,197223635406,7
TE,100-F4FYZ-T6244M-BLASH-XS,197223635369,6
TE,100-F4FYZ-T6244M-BLASH-XXS,197223635352,3
TE,100-F4GC1-D5315M-AZALA-1X,197223591771,56
TE,100-F4GC1-D5315M-AZALA-2X,197223591788,33
TE,100-F4GC1-D5315M-AZALA-3X,197223591795,33
TE,100-F4GC1-D5315M-AZALA-L,197223591757,135
TE,100-F4GC1-D5315M-AZALA-M,197223591740,176
TE,100-F4GC1-D5315M-AZALA-S,197223591733,129
TE,100-F4GC1-D5315M-AZALA-XL,197223591764,106
TE,100-F4GC1-D5315M-AZALA-XS,197223591726,76
TE,100-F4GC1-D5315M-AZALA-XXS,197223591719,48
TE,100-F4GC1-D5315M-HLTRP-1X,197223591979,57
TE,100-F4GC1-D5315M-HLTRP-2X,197223591986,38
TE,100-F4GC1-D5315M-HLTRP-3X,197223591993,28
TE,100-F4GC1-D5315M-HLTRP-L,197223591955,133
TE,100-F4GC1-D5315M-HLTRP-M,197223591948,157
TE,100-F4GC1-D5315M-HLTRP-S,197223591931,121
TE,100-F4GC1-D5315M-HLTRP-XL,197223591962,91
TE,100-F4GC1-T6217M-INFTY-S,197223726456,30
TE,100-F4GC1-T6217M-INFTY-XS,197223726449,37
TE,100-F4GC1-T6217M-INFTY-XXS,197223726432,31
TE,100-F4GC1-T6217P-INFTY-PM,197223763987,12
TE,100-F4GC1-T6217P-INFTY-PP,197223763963,11
TE,100-F4GC1-U4403M-BLACK-1X,197223594574,15
TE,100-F4GC1-U4403M-BLACK-2X,197223594581,8
TE,100-F4GC1-U4403M-DPADR-3X,197223594697,1
TE,100-F4GK-U2372M-INK-XXS,197223649441,6
TE,100-F4GK-U2372M-IVORY-L,197223520252,5
TE,100-F4GK-U2372M-IVORY-XXS,197223520214,3
TE,100-F4GSI-J5758M-BLACK-2X,197223597988,6
TE,100-F4GSI-J5758M-BLACK-L,197223597957,28
TE,100-F4JM-W5164M-SESLT-3X,197223602613,2
TE,100-F4JNZ-P4679M-ALMND-2X,197223603702,4
TE,100-F4JNZ-P4679M-ALMND-L,197223603672,41
TE,100-F4JNZ-P4679M-ALMND-M,197223603665,73
TE,100-F4JNZ-P4679M-ALMND-S,197223603658,34
TE,100-F4JNZ-P4679M-ALMND-XL,197223603689,46
TE,100-F4JNZ-P4679M-ALMND-XS,197223603641,1
TE,100-F4JNZ-P4679M-ALMND-XXS,197223603634,24
TE,100-F4JNZ-P4679M-BLACK-XS,197223603740,14
TE,100-F4JNZ-P4679P-ALMND-PS,197223676935,13
TE,100-F4JNZ-P4679P-BLACK-PL,197223671565,12
TE,100-F4JNZ-P4679P-BLACK-PM,197223671558,12
TE,100-F4JNZ-P4679P-BLACK-PS,197223671541,1
TE,100-F4JNZ-P4841M-BLACK-L,197223604075,4
TE,100-F4JNZ-P4841M-BLACK-XS,197223604044,4
TE,100-F4JNZ-P4841M-INK-XXS,197223653448,17
TE,100-F4MBL-W6174P-CHAR-PL,197223672111,20
TE,100-F4MBL-W6174P-CHAR-PM,197223672104,8
TE,100-F4MPW-K5420M-BISCU-L,197223758532,1
TE,100-F4MPW-K5420M-BISCU-M,197223758525,40
TE,100-F4MPW-K5420M-BISCU-S,197223758518,8
TE,100-F4MPW-K5420M-BISCU-XS,197223758501,14
TE,100-F4MPW-K5420M-BISCU-XXS,197223758495,10
TE,100-F4MPW-K5420M-BLACK-XS,197223636014,13
TE,100-F4MPW-K5420M-MPOAT-XXS,197223636304,22
TE,100-F4MPW-W6087M-OPAL-2X,197223546696,3
TE,100-F4MPW-W6087M-OPAL-L,197223546665,2
TE,100-F4OET-P4664M-BISCU-L,197223697534,4
TE,100-F4OET-P4664M-BISCU-M,197223697527,14
TE,100-F4OET-P4664M-BISCU-S,197223697510,19
TE,100-F4OET-P4664M-BISCU-XL,197223697541,5
TE,100-F4OET-P4664M-BISCU-XXS,197223697497,2
TE,100-F4OUT-W6160M-OPAL-1X,197223610137,16
TE,100-F4OUT-W6160M-OPAL-2X,197223610144,5
TE,100-F4OUT-W6160M-OPAL-3X,197223610151,5
TE,100-F4OUT-W6160M-OPAL-XL,197223610120,12
TE,100-F4PGG-T6031M-DENIM-2X,197223482086,4
TE,100-F4PNJ-K5264M-CSCDE-1X,197223563143,6
TE,100-F4PNJ-K5264M-CSCDE-2X,197223563150,18
TE,100-F4PNJ-K5264M-CSCDE-3X,197223563167,21
TE,100-F4PNJ-K5264M-SEAWD-2X,197223563259,2
TE,100-F4PNJ-K5264M-SEAWD-3X,197223563266,23
TE,100-F4PNJ-K5264M-SEAWD-XL,197223563235,5
TE,100-F4PNN-W6177M-BKIVY-1X,197223729990,30
TE,100-F4PNN-W6177M-BKIVY-L,197223729976,9
TE,100-F4PNN-W6177M-BKIVY-XL,197223729983,29
TE,100-F4QPE-P4805M-UNNAT-1X,197223611219,18
TE,100-F4QPE-P4805M-UNNAT-2X,197223611226,15
TE,100-F4QPE-P4805M-UNNAT-3X,197223611233,10
TE,100-F4QPE-P4805M-UNNAT-L,197223611196,3
TE,100-F4QPE-P4805M-UNNAT-XL,197223611202,22
TE,100-F4QPE-P4805M-UNNAT-XXS,197223611158,6
TE,100-F4QPE-P4805P-UNNAT-PL,197223640691,23
TE,100-F4QPE-P4805P-UNNAT-PP,197223640660,4
TE,100-F4QPE-P4810M-UNNAT-2X,197223611325,6
TE,100-F4QPE-P4810M-UNNAT-3X,197223611332,9
TE,100-F4QVB-J5754M-REED-1X,197223611516,3
TE,100-F4QVB-J5754M-REED-3X,197223611530,13
TE,100-F4QVB-J5754M-REED-L,197223611493,1
TE,100-F4QVB-P4810M-REED-2X,197223612322,1
TE,100-F4QVB-P4810M-REED-3X,197223612339,8
TE,100-F4QVB-P4810M-REED-M,197223612285,1
TE,100-F4RM9-C2202M-MPOAT-L,197223813736,82
TE,100-F4RMA-C2202M-BRSUG-L,197223737971,16
TE,100-F4RMA-C2202M-BRSUG-M,197223737964,17
TE,100-F4RMA-C2202M-BRSUG-S,197223737957,6
TE,100-F4RMA-C2202M-BRSUG-XL,197223737988,15
TE,100-F4RMA-C2202M-BRSUG-XXS,197223737933,3
TE,100-F4SJB-N1578M-CHALK-1X/2X,197223717515,9
TE,100-F4SJB-N1578M-CHALK-S/M,197223717492,27
TE,100-F4SJB-N1578M-CHALK-XX/XS,197223717485,1
TE,100-F4SJB-W6175M-BLACK-3X,197223686644,5
TE,100-F4SJB-W6175M-CHALK-1X,197223686729,8
TE,100-F4SJB-W6175M-CHALK-2X,197223686736,3
TE,100-F4SJB-W6175M-CHALK-XL,197223686712,10
TE,100-F4SM2-S4116M-DOVE-1X,197223616313,7
TE,100-F4SM2-S4116M-DOVE-2X,197223616320,4
TE,100-F4SM2-S4116M-DOVE-L,197223616290,6
TE,100-F4SM2-S4116M-DOVE-XL,197223616306,4
TE,100-F4SM2-S4116M-WREN-2X,197223616627,5
TE,100-F4SM2-S4116M-WREN-L,197223616597,2
TE,100-F4SM2-T6281M-BISCU-L,197223731573,1
TE,100-F4SM2-T6281M-BISCU-XS,197223731542,4
TE,100-F4SM2-T6281M-BISCU-XXS,197223731535,16
TE,100-F4SM2-T6311M-INK-M,197223759126,8
TE,100-F4SM2-T6311M-INK-S,197223759119,29
TE,100-F4SM2-T6311M-INK-XS,197223759102,28
TE,100-F4SM2-T6311M-INK-XXS,197223759096,35
TE,100-F4SM2-T6311P-INK-PM,197223764489,1
TE,100-F4SM2-T6311P-INK-PP,197223764465,21
TE,100-F4SM2-T6311P-INK-PS,197223764472,6
TE,100-F4SNA-W6155M-CHALK-1X,197223617518,4
TE,100-F4SNA-W6155M-FROST-1X,197223617815,5
TE,100-F4SNA-W6155M-RDPOY-1X,197223717225,20
TE,100-F4SNA-W6155M-RDPOY-2X,197223717232,13
TE,100-F4SNA-W6155M-RDPOY-3X,197223717249,16
TE,100-F4SNA-W6155M-RDPOY-L,197223717201,4
TE,100-F4SNA-W6155M-RDPOY-M,197223717195,3
TE,100-F4SNA-W6155M-RDPOY-S,197223717188,3
TE,100-F4SNA-W6155M-RDPOY-XL,197223717218,20
TE,100-F4SQG-W5924M-BISCU-L,197223733072,17
TE,100-F4SQG-W5924M-BISCU-M,197223733065,39
TE,100-F4SQG-W5924M-BISCU-S,197223733058,9
TE,100-F4SQG-W5924M-BISCU-XL,197223733089,19
TE,100-F4SQG-W5924M-BISCU-XS,197223733041,18
TE,100-F4TDC-P4666M-BLACK-2X,197223637479,5
TE,100-F4TDC-P4666M-BLACK-XXS,197223637400,4
TE,100-F4TDC-P4666M-TAUPE-3X,197223646334,3
TE,100-F4TFF-D5331M-BLACK-XXS,197223620952,7
TE,100-F4TFF-T6251M-REDWD-1X,197223622017,10
TE,100-F4TFF-T6251M-REDWD-2X,197223622024,12
TE,100-F4TFF-T6251M-REDWD-3X,197223622031,22
TE,100-F4TFF-T6251M-REDWD-L,197223621997,26
TE,100-F4TFF-T6251M-REDWD-S,197223621973,3
TE,100-F4TFF-T6251M-REDWD-XL,197223622000,22
TE,100-F4TJH-J5613M-BLACK-1X,197223674092,17
TE,100-F4TJH-J5613M-BLACK-2X,197223674108,19
TE,100-F4TJH-J5613M-BLACK-3X,197223674115,19
TE,100-F4TJH-J5613M-BLACK-XL,197223674085,25
TE,100-F4TJH-P0696M-DOVE-XXS,197223646358,13
TE,100-F4TJH-P0696M-WREN-XXS,197223552420,11
TE,100-F4TJH-P4610M-BLACK-1X,197223553489,5
TE,100-F4TJH-P4610M-BLACK-2X,197223553496,1
TE,100-F4TJH-P4610M-BLACK-3X,197223553502,3
TE,100-F4TJH-P4610M-BLACK-L,197223553465,23
TE,100-F4TJH-P4610M-BLACK-M,197223553458,63
TE,100-F4TJH-P4610M-BLACK-S,197223553441,21
TE,100-F4TJH-P4610M-BLACK-XL,197223553472,9
TE,100-F4TJH-P4610M-BLACK-XXS,197223553427,20
TE,100-F4TJH-P4610P-BLACK-PS,197223674641,4
TE,100-F4TJH-P4708P-BLACK-PP,197223674832,5
TE,100-F4TJH-S4395M-BLACK-3X,197223623335,6
TE,100-F4TJH-S4395M-BLACK-XXS,197223623250,23
TE,100-F4TJH-S4399M-BLACK-2X,197223675204,2
TE,100-F4TJH-S4399M-BLACK-3X,197223675211,16
TE,100-F4TJH-V1314M-BLACK-3X,197223623434,9
TE,100-F4TK1-P0696M-REDWD-1X,197223555735,12
TE,100-F4TK1-P0696M-REDWD-L,197223555711,3
TE,100-F4TK1-P0696M-REDWD-M,197223555704,3
TE,100-F4TK1-P0696M-REDWD-S,197223555698,5
TE,100-F4TK1-P0696M-REDWD-XL,197223555728,2
TE,100-F4TK1-P0696M-REDWD-XS,197223555681,5
TE,100-F4TK1-P0696M-REDWD-XXS,197223555674,40
TE,100-F4ULO-P4811M-ALMND-S,197223624936,46
TE,100-F4ULO-P4811M-ALMND-XL,197223624967,38
TE,100-F4ULO-P4811M-ALMND-XS,197223624929,26
TE,100-F4ULO-P4811P-ALMND-PL,197223677482,16
TE,100-F4ULO-P4811P-ALMND-PM,197223677475,5
TE,100-F4ULO-P4850M-ALMND-1X,197223739920,17
TE,100-F4ULO-P4850M-ALMND-2X,197223739937,2
TE,100-F4ULO-P4850M-ALMND-3X,197223739944,5
TE,100-F4ULO-P4850M-ALMND-L,197223739906,17
TE,100-F4ULO-P4850M-ALMND-XL,197223739913,27
TE,100-F4ULO-P4850M-BISCU-1X,197223741725,17
TE,100-F4ULO-P4850M-BISCU-2X,197223741732,14
TE,100-F4ULO-P4850M-BISCU-3X,197223741749,2
TE,100-F4ULO-P4850M-BISCU-XL,197223741718,4
TE,100-F4ULO-T6217M-BLACK-XXS,197223734437,14
TE,100-F4ULO-T6250M-ALMND-2X,197223625384,13
TE,100-F4ULO-T6250M-ALMND-3X,197223625391,17
TE,100-F4ULO-T6250M-ALMND-L,197223625353,6
TE,100-F4ULO-T6250M-ALMND-XL,197223625360,17
TE,100-F4ULO-T6250M-BISCU-1X,197223655565,23
TE,100-F4ULO-T6250M-BISCU-L,197223655541,29
TE,100-F4ULO-T6250M-BISCU-M,197223655534,4
TE,100-F4ULO-T6250M-BISCU-XL,197223655558,32
TE,100-F4ULO-T6250M-BISCU-XXS,197223655503,9
TE,100-F4VBZ-J5753M-DOVE-1X,197223625834,16
TE,100-F4VBZ-J5753M-DOVE-3X,197223625858,14
TE,100-F4VBZ-J5753M-DOVE-L,197223625810,20
TE,100-F4VBZ-J5753M-DOVE-M,197223625803,18
TE,100-F4VBZ-J5753M-DOVE-S,197223625797,10
TE,100-F4VBZ-J5753M-DOVE-XL,197223625827,17
TE,100-F4WAA-W6215M-DKPRL-1X,197223851875,6
TE,100-F4WAA-W6215M-DKPRL-2X,197223851882,4
TE,100-F4WAA-W6215M-DKPRL-L,197223851851,31
TE,100-F4WAA-W6215M-DKPRL-M,197223851844,23
TE,100-F4WAA-W6215M-DKPRL-S,197223851837,12
TE,100-F4WAA-W6215M-DKPRL-XL,197223851868,11
TE,100-F4WAA-W6215M-DKPRL-XXS,197223851813,2
TE,100-F4WAA-W6215M-DPDIV-L,197223851950,24
TE,100-F4WAA-W6215M-DPDIV-M,197223851943,18
TE,100-F4WAA-W6215M-DPDIV-S,197223851936,4
TE,100-F4XOR-T5541M-CSCDE-1X,197223485773,5
TE,100-F4YUH-J5756M-BLACK-2X,197223631606,1
TE,100-F4YUH-P4840M-REDWD-1X,197223698326,2
TE,100-F4YUH-P4840M-REDWD-S,197223698289,5
TE,100-F4YUH-P4840M-REDWD-XL,197223698319,6
TE,100-F4YUH-P4840M-REDWD-XS,197223698272,8
TE,100-F4YUH-P4840M-REDWD-XXS,197223698265,6
TE,100-F4YUH-P4840M-TAUPE-2X,197223698449,6
TE,100-F4YUH-P4840M-TAUPE-3X,197223698456,4
TE,100-F4YUH-P4840M-TAUPE-L,197223698418,12
TE,100-F4YUH-P4840M-TAUPE-XL,197223698425,15
TE,100-F4YUH-P4840M-TAUPE-XXS,197223698371,6
TE,100-F4ZQL-S4409M-PINE-XL,197223632887,6
TE,100-F4ZQL-S4409M-PINE-XS,197223632849,3
TE,100-S3JRD-J5558M-WHITE-3X,196124916294,1
TE,100-S4AJC-W6144M-IVORY-1X,197223394198,21
TE,100-S4AJC-W6144M-IVORY-2X,197223394204,22
TE,100-S4AJC-W6144M-IVORY-3X,197223394211,26
TE,100-S4AJC-W6144M-IVORY-L,197223394174,11
TE,100-S4AJC-W6144M-IVORY-XL,197223394181,36
TE,100-S4AJC-W6144M-NMBUS-1X,197223394297,12
TE,100-S4AJC-W6144M-NMBUS-2X,197223394303,15
TE,100-S4AJC-W6144M-NMBUS-3X,197223394310,14
TE,100-S4AJC-W6144M-NMBUS-S,197223394259,2
TE,100-S4AJC-W6144M-NMBUS-XL,197223394280,14
TE,100-S4AJC-W6144M-OCEAN-2X,197223394402,4
TE,100-S4AJC-W6144M-OCEAN-3X,197223394419,5
TE,100-S4AJC-W6144M-OCEAN-M,197223394365,1
TE,100-S4AJC-W6144M-SEAFM-1X,197223430117,1
TE,100-S4AJC-W6144M-SEAFM-3X,197223430131,9
TE,100-S4AJC-W6144M-SEAFM-XL,197223430100,7
TE,100-S4AJH-D5293M-CALYP-2X,197223394600,1
TE,100-S4AJH-J5750M-BLACK-1X,197223454618,2
TE,100-S4AJH-J5750M-BLACK-3X,197223454632,3
TE,100-S4AJH-J5750M-BLACK-L,197223454595,3
TE,100-S4AJH-J5750M-BLACK-M,197223454588,11
TE,100-S4AJH-J5750M-BLACK-S,197223454571,9
TE,100-S4AJH-J5750M-BLACK-XL,197223454601,7
TE,100-S4AJH-J5750M-BLACK-XS,197223454564,11
TE,100-S4AJH-J5750M-BLACK-XXS,197223454557,11
TE,100-S4AJH-J5750M-NMBUS-1X,197223454717,9
TE,100-S4AJH-J5750M-NMBUS-2X,197223454724,10
TE,100-S4AJH-J5750M-NMBUS-3X,197223454731,5
TE,100-S4AJH-J5750M-OCEAN-M,197223454786,1
TE,100-S4AJH-P4698M-NMBUS-1X,197223423072,7
TE,100-S4AJH-P4798M-CALYP-L,197223423355,24
TE,100-S4AJH-P4798M-CALYP-M,197223423348,20
TE,100-S4AJH-P4798M-CALYP-S,197223423331,12
TE,100-S4AJH-P4798M-CALYP-XL,197223423362,4
TE,100-S4AJH-P4798M-CALYP-XXS,197223423317,1
TE,100-S4AJH-T5704M-WHITE-3X,197223442783,6
TE,100-S4AJH-T5704M-WHITE-XL,197223442752,27
TE,100-S4AJH-T5705M-BLACK-M,197223286233,1
TE,100-S4AJH-T5705M-BLACK-XS,197223286219,27
TE,100-S4AJH-T5705M-BLACK-XXS,197223286202,29
TE,100-S4AJH-T5705M-FLAME-L,197223442844,1
TE,100-S4AJH-T5705M-FLAME-XS,197223442813,14
TE,100-S4AJH-T5705M-FLAME-XXS,197223442806,10
TE,100-S4AJH-T5705M-SSTAR-XXS,197223442905,3
TE,100-S4AJH-T5705M-WHITE-XXS,197223286301,2
TE,100-S4AJH-T5705P-BLACK-PM,197223354031,1
TE,100-S4AJH-T5705P-BLACK-PP,197223354017,11
TE,100-S4AJH-T5705P-BLACK-PS,197223354024,14
TE,100-S4AJH-T5705P-FLAME-PP,197223485919,5
TE,100-S4AJH-T5705P-FLAME-PS,197223485926,1
TE,100-S4AJH-T6108M-WHITE-XXS,197223286509,22
TE,100-S4AJH-T6109M-BLACK-1X,197223286660,20
TE,100-S4AJH-T6109M-BLACK-2X,197223286677,15
TE,100-S4AJH-T6109M-BLACK-3X,197223286684,12
TE,100-S4AJH-T6109M-BLACK-L,197223286646,12
TE,100-S4AJH-T6109M-BLACK-XL,197223286653,53
TE,100-S4AJH-T6109M-CTRON-XS,197223286714,1
TE,100-S4AJH-T6109M-GRVE-3X,197223286882,11
TE,100-S4AJH-T6109M-GRVE-XL,197223286851,11
TE,100-S4AJH-T6109M-WHITE-1X,197223286967,40
TE,100-S4AJH-T6109M-WHITE-2X,197223286974,26
TE,100-S4AJH-T6109M-WHITE-3X,197223286981,35
TE,100-S4AJH-T6109M-WHITE-L,197223286943,48
TE,100-S4AJH-T6109M-WHITE-XL,197223286950,94
TE,100-S4AJH-T6217M-WHITE-2X,197223395805,1
TE,100-S4AJH-T6217M-WHITE-L,197223395775,30
TE,100-S4AJH-T6217M-WHITE-M,197223395768,74
TE,100-S4AJH-T6217M-WHITE-S,197223395751,9
TE,100-S4AJH-T6217M-WHITE-XL,197223395782,25
TE,100-S4AJH-T6217M-WHITE-XS,197223395744,17
TE,100-S4AJH-T6217M-WHITE-XXS,197223395737,11
TE,100-S4AJH-T6217P-WHITE-PL,197223496441,25
TE,100-S4AJH-T6217P-WHITE-PM,197223496434,30
TE,100-S4AJH-T6217P-WHITE-PP,197223496410,3
TE,100-S4AJH-T6217P-WHITE-PS,197223496427,15
TE,100-S4AJH-T6231M-WHITE-3X,197223421474,3
TE,100-S4AKO-C2137M-FLAME-1X,197223430216,27
TE,100-S4AKO-C2137M-FLAME-2X,197223430223,7
TE,100-S4AKO-C2137M-FLAME-3X,197223430230,10
TE,100-S4AKO-C2137M-FLAME-L,197223430193,85
TE,100-S4AKO-C2137M-FLAME-M,197223430186,83
TE,100-S4AKO-C2137M-FLAME-S,197223430179,91
TE,100-S4AKO-C2137M-FLAME-XL,197223430209,63
TE,100-S4AKO-C2137M-FLAME-XS,197223430162,85
TE,100-S4AKO-C2137M-FLAME-XXS,197223430155,53
TE,100-S4AKO-C2137P-FLAME-PL,197223464723,49
TE,100-S4AKO-C2137P-FLAME-PM,197223464716,52
TE,100-S4AKO-C2137P-FLAME-PP,197223464693,64
TE,100-S4AKO-C2137P-FLAME-PS,197223464709,42
TE,100-S4BD-P4708M-CARBN-XXS,197223289463,1
TE,100-S4BD-P4708P-CARBN-PM,197223354338,1
TE,100-S4BQL-K3500M-OCEAN-XXS,197223382409,1
TE,100-S4BQL-W6094M-ATLAN-3X,197223390428,2
TE,100-S4BQL-W6094M-BONE-2X,197223342380,1
TE,100-S4BQL-W6098M-ATLAN-XL,197223291213,1
TE,100-S4BQL-W6098M-RHPDY-M,197223368168,1
TE,100-S4CXG-D5295M-ESMDA-M,197223396147,1
TE,100-S4CXG-P4798M-ALMND-M,197223500612,2
TE,100-S4CXG-P4798M-BLACK-L,197223516019,2
TE,100-S4CXG-P4799M-BLACK-1X,197223396574,1
TE,100-S4CXG-P4799M-BLACK-M,197223396543,2
TE,100-S4CXG-P4799M-NMBUS-1X,197223396772,3
TE,100-S4CXG-P4799M-NMBUS-2X,197223396789,1
TE,100-S4CXG-P4799M-NMBUS-S,197223396734,1
TE,100-S4CXG-P4799M-NMBUS-XL,197223396765,1
TE,100-S4CXG-P4799M-NMBUS-XS,197223396727,1
TE,100-S4CXG-P4799M-OCEAN-1X,197223396871,2
TE,100-S4CXG-P4799M-OCEAN-L,197223396857,1
TE,100-S4CXG-P4799M-OCEAN-M,197223396840,2
TE,100-S4CXG-P4799M-OCEAN-XL,197223396864,1
TE,100-S4CYN-W6142M-BONE-1X,197223342670,11
TE,100-S4CYN-W6142M-BONE-2X,197223342687,6
TE,100-S4CYN-W6142M-BONE-3X,197223342694,7
TE,100-S4CYN-W6142M-BONE-M,197223342649,2
TE,100-S4CYN-W6142M-BONE-S,197223342632,1
TE,100-S4CYS-T6196M-AGEAN-L,197223397359,1
TE,100-S4CYS-T6196M-BLACK-XS,197223397427,2
TE,100-S4CYS-T6196M-BLACK-XXS,197223397410,10
TE,100-S4CYS-T6196M-IVORY-1X,197223397571,6
TE,100-S4CYS-T6196M-IVORY-3X,197223397595,1
TE,100-S4CYS-T6196M-IVORY-L,197223397557,37
TE,100-S4CYS-T6196M-IVORY-M,197223397540,7
TE,100-S4CYS-T6196M-IVORY-XL,197223397564,16
TE,100-S4CYS-T6196M-IVORY-XS,197223397526,7
TE,100-S4CYS-T6196M-IVORY-XXS,197223397519,3
TE,100-S4DEF-P4787M-OCEAN-2X,197223334965,1
TE,100-S4DEF-P4787M-OCEAN-3X,197223334972,2
TE,100-S4FDZ-W6149M-WHITE-1X,197223446866,1
TE,100-S4FDZ-W6149M-WHITE-XL,197223446859,2
TE,100-S4FDZ-W6149M-WTMLN-L,197223446941,1
TE,100-S4FDZ-W6149M-WTMLN-M,197223446934,1
TE,100-S4FDZ-W6149M-WTMLN-XL,197223446958,2
TE,100-S4FNP-W6097M-BLACK-2X,197223293835,4
TE,100-S4FNP-W6097M-BLACK-3X,197223293842,1
TE,100-S4FNP-W6097M-BONE-1X,197223293927,10
TE,100-S4FNP-W6097M-BONE-2X,197223293934,7
TE,100-S4FNP-W6097M-BONE-3X,197223293941,11
TE,100-S4FNP-W6097M-BONE-XL,197223293910,22
TE,100-S4FNP-W6097M-GRVE-1X,197223294023,7
TE,100-S4FNP-W6097M-GRVE-2X,197223294030,11
TE,100-S4FNP-W6097M-GRVE-3X,197223294047,9
TE,100-S4FNP-W6097M-GRVE-XL,197223294016,18
TE,100-S4FNP-W6097M-GRVE-XXS,197223293965,1
TE,100-S4FTE-T5549M-CLWTR-M,197223509158,1
TE,100-S4FTE-T5549M-RHPDY-M,197223509257,1
TE,100-S4FTE-T6173M-AGEAN-M,197223454984,1
TE,100-S4FTE-T6173M-AGEAN-S,197223454977,1
TE,100-S4FTE-T6173M-WHITE-3X,197223455233,5
TE,100-S4FTE-U4274M-BLACK-L,197223464884,2
TE,100-S4FTJ-D5297M-BLACK-1X,197223445395,8
TE,100-S4FTJ-D5297M-BLACK-L,197223445371,28
TE,100-S4FTJ-D5297M-BLACK-M,197223445364,41
TE,100-S4FTJ-D5297M-BLACK-S,197223445357,16
TE,100-S4FTJ-D5297M-BLACK-XL,197223445388,20
TE,100-S4FTJ-D5297M-BLACK-XS,197223445340,4
TE,100-S4FTJ-D5297M-BLACK-XXS,197223445333,3
TE,100-S4FTJ-T6173M-BLACK-3X,197223501015,8
TE,100-S4FVF-K3500M-BLACK-XXS,197223461654,12
TE,100-S4FVF-K3500M-STEEL-XS,197223398226,21
TE,100-S4FVF-K3500M-STEEL-XXS,197223398219,21
TE,100-S4FVF-K3500M-WHITE-XXS,197223398318,4
TE,100-S4FVF-W5858M-AGEAN-L,197223366614,1
TE,100-S4FVF-W5858M-SSTAR-3X,197223366850,2
TE,100-S4FVF-W5858M-SSTAR-XL,197223366829,3
TE,100-S4FVF-W5858M-WHITE-2X,197223330806,3
TE,100-S4FVF-W5858M-WHITE-3X,197223330813,4
TE,100-S4FVF-W5858M-WHITE-XL,197223330783,2
TE,100-S4FVF-W6153M-STEEL-M,197223447436,1
TE,100-S4FVF-W6153M-WHITE-2X,197223447573,8
TE,100-S4FVF-W6153M-WHITE-3X,197223447580,9
TE,100-S4GBA-P4565M-WHITE-S,197223511298,1
TE,100-S4GBA-P4565M-WHITE-XL,197223511328,1
TE,100-S4GBA-P4565M-WHITE-XXS,197223511274,1
TE,100-S4GBA-P4803M-NMBUS-2X,197223447672,2
TE,100-S4GBA-P4803M-NMBUS-3X,197223447689,3
TE,100-S4GBA-P4803P-NMBUS-PL,197223492696,1
TE,100-S4GBA-T5705M-CALYP-XL,197223447856,2
TE,100-S4GBA-T5705P-WHITE-PS,197223493075,1
TE,100-S4GBA-T6212M-OCEAN-M,197223401544,1
TE,100-S4GBA-T6217M-ESMDA-S,197223401834,1
TE,100-S4GBA-T6217M-ESMDA-XXS,197223401810,4
TE,100-S4GC1-C2066P-STEEL-PL,197223431855,4
TE,100-S4GC1-D3377M-ATLAN-XL,197223349020,1
TE,100-S4GC1-D5130M-NOCTN-XXS,197223444503,1
TE,100-S4GC1-J5736M-BLACK-2X,197223296539,3
TE,100-S4GC1-J5736M-BLACK-3X,197223296546,10
TE,100-S4GC1-J5736M-BLACK-XL,197223296515,7
TE,100-S4GC1-J5736M-IVORY-3X,197223389613,2
TE,100-S4GC1-J5736M-IVORY-L,197223387107,30
TE,100-S4GC1-J5736M-IVORY-M,197223387091,1
TE,100-S4GC1-J5736M-IVORY-XL,197223387114,13
TE,100-S4GC1-P4641M-AGEAN-XXS,197223343264,16
TE,100-S4GC1-P4641M-BLACK-L,197223343417,1
TE,100-S4GC1-P4716M-BLACK-3X,197223296843,1
TE,100-S4GC1-P4716M-BONE-3X,197223379508,4
TE,100-S4GC1-P4716M-BONE-L,197223379461,2
TE,100-S4GC1-P4716M-BONE-S,197223379447,1
TE,100-S4GC1-P4716M-INK-S,197223560586,1
TE,100-S4GC1-P4716M-INK-XL,197223560616,1
TE,100-S4GC1-T5775P-BLACK-PL,197223369806,20
TE,100-S4GC1-T5775P-BLACK-PM,197223369790,23
TE,100-S4GC1-T5775P-BLACK-PP,197223369776,6
TE,100-S4GC1-T5775P-BLACK-PS,197223369783,15
TE,100-S4GC1-T5964M-GERAN-3X,197223448587,1
TE,100-S4GC1-T6108M-ATLAN-XS,197223335269,1
TE,100-S4GC1-T6108M-GRVE-L,197223335733,1
TE,100-S4GC1-T6108M-GRVE-S,197223335719,1
TE,100-S4GC1-T6108M-GRVE-XS,197223335702,14
TE,100-S4GC1-U4031M-BLACK-XXS,197223298861,3
TE,100-S4GC1-U4031M-BONE-XL,197223299011,1
TE,100-S4GC1-U4274M-BLACK-XS,197223349389,5
TE,100-S4GC1-U4274M-BLACK-XXS,197223349372,13
TE,100-S4GC1-U4274M-BONE-XXS,197223299165,4
TE,100-S4GC1-U4274M-GRVE-XS,197223299271,6
TE,100-S4GC1-U4274M-GRVE-XXS,197223299264,41
TE,100-S4GC1-U4274M-IVORY-XXS,197223389637,10
TE,100-S4GC1-U4274P-BLACK-PL,197223360483,9
TE,100-S4GC1-U4274P-BLACK-PM,197223360476,25
TE,100-S4GC1-U4274P-BLACK-PP,197223360452,15
TE,100-S4GC1-U4274P-BLACK-PS,197223360469,28
TE,100-S4GC1-U4274P-IVORY-PP,197223509622,1
TE,100-S4GC1-U4393M-BLACK-3X,197223336310,6
TE,100-S4GC1-U4393M-BLACK-XL,197223336280,6
TE,100-S4GC1-U4393M-IVORY-1X,197223390992,6
TE,100-S4GC1-U4393M-IVORY-2X,197223391005,12
TE,100-S4GC1-U4393M-IVORY-3X,197223391012,12
TE,100-S4GC1-U4393M-IVORY-XL,197223390985,6
TE,100-S4GC-P1980M-BLACK-S,713259049101,1
TE,100-S4GC-P1980M-BONE-M,713259049187,1
TE,100-S4GDD-P4708M-GRVE-3X,197223299844,7
TE,100-S4GDD-P4708M-GRVE-XXS,197223299769,18
TE,100-S4GDD-P4708M-WHITE-1X,197223299929,32
TE,100-S4GDD-P4708M-WHITE-2X,197223299936,34
TE,100-S4GDD-P4708M-WHITE-3X,197223299943,31
TE,100-S4GDD-P4708M-WHITE-L,197223299905,14
TE,100-S4GDD-P4708M-WHITE-XL,197223299912,61
TE,100-S4GDD-P4708M-WHITE-XXS,197223299868,18
TE,100-S4GDD-P4708P-WHITE-PL,197223352198,52
TE,100-S4GDD-P4708P-WHITE-PP,197223352167,1
TE,100-S4GDD-P4715M-WHITE-1X,197223300120,18
TE,100-S4GDD-P4715M-WHITE-2X,197223300137,18
TE,100-S4GDD-P4715M-WHITE-3X,197223300144,26
TE,100-S4GDD-P4715M-WHITE-L,197223300106,4
TE,100-S4GDD-P4715M-WHITE-XL,197223300113,51
TE,100-S4GDD-P4715M-WHITE-XXS,197223300069,6
TE,100-S4GDD-P4715P-WHITE-PL,197223465171,1
TE,100-S4GDU-P4715M-UNNAT-XXS,197223300366,3
TE,100-S4GK-T5944M-BLACK-XXS,197223300465,1
TE,100-S4GK-U2372M-BLACK-L,197223379737,8
TE,100-S4GK-U2372M-BLACK-M,197223379720,7
TE,100-S4GK-U2372M-BLACK-S,197223379713,38
TE,100-S4GK-U2372M-BONE-L,197223379836,1
TE,100-S4GK-U2372M-STEEL-S,197223355298,1
TE,100-S4GK-U2372M-WINE-M,197223391166,1
TE,100-S4GSI-J5745M-CRSPK-L,197223424635,1
TE,100-S4GT1-J5746M-BLACK-L,197223424833,57
TE,100-S4GT1-J5746M-BLACK-M,197223424826,84
TE,100-S4GT1-J5746M-BLACK-S,197223424819,93
TE,100-S4GT1-J5746M-BLACK-XL,197223424840,45
TE,100-S4GT1-J5746M-BLACK-XS,197223424802,61
TE,100-S4GT1-J5746M-BLACK-XXS,197223424796,45
TE,100-S4GT1-J5746P-BLACK-PL,197223443834,52
TE,100-S4GT1-J5746P-BLACK-PM,197223443827,78
TE,100-S4GT1-J5746P-BLACK-PP,197223443803,71
TE,100-S4GT1-J5746P-BLACK-PS,197223443810,90
TE,100-S4GT1-J5746P-IVORY-PP,197223443858,1
TE,100-S4GT1-T5887M-BLACK-L,197223301554,17
TE,100-S4GT1-T5887M-BLACK-M,197223301547,46
TE,100-S4GT1-T5887M-BLACK-S,197223301530,56
TE,100-S4GT1-T5887M-BLACK-XL,197223301561,10
TE,100-S4GT1-T5887M-BLACK-XS,197223301523,29
TE,100-S4GT1-T5887M-BLACK-XXS,197223301516,44
TE,100-S4GT1-T5887P-BLACK-PL,197223360636,7
TE,100-S4GT1-T5887P-BLACK-PM,197223360629,5
TE,100-S4GT1-T5887P-BLACK-PP,197223360605,6
TE,100-S4GT1-T5887P-BLACK-PS,197223360612,6
TE,100-S4GT1-T6112M-RIVER-L,197223349815,1
TE,100-S4GT1-T6197M-IVORY-M,197223425328,1
TE,100-S4GT1-T6197M-IVORY-S,197223425311,2
TE,100-S4GT1-T6197M-IVORY-XXS,197223425298,7
TE,100-S4GT1-T6213M-BLACK-1X/2X,197223501114,1
TE,100-S4GT1-T6213M-BLACK-S/M,197223501091,1
TE,100-S4HBU-J5670M-BLACK-1X,197223302674,24
TE,100-S4HBU-J5670M-BLACK-2X,197223302681,19
TE,100-S4HBU-J5670M-BLACK-3X,197223302698,8
TE,100-S4HBU-P4788M-OCEAN-XS,197223303121,1
TE,100-S4HBU-P4788P-OCEAN-PP,197223360858,1
TE,100-S4HBU-T6104M-BLACK-3X,197223303299,1
TE,100-S4HDZ-D5161M-WHTBL-3X,197223404590,10
TE,100-S4HDZ-D5161M-WHTBL-M,197223404545,1
TE,100-S4HDZ-D5161M-WHTBL-XL,197223404569,3
TE,100-S4HDZ-J5572M-WHITE-S,197223303688,1
TE,100-S4HDZ-J5572M-WHITE-XS,197223303671,1
TE,100-S4HDZ-P4674M-WHITE-S,197223303831,1
TE,100-S4HDZ-P4789M-WHTBL-1X,197223432685,1
TE,100-S4HDZ-P4789M-WHTBL-3X,197223432708,15
TE,100-S4HDZ-P4789M-WHTBL-XL,197223432678,21
TE,100-S4HDZ-P4794M-WHTBL-1X,197223404675,1
TE,100-S4HDZ-P4794M-WHTBL-2X,197223404682,9
TE,100-S4HDZ-P4794M-WHTBL-3X,197223404699,14
TE,100-S4HDZ-T5705M-WHTBL-L,197223425533,1
TE,100-S4HDZ-T6192M-WHTBL-XL,197223432777,18
TE,100-S4HKT-K5246M-FLAME-3X,197223432906,1
TE,100-S4HKT-K5246M-FLAME-M,197223432852,1
TE,100-S4HKT-K5246M-FLAME-XXS,197223432821,5
TE,100-S4HKT-K5246M-STEEL-2X,197223367208,10
TE,100-S4HKT-K5246M-STEEL-3X,197223367215,3
TE,100-S4HKT-K5246M-WHITE-3X,197223346319,1
TE,100-S4HKT-K5246P-AGEAN-PM,197223493587,1
TE,100-S4HKT-K5246P-GERAN-PM,197223465263,1
TE,100-S4IZ1-T5670M-WHITE-1X,197223305729,11
TE,100-S4IZ1-T5670M-WHITE-2X,197223305736,14
TE,100-S4IZ1-T5670M-WHITE-3X,197223305743,9
TE,100-S4IZ1-T5670M-WHITE-L,197223305705,37
TE,100-S4IZ1-T5670M-WHITE-XL,197223305712,23
TE,100-S4IZ1-T5670P-WHITE-PL,197223361183,13
TE,100-S4IZ1-T5670P-WHITE-PM,197223361176,1
TE,100-S4IZ1-T5670P-WHITE-PP,197223361152,4
TE,100-S4IZ1-T5852M-AGEAN-L,197223336907,1
TE,100-S4IZ1-T5852M-ATLAN-L,197223305804,1
TE,100-S4IZ1-T5852M-BLACK-S,197223305880,2
TE,100-S4IZ1-T5852M-BLACK-XS,197223305873,2
TE,100-S4IZ1-T5852M-BLACK-XXS,197223305866,2
TE,100-S4IZ1-T5852M-CALYP-M,197223355403,1
TE,100-S4IZ1-T5852M-CALYP-S,197223355397,1
TE,100-S4IZ1-T5852M-WHITE-2X,197223306436,27
TE,100-S4IZ1-T5852M-WHITE-3X,197223306443,8
TE,100-S4IZ1-T5852M-WHITE-L,197223306405,1
TE,100-S4IZ1-T5852M-WHITE-S,197223306382,1
TE,100-S4IZ1-T5852M-WHITE-XL,197223306412,38
TE,100-S4IZ1-T5852M-WHITE-XXS,197223306368,1
TE,100-S4IZ1-T5852M-WTMLN-S,197223350095,1
TE,100-S4IZ1-T6005M-BLACK-1X,197223404972,8
TE,100-S4IZ1-T6005M-BLACK-2X,197223404989,30
TE,100-S4IZ1-T6005M-BLACK-3X,197223404996,29
TE,100-S4IZ1-T6005M-BLACK-L,197223404958,88
TE,100-S4IZ1-T6005M-BLACK-M,197223404941,40
TE,100-S4IZ1-T6005M-BLACK-S,197223404934,12
TE,100-S4IZ1-T6005M-BLACK-XL,197223404965,55
TE,100-S4IZ1-T6005M-GERAN-2X,197223405382,3
TE,100-S4IZ1-T6005M-GERAN-3X,197223405399,10
TE,100-S4IZ1-T6005M-NMBUS-2X,197223405481,15
TE,100-S4IZ1-T6005M-NMBUS-3X,197223405498,13
TE,100-S4IZ1-T6005M-RIVER-3X,197223433101,3
TE,100-S4IZ1-T6005M-SEAFM-3X,197223405696,12
TE,100-S4IZ1-T6005M-SEAFM-XL,197223405665,2
TE,100-S4IZ1-T6005M-SSTAR-3X,197223518792,20
TE,100-S4IZ1-T6005M-SSTAR-L,197223518754,1
TE,100-S4IZ1-T6005M-WHITE-1X,197223405771,30
TE,100-S4IZ1-T6005M-WHITE-2X,197223405788,40
TE,100-S4IZ1-T6005M-WHITE-3X,197223405795,23
TE,100-S4IZ1-T6005M-WHITE-L,197223405757,138
TE,100-S4IZ1-T6005M-WHITE-M,197223405740,137
TE,100-S4IZ1-T6005M-WHITE-S,197223405733,52
TE,100-S4IZ1-T6005M-WHITE-XL,197223405764,104
TE,100-S4IZ1-T6005M-WHITE-XS,197223405726,20
TE,100-S4IZ1-T6005M-WHITE-XXS,197223405719,1
TE,100-S4IZ1-T6005M-WTMLN-3X,197223433200,12
TE,100-S4IZ1-U4320M-BLACK-1X,197223306627,24
TE,100-S4IZ1-U4320M-BLACK-2X,197223306634,32
TE,100-S4IZ1-U4320M-BLACK-3X,197223306641,12
TE,100-S4IZ1-U4320M-BLACK-M,197223306597,15
TE,100-S4IZ1-U4320M-BLACK-S,197223306580,55
TE,100-S4IZ1-U4320M-BLACK-XL,197223306610,83
TE,100-S4IZ1-U4320M-BLACK-XS,197223306573,15
TE,100-S4IZ1-U4320M-BLACK-XXS,197223306566,16
TE,100-S4IZ1-U4320M-CLWTR-1X,197223350231,12
TE,100-S4IZ1-U4320M-FLAME-XL,197223433279,1
TE,100-S4IZ1-U4320M-WHITE-1X,197223306825,43
TE,100-S4IZ1-U4320M-WHITE-2X,197223306832,25
TE,100-S4IZ1-U4320M-WHITE-3X,197223306849,19
TE,100-S4IZ1-U4320M-WHITE-L,197223306801,1
TE,100-S4IZ1-U4320M-WHITE-S,197223306788,2
TE,100-S4IZ1-U4320M-WHITE-XL,197223306818,122
TE,100-S4IZ1-U4320M-WHITE-XS,197223306771,1
TE,100-S4IZ1-U4396M-BLACK-L,197223405856,1
TE,100-S4IZ1-U4396M-BLACK-XS,197223405825,4
TE,100-S4IZ1-U4396M-BLACK-XXS,197223405818,1
TE,100-S4IZ1-U4396M-WHITE-S,197223406037,20
TE,100-S4IZ1-U4396M-WHITE-XS,197223406020,8
TE,100-S4IZ1-U4396M-WHITE-XXS,197223406013,4
TE,100-S4JTI-J5750M-BLACK-XS,197223460565,1
TE,100-S4JTI-P4797M-BLACK-L,197223406457,1
TE,100-S4JTI-P4797M-WHITE-2X,197223406686,5
TE,100-S4KMR-K5414M-NATRL-1X/2X,197223455585,50
TE,100-S4KMR-K5414M-NATRL-L/XL,197223455578,60
TE,100-S4KMR-K5414M-NATRL-XX/XS,197223455554,1
TE,100-S4KMR-U4403M-NATRL-2X,197223426066,1
TE,100-S4KMR-W6037M-BRNZE-2X,197223331803,5
TE,100-S4KRR-T6171M-BLACK-L,197223407652,1
TE,100-S4KRR-T6171M-BLACK-XL,197223407669,1
TE,100-S4KRR-T6171M-BLACK-XXS,197223407614,9
TE,100-S4KRR-T6171M-OCEAN-M,197223407843,1
TE,100-S4KRR-T6171M-WHITE-XXS,197223408116,1
TE,100-S4KRR-T6172M-AGEAN-L,197223458098,1
TE,100-S4KRR-T6172M-BLACK-1X,197223469858,1
TE,100-S4KRR-T6172M-BLACK-XL,197223469841,1
TE,100-S4KRR-T6172M-BLACK-XXS,197223469797,6
TE,100-S4KRR-T6172M-NMBUS-3X,197223458630,1
TE,100-S4KRR-T6172M-SEAFM-S,197223516293,1
TE,100-S4KRR-T6172M-WHITE-3X,197223469971,8
TE,100-S4KRR-T6172M-WHITE-L,197223469933,1
TE,100-S4KRR-T6172M-WHITE-XL,197223469940,1
TE,100-S4KRR-T6181M-BLACK-XL,197223392682,1
TE,100-S4KRR-T6181M-OCEAN-1X,197223392996,1
TE,100-S4KRR-T6181M-OCEAN-2X,197223393009,1
TE,100-S4KRR-T6181M-OCEAN-L,197223392972,1
TE,100-S4KRR-T6181M-OCEAN-M,197223392965,3
TE,100-S4KRR-T6181M-OCEAN-XXS,197223392934,1
TE,100-S4KRR-T6181M-WHITE-L,197223393078,1
TE,100-S4KRR-T6181M-WHITE-M,197223393061,2
TE,100-S4LEL-W5971M-PEARL-3X,197223339731,6
TE,100-S4LEL-W5971M-WHITE-M,197223339908,1
TE,100-S4LOL-D5158M-MAGLD-S,197223361329,1
TE,100-S4LOL-D5161M-NILE-3X,197223421573,11
TE,100-S4LOL-P3236M-DUSK-1X,197223309024,1
TE,100-S4LOL-P4587M-BUTTR-M,197223309291,1
TE,100-S4LOL-P4701M-ATLAN-2X,197223309437,10
TE,100-S4LOL-P4701M-ATLAN-3X,197223309444,2
TE,100-S4LOL-P4701M-ATLAN-S,197223309383,1
TE,100-S4LOL-P4794M-GERAN-3X,197223421870,6
TE,100-S4LOL-P4794M-GERAN-XL,197223421849,4
TE,100-S4LOL-P4794M-GRPHT-L,197223421931,1
TE,100-S4LOL-P4794P-AGEAN-PL,197223494195,1
TE,100-S4LOL-T5704M-BUTTR-XL,197223309710,1
TE,100-S4LOL-T6166M-STONE-1X,197223310723,6
TE,100-S4LOL-T6166M-STONE-2X,197223310730,7
TE,100-S4LOL-T6166M-STONE-3X,197223310747,9
TE,100-S4LOL-T6166M-STONE-L,197223310709,1
TE,100-S4LOL-T6240M-CORIN-M,197223422228,1
TE,100-S4LOL-T6240M-CORIN-XL,197223422242,1
TE,100-S4LOL-T6240M-GERAN-2X,197223422365,1
TE,100-S4LOL-T6240M-GERAN-3X,197223422372,7
TE,100-S4LOL-T6240M-GERAN-L,197223422334,1
TE,100-S4NQK-W6096M-BONE-3X,197223311249,2
TE,100-S4NQK-W6096M-BONE-L,197223311201,2
TE,100-S4NQK-W6096M-BONE-XL,197223311218,1
TE,100-S4NTI-T5792M-BLACK-M,197223450184,1
TE,100-S4OCB-T6228M-BLACK-1X,197223467595,19
TE,100-S4OCB-T6228M-BLACK-2X,197223467601,10
TE,100-S4OCB-T6228M-BLACK-3X,197223467618,3
TE,100-S4OCB-T6228M-BLACK-XL,197223467588,10
TE,100-S4OCB-T6228M-WHITE-1X,197223467700,40
TE,100-S4OCB-T6228M-WHITE-2X,197223467717,34
TE,100-S4OCB-T6228M-WHITE-3X,197223467724,8
TE,100-S4OCB-T6228M-WHITE-L,197223467687,45
TE,100-S4OCB-T6228M-WHITE-XL,197223467694,66
TE,100-S4OCB-T6240M-BLACK-1X,197223510833,1
TE,100-S4OCB-T6240M-WHITE-L,197223510918,1
TE,100-S4OCB-T6240M-WHITE-M,197223510901,1
TE,100-S4OCB-T6240M-WHITE-XL,197223510925,1
TE,100-S4OEJ-W5863M-AQUA-XL,197223371489,1
TE,100-S4OJR-D5296M-AGEAN-L,197223434061,2
TE,100-S4OJR-D5296M-SSTAR-2X,197223434399,11
TE,100-S4OJR-D5296M-SSTAR-3X,197223434405,19
TE,100-S4OJR-P4392M-AGEAN-L,197223409618,1
TE,100-S4OJR-P4392M-BLACK-1X,197223409731,1
TE,100-S4OJR-P4610M-BLACK-L,197223313021,69
TE,100-S4OJR-P4610M-BLACK-M,197223313014,72
TE,100-S4OJR-P4610M-BLACK-S,197223313007,3
TE,100-S4OJR-P4610M-BLACK-XL,197223313038,44
TE,100-S4OJR-P4610M-BLACK-XS,197223312994,34
TE,100-S4OJR-P4610M-BLACK-XXS,197223312987,14
TE,100-S4OJR-P4610M-OCEAN-1X,197223313243,2
TE,100-S4OJR-P4610M-OCEAN-2X,197223313250,1
TE,100-S4OJR-P4610M-OCEAN-M,197223313212,1
TE,100-S4OJR-P4610M-OCEAN-S,197223313205,1
TE,100-S4OJR-P4792M-OCEAN-2X,197223426813,1
TE,100-S4OJR-P4792M-OCEAN-M,197223426776,1
TE,100-S4OJR-P4793M-BLACK-2X,197223410249,1
TE,100-S4OJR-P4793M-BLACK-M,197223410201,2
TE,100-S4OJR-T5544M-OCEAN-S,197223487289,1
TE,100-S4OJR-T6186M-WHITE-2X,197223340911,1
TE,100-S4OJR-T6187M-BLACK-2X,197223410348,4
TE,100-S4OJR-T6187M-BLACK-3X,197223410355,1
TE,100-S4OJR-T6226M-RIVER-3X,197223427520,6
TE,100-S4OJR-T6226M-WHITE-2X,197223427612,2
TE,100-S4OJR-T6226M-WHITE-3X,197223427629,4
TE,100-S4OJR-T6227M-AGEAN-XL,197223410621,1
TE,100-S4OJR-U2372M-BLACK-S,197223314103,1
TE,100-S4OJR-U2372M-BLACK-XL,197223314134,1
TE,100-S4OJR-U2372M-BLACK-XS,197223314097,16
TE,100-S4OJR-U2372M-BLACK-XXS,197223314080,6
TE,100-S4OJR-U2372M-WHITE-1X,197223314448,1
TE,100-S4OJR-U2372M-WHITE-2X,197223314455,9
TE,100-S4OJR-U2372M-WHITE-3X,197223314462,6
TE,100-S4OJR-U2372M-WHITE-M,197223314417,1
TE,100-S4OJR-U2372M-WHITE-XL,197223314431,4
TE,100-S4OJR-U4402M-BLACK-L,197223427681,17
TE,100-S4OJR-U4402M-BLACK-M,197223427674,3
TE,100-S4OJR-U4402M-BLACK-S,197223427667,2
TE,100-S4OJR-U4402M-BLACK-XL,197223427698,7
TE,100-S4OJR-U4402M-BLACK-XS,197223427650,1
TE,100-S4OJR-U4402M-BLACK-XXS,197223427643,6
TE,100-S4OJR-U4402M-WHITE-1X,197223427803,1
TE,100-S4OJR-U4402M-WHITE-2X,197223427810,2
TE,100-S4OJR-U4402M-WHITE-3X,197223427827,1
TE,100-S4OJR-U4402M-WHITE-L,197223427780,6
TE,100-S4OJR-U4402M-WHITE-M,197223427773,14
TE,100-S4OJR-U4402M-WHITE-S,197223427766,10
TE,100-S4OJR-U4402M-WHITE-XL,197223427797,3
TE,100-S4OJR-U4402M-WHITE-XS,197223427759,5
TE,100-S4OJR-U4402M-WHITE-XXS,197223427742,9
TE,100-S4OKB-J5585M-BLACK-1X,197223314646,18
TE,100-S4OKB-J5585M-BLACK-2X,197223314653,8
TE,100-S4OKB-J5585M-BLACK-3X,197223314660,2
TE,100-S4OKB-J5585M-BLACK-L,197223314622,49
TE,100-S4OKB-J5585M-BLACK-M,197223314615,44
TE,100-S4OKB-J5585M-BLACK-S,197223314608,21
TE,100-S4OKB-J5585M-BLACK-XL,197223314639,31
TE,100-S4OKB-J5585M-BLACK-XXS,197223314585,22
TE,100-S4OKB-J5585M-WHITE-3X,197223314967,4
TE,100-S4OKB-J5585P-BLACK-PS,197223427858,15
TE,100-S4OKB-P0696M-BLACK-1X,197223428008,6
TE,100-S4OKB-P0696M-BLACK-2X,197223428015,26
TE,100-S4OKB-P0696M-BLACK-3X,197223428022,2
TE,100-S4OKB-P0696M-BLACK-L,197223427988,10
TE,100-S4OKB-P0696M-BLACK-XL,197223427995,5
TE,100-S4OKB-P0696M-BLACK-XS,197223427957,10
TE,100-S4OKB-P0696M-BLACK-XXS,197223427940,41
TE,100-S4OKB-P0696M-STEEL-XXS,197223451051,24
TE,100-S4OKB-P0696P-BLACK-PL,197223428077,1
TE,100-S4OKB-P0696P-BLACK-PM,197223428060,1
TE,100-S4OKB-P0696P-BLACK-PP,197223428046,2
TE,100-S4OKB-P4607M-BLACK-L,197223378402,35
TE,100-S4OKB-P4607M-BLACK-XS,197223378372,7
TE,100-S4OKB-P4607M-BLACK-XXS,197223378365,2
TE,100-S4OKB-P4607M-WHITE-2X,197223378730,2
TE,100-S4OKB-P4622M-BLACK-1X,197223315346,47
TE,100-S4OKB-P4622M-BLACK-2X,197223315353,39
TE,100-S4OKB-P4622M-BLACK-3X,197223315360,13
TE,100-S4OKB-P4622M-BLACK-L,197223315322,124
TE,100-S4OKB-P4622M-BLACK-M,197223315315,123
TE,100-S4OKB-P4622M-BLACK-S,197223315308,86
TE,100-S4OKB-P4622M-BLACK-XL,197223315339,41
TE,100-S4OKB-P4622M-BLACK-XS,197223315292,50
TE,100-S4OKB-P4622M-BLACK-XXS,197223315285,42
TE,100-S4OKB-P4622M-STEEL-3X,197223451235,5
TE,100-S4OKB-P4622M-STEEL-M,197223451181,1
TE,100-S4OKB-P4622M-STEEL-S,197223451174,2
TE,100-S4OKB-P4622M-STEEL-XL,197223451204,1
TE,100-S4OKB-P4622M-STEEL-XS,197223451167,1
TE,100-S4OKB-P4622M-STEEL-XXS,197223451150,7
TE,100-S4OKB-P4622M-WHITE-1X,197223315643,1
TE,100-S4OKB-P4622M-WHITE-2X,197223315650,21
TE,100-S4OKB-P4622M-WHITE-3X,197223315667,15
TE,100-S4OKB-P4622P-BLACK-PL,197223428220,12
TE,100-S4OKB-P4622P-BLACK-PM,197223428213,19
TE,100-S4OKB-P4622P-BLACK-PP,197223428190,30
TE,100-S4OKB-P4622P-BLACK-PS,197223428206,27
TE,100-S4OKB-P4622P-WHITE-PS,197223428251,1
TE,100-S4OLA-T5705M-BLACK-XXS,197223316688,21
TE,100-S4OLA-T5705M-FLAME-XXS,197223332930,7
TE,100-S4OLA-T5705M-GRVE-XXS,197223316985,1
TE,100-S4OLA-T5705M-RIVER-L,197223444848,1
TE,100-S4OLA-T5705M-WHITE-S,197223317302,2
TE,100-S4OLA-T5705P-FLAME-PP,197223465645,10
TE,100-S4OLA-T5705P-FLAME-PS,197223465652,1
TE,100-S4OLA-T6031M-BLACK-2X,197223434849,19
TE,100-S4OLA-T6031M-BLACK-3X,197223434856,14
TE,100-S4OLA-T6031M-SSTAR-2X,197223435242,7
TE,100-S4OLA-T6031M-SSTAR-L,197223435211,1
TE,100-S4OLA-T6031M-SSTAR-XL,197223435228,5
TE,100-S4OLA-T6031M-WHITE-2X,197223435341,6
TE,100-S4OLA-T6031M-WHITE-3X,197223435358,3
TE,100-S4OLA-T6031M-WHITE-L,197223435310,2
TE,100-S4OLA-T6031M-WHITE-XL,197223435327,1
TE,100-S4OLA-T6104M-FLAME-1X,197223411932,1
TE,100-S4OLA-T6104M-GERAN-3X,197223435556,24
TE,100-S4OLA-T6104M-GERAN-XL,197223435525,1
TE,100-S4OLA-T6104M-WHITE-3X,197223435655,8
TE,100-S4OLA-T6192M-AGEAN-L,197223435716,1
TE,100-S4OLA-T6192M-GERAN-M,197223412304,37
TE,100-S4OLA-T6192M-GERAN-S,197223412298,11
TE,100-S4OLA-T6192M-GERAN-XS,197223412281,8
TE,100-S4OLA-T6192M-GERAN-XXS,197223412274,1
TE,100-S4OLA-T6192M-SEAFM-S,197223412397,1
TE,100-S4OLA-T6192M-WHITE-L,197223412717,24
TE,100-S4OLA-T6192M-WHITE-M,197223412700,121
TE,100-S4OLA-T6192M-WHITE-S,197223412694,50
TE,100-S4OLA-T6240M-BLACK-3X,197223436256,1
TE,100-S4OLA-T6240M-BLACK-S,197223436195,1
TE,100-S4OLA-T6240M-BRNZE-2X,197223436348,1
TE,100-S4OLA-T6240M-BRNZE-3X,197223436355,7
TE,100-S4OLA-T6240M-BRNZE-S,197223436294,1
TE,100-S4OLA-T6240M-CLWTR-3X,197223436454,4
TE,100-S4OLA-T6240M-FLAME-L,197223436515,1
TE,100-S4OLA-T6240M-WHITE-2X,197223436744,39
TE,100-S4OLA-T6240M-WHITE-3X,197223436751,10
TE,100-S4OLA-T6240M-WHITE-S,197223436690,1
TE,100-S4OLA-T6240P-BRNZE-PL,197223465720,4
TE,100-S4OLA-T6240P-FLAME-PP,197223465744,1
TE,100-S4ONL-P0032M-BLACK-M,197223489191,3
TE,100-S4ONL-P0032M-BLACK-XXS,197223489160,2
TE,100-S4ONL-P0032P-BLACK-PM,197223494737,3
TE,100-S4ONL-P0032P-BLACK-PS,197223494720,1
TE,100-S4OZG-T6213M-WHITE-1X/2X,197223494898,3
TE,100-S4OZW-N1577M-BLACK-L/XL,197223443322,1
TE,100-S4OZW-N1577M-STEEL-1X/2X,197223443384,16
TE,100-S4OZW-N1577M-STEEL-L/XL,197223443377,56
TE,100-S4OZW-N1577M-STEEL-S/M,197223443360,113
TE,100-S4OZW-N1577M-STEEL-XX/XS,197223443353,20
TE,100-S4OZW-T6213M-STEEL-1X/2X,197223495048,37
TE,100-S4PGG-M1014M-DENIM-XS,197223502166,41
TE,100-S4PGG-M1014M-DENIM-XXS,197223502159,43
TE,100-S4PGG-P4703M-DENIM-L,197223444947,3
TE,100-S4PGG-P4703M-DENIM-XL,197223444954,3
TE,100-S4PGG-T6217M-DENIM-L,197223455899,2
TE,100-S4PGG-T6217M-DENIM-XL,197223455905,1
TE,100-S4PMZ-D5282M-RIVER-XL,197223341215,5
TE,100-S4PNJ-K5264M-WHITE-3X,197223414650,12
TE,100-S4PNJ-K5264M-WHITE-L,197223414612,1
TE,100-S4PNJ-K5269M-BLACK-XXS,197223350774,1
TE,100-S4PNJ-K5269M-GEYSR-M,197223451587,1
TE,100-S4PNJ-K5269M-SEAFM-XS,197223350880,1
TE,100-S4PNJ-K5269M-SEAFM-XXS,197223350873,14
TE,100-S4PNJ-K5269P-WHITE-PM,197223495383,1
TE,100-S4PNJ-W6146M-CALYP-XL,197223415022,1
TE,100-S4PNJ-W6146M-WHITE-1X,197223415534,10
TE,100-S4PNJ-W6146M-WHITE-2X,197223415541,26
TE,100-S4PNJ-W6146M-WHITE-3X,197223415558,13
TE,100-S4PNJ-W6146M-WHITE-XL,197223415527,13
TE,100-S4RBR-T6060M-NATWH-M,197223443537,1
TE,100-S4RGI-P4700M-GEYSR-2X,197223502371,6
TE,100-S4RGI-P4700M-GEYSR-3X,197223502388,4
TE,100-S4RGI-P4700M-GEYSR-S,197223502326,1
TE,100-S4RGI-P4794P-GEYSR-PM,197223502722,1
TE,100-S4RII-D5287M-BLACK-XS,197223437086,2
TE,100-S4RII-D5289M-GERAN-2X,197223437642,3
TE,100-S4RII-D5289M-GERAN-3X,197223437659,17
TE,100-S4RII-D5289M-GERAN-XL,197223437628,1
TE,100-S4RII-D5289M-UNNAT-3X,197223437758,4
TE,100-S4RII-J5644M-BLACK-XS,197223344025,22
TE,100-S4RII-J5644M-BLACK-XXS,197223344018,1
TE,100-S4RII-J5644P-BLACK-PP,197223502753,1
TE,100-S4RII-J5644P-BRNZE-PM,197223465812,1
TE,100-S4RII-J5644P-BRNZE-PP,197223465799,1
TE,100-S4RII-J5644P-UNNAT-PP,197223502807,1
TE,100-S4RII-P4700M-BLACK-3X,197223416432,18
TE,100-S4RII-P4700M-BLACK-L,197223416395,1
TE,100-S4RII-P4700M-BLACK-S,197223416371,1
TE,100-S4RII-P4700M-BLACK-XL,197223416401,1
TE,100-S4RII-P4700M-UNNAT-3X,197223416630,5
TE,100-S4RII-P4700M-UNNAT-L,197223416593,1
TE,100-S4RII-P4700M-UNNAT-XL,197223416609,1
TE,100-S4RII-P4700M-WHITE-1X,197223437932,42
TE,100-S4RII-P4700M-WHITE-2X,197223437949,47
TE,100-S4RII-P4700M-WHITE-3X,197223437956,32
TE,100-S4RII-P4700M-WHITE-L,197223437918,71
TE,100-S4RII-P4700M-WHITE-M,197223437901,11
TE,100-S4RII-P4700M-WHITE-XL,197223437925,63
TE,100-S4RII-P4700M-WHITE-XXS,197223437871,11
TE,100-S4RII-P4700P-WHITE-PM,197223465966,1
TE,100-S4RII-P4701M-AGEAN-2X,197223491132,1
TE,100-S4RII-P4701M-AGEAN-L,197223491101,2
TE,100-S4RII-P4701M-AGEAN-M,197223491095,1
TE,100-S4RII-P4701M-AGEAN-S,197223491088,1
TE,100-S4RII-P4701M-BLACK-2X,197223319351,1
TE,100-S4RII-P4701M-BLACK-M,197223319313,1
TE,100-S4RII-P4701M-BLACK-XL,197223319337,1
TE,100-S4RII-P4789M-UNNAT-XL,197223429043,1
TE,100-S4RII-P4794M-BLACK-L,197223438113,2
TE,100-S4RII-P4794M-BLACK-S,197223438090,2
TE,100-S4RII-P4794M-FLAME-1X,197223461814,1
TE,100-S4RII-P4794M-FLAME-2X,197223461821,1
TE,100-S4RII-P4794M-FLAME-3X,197223461838,6
TE,100-S4RII-P4794M-FLAME-M,197223461784,1
TE,100-S4RII-P4794M-UNNAT-2X,197223438342,6
TE,100-S4RII-P4794M-UNNAT-3X,197223438359,17
TE,100-S4RII-P4794M-WHITE-3X,197223438458,4
TE,100-S4RII-P4796M-UNNAT-1X,197223417118,20
TE,100-S4RII-P4796M-UNNAT-2X,197223417125,9
TE,100-S4RII-P4796M-UNNAT-3X,197223417132,2
TE,100-S4RII-P4796M-UNNAT-L,197223417095,1
TE,100-S4RII-P4796M-WHITE-3X,197223417231,9
TE,100-S4RII-P4796M-WHITE-L,197223417194,2
TE,100-S4RII-P4800M-UNNAT-M,197223417583,1
TE,100-S4RII-P4800M-UNNAT-XS,197223417569,1
TE,100-S4RII-P4800P-BLACK-PL,197223466123,1
TE,100-S4RII-S4288M-BLACK-M,197223417682,1
TE,100-S4RII-S4288M-WHITE-XL,197223438526,1
TE,100-S4RII-T6225M-UNNAT-2X,197223438748,1
TE,100-S4RII-T6225M-UNNAT-3X,197223438755,3
TE,100-S4RII-T6225M-UNNAT-L,197223438717,1
TE,100-S4RII-T6225P-UNNAT-PS,197223487876,1
TE,100-S4SOR-T5746M-SEAFM-1X,197223514336,1
TE,100-S4SOR-T5784M-BLACK-XXS,197223319986,20
TE,100-S4SOR-T5784M-WHITE-XL,197223320432,1
TE,100-S4SUZ-P4694M-BRIAR-3X,197223321460,7
TE,100-S4SUZ-P4694M-GRVE-S,197223321606,1
TE,100-S4SUZ-P4694M-GRVE-XXS,197223321583,20
TE,100-S4SUZ-P4694M-WHITE-1X,197223321743,10
TE,100-S4SUZ-P4694M-WHITE-2X,197223321750,13
TE,100-S4SUZ-P4694M-WHITE-3X,197223321767,8
TE,100-S4SUZ-P4694M-WHITE-L,197223321729,3
TE,100-S4SUZ-P4694M-WHITE-XL,197223321736,13
TE,100-S4SUZ-P4694M-WHITE-XXS,197223321682,3
TE,100-S4SUZ-P4694P-WHITE-PL,197223363187,20
TE,100-S4SUZ-P4694P-WHITE-PM,197223363170,13
TE,100-S4SUZ-P4694P-WHITE-PP,197223363156,1
TE,100-S4SUZ-P4694P-WHITE-PS,197223363163,29
TE,100-S4SUZ-P4785M-GRPHT-S,197223321903,1
TE,100-S4SUZ-P4785M-GRPHT-XXS,197223321880,6
TE,100-S4SUZ-P4785M-WHITE-2X,197223322153,3
TE,100-S4SUZ-P4785P-BLACK-PM,197223363224,1
TE,100-S4SUZ-P4785P-BLACK-PP,197223363200,2
TE,100-S4SUZ-P4785P-BLACK-PS,197223363217,1
TE,100-S4SUZ-P4785P-GRVE-PP,197223363309,6
TE,100-S4SUZ-P4785P-WHITE-PL,197223363385,1
TE,100-S4TFF-D5059M-BLACK-XXS,197223322481,24
TE,100-S4TFF-D5116M-BLACK-S,197223521457,1
TE,100-S4TFF-P4831M-BLACK-XS,197223366164,3
TE,100-S4TFF-P4831M-BLACK-XXS,197223366157,4
TE,100-S4TFF-P4831P-BLACK-PP,197223366256,5
TE,100-S4TFF-U4031M-WHITE-1X,197223324249,2
TE,100-S4TFF-U4031M-WHITE-M,197223324218,1
TE,100-S4TFF-U4031M-WHITE-S,197223324201,1
TE,100-S4TJH-J5559M-BLACK-XXS,197223324386,5
TE,100-S4TJH-J5559M-OCEAN-XXS,197223324584,20
TE,100-S4TJH-P0696M-GRVE-3X,197223324966,5
TE,100-S4TJH-P0696M-GRVE-XXS,197223324881,12
TE,100-S4TJH-P4607M-BLACK-XXS,197223325086,1
TE,100-S4TJH-P4607P-BLACK-PP,197223353058,3
TE,100-S4TJH-P4714M-GRVE-1X,197223325444,33
TE,100-S4TJH-P4714M-GRVE-2X,197223325451,23
TE,100-S4TJH-P4714M-GRVE-3X,197223325468,9
TE,100-S4TJH-P4714M-IVORY-1X,197223325543,7
TE,100-S4TJH-P4714M-IVORY-2X,197223325550,6
TE,100-S4TJH-P4714M-IVORY-3X,197223325567,4
TE,100-S4TJH-P4714M-IVORY-M,197223325512,1
TE,100-S4TJH-P4714M-IVORY-XXS,197223325482,3
TE,100-S4TJH-P4714P-GRVE-PP,197223353157,1
TE,100-S4TJH-P4714P-IVORY-PP,197223353201,14
TE,100-S4TK1-P0375M-WHEAT-M,197223698029,1
TE,100-S4TK1-P0696M-AGEAN-M,197223348306,1
TE,100-S4TK1-P0696M-AGEAN-XL,197223348320,1
TE,100-S4TK1-P0696M-AGEAN-XS,197223348283,1
TE,100-S4TK1-P0696M-BONE-1X,197223327547,82
TE,100-S4TK1-P0696M-BONE-2X,197223327554,34
TE,100-S4TK1-P0696M-BONE-3X,197223327561,12
TE,100-S4TK1-P0696M-BONE-L,197223327523,293
TE,100-S4TK1-P0696M-BONE-M,197223327516,253
TE,100-S4TK1-P0696M-BONE-S,197223327509,92
TE,100-S4TK1-P0696M-BONE-XL,197223327530,194
TE,100-S4TK1-P0696M-BONE-XS,197223327493,34
TE,100-S4TK1-P0696M-BONE-XXS,197223327486,3
TE,100-S4TK1-P0696M-GRVE-L,197223327622,1
TE,100-S4TK1-P0696M-GRVE-XS,197223327592,3
TE,100-S4TK1-P0696M-GRVE-XXS,197223327585,46
TE,100-S4TK1-P0696M-NMBUS-XXS,197223439226,1
TE,100-S4TK1-P0696M-OCEAN-XS,197223327691,1
TE,100-S4TK1-P0696M-OCEAN-XXS,197223327684,38
TE,100-S4TK1-P0696M-WHEAT-1X,197223461913,21
TE,100-S4TK1-P0696M-WHEAT-2X,197223461920,2
TE,100-S4TK1-P0696M-WHEAT-3X,197223461937,4
TE,100-S4TK1-P0696M-WHEAT-L,197223461890,2
TE,100-S4TK1-P0696M-WHEAT-XL,197223461906,5
TE,100-S4TK1-P0696M-WHEAT-XXS,197223461852,10
TE,100-S4TK1-P0696M-WHITE-1X,197223328049,117
TE,100-S4TK1-P0696M-WHITE-2X,197223328056,55
TE,100-S4TK1-P0696M-WHITE-3X,197223328063,48
TE,100-S4TK1-P0696M-WHITE-L,197223328025,419
TE,100-S4TK1-P0696M-WHITE-M,197223328018,563
TE,100-S4TK1-P0696M-WHITE-S,197223328001,212
TE,100-S4TK1-P0696M-WHITE-XL,197223328032,244
TE,100-S4TK1-P0696M-WHITE-XS,197223327998,81
TE,100-S4TK1-P0696M-WHITE-XXS,197223327981,33
TE,100-S4TK1-P0696P-AGEAN-PL,197223495598,1
TE,100-S4TK1-P0696P-GRVE-PM,197223364139,1
TE,100-S4TK1-P0696P-GRVE-PP,197223364115,1
TE,100-S4TK1-P0696P-WHITE-PL,197223364245,69
TE,100-S4TK1-P0696P-WHITE-PM,197223364238,22
TE,100-S4TK1-P0696P-WHITE-PP,197223364214,22
TE,100-S4TK1-P0696P-WHITE-PS,197223364221,63
TE,100-S4TK-D5208M-BLACK-M,197223325918,1
TE,100-S4TK-D5208M-BLACK-S,197223325901,1
TE,100-S4TK-D5208M-OCEAN-2X,197223326151,2
TE,100-S4TK-P1212M-GRPHT-L,713259001420,1
TE,100-S4TK-P4568M-BLACK-S,197223438892,1
TE,100-S4TK-P4568M-WHEAT-3X,197223439059,6
TE,100-S4TK-P4568M-WHEAT-M,197223439004,1
TE,100-S4TK-P4568M-WHEAT-XXS,197223438977,8
TE,100-S4TK-P4568M-WHITE-M,197223439103,1
TE,100-S4TK-P4568M-WHITE-XL,197223439127,1
TE,100-S4TK-P4568M-WHITE-XXS,197223439073,6
TE,100-S4TK-P4568P-OCEAN-PM,197223495536,1
TE,100-S4TK-P4568P-OCEAN-PS,197223495529,1
TE,100-S4TK-P4568P-WHITE-PP,197223469094,2
TE,100-S4TK-P4655M-GRVE-XXS,197223326380,31
TE,100-S4TK-P4657M-BLACK-XXS,197223326786,23
TE,100-S4TK-P4657M-METOR-XS,197223456766,1
TE,100-S4TK-P4657M-WHITE-L,197223351115,1
TE,100-S4TK-S4388M-BLACK-L,197223341642,1
TE,100-S4TK-S4412M-BLACK-2X,197223644224,6
TE,100-S4TK-S4412M-BLACK-3X,197223644231,15
TE,100-S4TXD-C0167M-BLACK-M,197223328117,1
TE,100-S4TXD-J5609M-BLACK-1X,197223328247,15
TE,100-S4TXD-J5609M-BLACK-2X,197223328254,19
TE,100-S4TXD-J5609M-BLACK-3X,197223328261,19
TE,100-S4TXD-J5609M-BLACK-XL,197223328230,11
TE,100-S4TXD-J5609M-DENIM-1X,197223328346,30
TE,100-S4TXD-J5609M-DENIM-2X,197223328353,37
TE,100-S4TXD-J5609M-DENIM-3X,197223328360,42
TE,100-S4TXD-J5609M-DENIM-XL,197223328339,44
TE,100-S4TXD-J5619M-DENIM-XL,197223328537,1
TE,100-S4TXD-J5619M-DENIM-XXS,197223328483,2
TE,100-S4TXD-P4366M-DENIM-M,197223328667,2
TE,100-S4TXD-P4639M-DENIM-M,197223461289,1
TE,100-S4TXD-P4703M-DENIM-L,197223328872,1
TE,100-S4TXD-P4703M-DENIM-M,197223328865,1
TE,100-S4TZH-D4983M-BLACK-M,197223391272,1
TE,100-S4TZH-D4983M-FLAME-M,197223439509,4
TE,100-S4TZH-D4983M-FLAME-S,197223439493,34
TE,100-S4TZH-D4983M-FLAME-XS,197223439486,20
TE,100-S4TZH-D4983M-FLAME-XXS,197223439479,6
TE,100-S4TZH-D4983M-GERAN-1X,197223348535,46
TE,100-S4TZH-D4983M-GERAN-2X,197223348542,18
TE,100-S4TZH-D4983M-GERAN-3X,197223348559,9
TE,100-S4TZH-D4983M-GERAN-L,197223348511,85
TE,100-S4TZH-D4983M-GERAN-M,197223348504,98
TE,100-S4TZH-D4983M-GERAN-S,197223348498,95
TE,100-S4TZH-D4983M-GERAN-XL,197223348528,47
TE,100-S4TZH-D4983M-GERAN-XS,197223348481,64
TE,100-S4TZH-D4983M-GERAN-XXS,197223348474,38
TE,100-S4TZH-D4983P-GERAN-PM,197223466840,1
TE,100-S4TZH-D5299M-BLACK-3X,197223418030,3
TE,100-S4TZH-D5299M-SEAFM-L,197223439769,1
TE,100-S4TZH-D5299M-SEAFM-XS,197223439738,1
TE,100-S4TZH-J5741M-BLACK-3X,197223491248,1
TE,100-S4TZH-S4390M-BLACK-L,197223418191,1
TE,100-S4TZH-S4390M-BRNZE-XL,197223418306,1
TE,100-S4TZH-U4398M-BRNZE-3X,197223418634,2
TE,100-S4TZH-U4398M-BRNZE-XL,197223418603,1
TE,100-S4VFF-T5705M-WHITE-L,197223515463,1
TE,100-S4XDY-P4639M-CHMBR-L,197223376675,1
TE,100-S4XJX-T6189M-WHITE-3X,197223419037,11
TE,100-S4XJX-U4395M-BLACK-1X,197223393498,25
TE,100-S4XJX-U4395M-BLACK-2X,197223393504,33
TE,100-S4XJX-U4395M-BLACK-3X,197223393511,13
TE,100-S4XJX-U4395M-BLACK-L,197223393474,52
TE,100-S4XJX-U4395M-BLACK-XL,197223393481,75
TE,100-S4XJX-U4395M-WHITE-1X,197223439981,29
TE,100-S4XJX-U4395M-WHITE-2X,197223439998,60
TE,100-S4XJX-U4395M-WHITE-3X,197223440000,38
TE,100-S4XJX-U4395M-WHITE-L,197223439967,72
TE,100-S4XJX-U4395M-WHITE-XL,197223439974,91
TE,100-S4XWD-W6138M-BLACK-XL,197223329831,1
TE,100-S4YCC-D5286M-BRNZE-XXS,197223429654,2
TE,100-S4YCC-D5286M-OCEAN-3X,197223440949,1
TE,100-S4YCC-P4565M-OCEAN-S,197223504375,2
TE,100-S4YCC-P4689M-OCEAN-M,197223419266,2
TE,100-S4YCC-T5705M-OCEAN-1X,197223470953,1
TE,100-S4YCD-J5558M-OCEAN-L,197223515661,1
TE,100-S4YCD-J5558M-OCEAN-S,197223515647,2
TE,100-S4YCD-P4565M-OCEAN-L,197223445142,1
TE,100-S4YCD-P4586M-BLKWH-2X,197223443674,24
TE,100-S4YCD-P4586M-BLKWH-M,197223443636,2
TE,100-S4YCD-P4794M-OCEAN-L,197223420477,1
TE,100-S4YCD-S4288M-BLKWH-1X,197223420590,1
TE,100-S4YCD-S4288M-BLKWH-XL,197223420583,1
TE,100-S4YCD-T5705M-BLKWH-L,197223429890,2
TE,100-S4YCD-T5705M-BLKWH-XL,197223429906,1
TE,100-S4YCD-T5705M-BRNZE-M,197223440994,1
TE,100-S4YCD-T5734M-BLKWH-2X,197223519881,1
TE,100-S4YCD-T6031M-BLKWH-1X,197223420699,1
TE,100-S4YCD-T6031M-BLKWH-2X,197223420705,2
TE,100-S4YCD-T6031M-BLKWH-M,197223420668,1
TE,100-S4YCD-T6031M-BLKWH-S,197223420651,1
TE,100-S4YCD-T6031M-OCEAN-1X,197223441229,1
TE,100-S4YCD-T6031M-OCEAN-L,197223441205,2
TE,100-S4YCD-T6031M-OCEAN-M,197223441199,2
TE,100-S4YCD-T6031M-OCEAN-S,197223441182,1
TE,100-SLANK-L932M-BLFLW-1X,197223955252,1
TD,100-S6AJH-T6368M-WHITE-1X,198895170783,9
TD,100-S6AJH-T6368M-WHITE-2X,198895170790,16
TD,100-S6AJH-T6368M-WHITE-3X,198895170806,9
TD,100-S6AJH-T6368M-WHITE-L,198895170769,25
TD,100-S6AJH-T6368M-WHITE-M,198895170752,17
TD,100-S6AJH-T6368M-WHITE-S,198895170745,10
TD,100-S6AJH-T6368M-WHITE-XL,198895170776,11
TD,100-S6AJH-T6368M-WHITE-XS,198895170738,7
TD,100-S6AJH-T6368M-WHITE-XXS,198895170721,2
TD,100-S6AJH-T6368P-WHITE-PL,198895280659,17
TD,100-S6AJH-T6368P-WHITE-PM,198895280642,22
TD,100-S6AJH-T6368P-WHITE-PP,198895280628,14
TD,100-S6AJH-T6368P-WHITE-PS,198895280635,24
TD,100-S6AKR-J5808M-BLACK-1X,198895171322,11
TD,100-S6AKR-J5808M-BLACK-2X,198895171339,5
TD,100-S6AKR-J5808M-BLACK-3X,198895171346,14
TD,100-S6AKR-J5808M-BLACK-L,198895171308,24
TD,100-S6AKR-J5808M-BLACK-M,198895171292,19
TD,100-S6AKR-J5808M-BLACK-XL,198895171315,22
TD,100-S6AKR-J5808M-BLACK-XS,198895171278,8
TD,100-S6AKR-J5808M-DOVE-1X,198895171414,7
TD,100-S6AKR-J5808M-DOVE-2X,198895171421,7
TD,100-S6AKR-J5808M-DOVE-3X,198895171438,14
TD,100-S6AKR-J5808M-DOVE-L,198895171391,23
TD,100-S6AKR-J5808M-DOVE-XL,198895171407,17
TD,100-S6AKR-J5808P-BLACK-PL,198895282714,5
TD,100-S6AKR-J5808P-BLACK-PM,198895282707,21
TD,100-S6AKR-J5808P-BLACK-PP,198895282684,12
TD,100-S6AKR-J5808P-BLACK-PS,198895282691,12
TD,100-S6AKR-J5808P-DOVE-PL,198895282752,22
TD,100-S6AKR-J5808P-DOVE-PM,198895282745,8
TD,100-S6AKR-J5808P-DOVE-PP,198895282721,19
TD,100-S6AKR-J5808P-DOVE-PS,198895282738,16
TD,100-S6BBR-P4600M-WSHBL-1X,198895172220,13
TD,100-S6BBR-P4600M-WSHBL-2X,198895172237,6
TD,100-S6BBR-P4600M-WSHBL-L,198895172206,51
TD,100-S6BBR-P4600M-WSHBL-M,198895172190,65
TD,100-S6BBR-P4600M-WSHBL-S,198895172183,44
TD,100-S6BBR-P4600M-WSHBL-XL,198895172213,23
TD,100-S6BBR-P4600M-WSHBL-XS,198895172176,14
TD,100-S6BBR-P4600M-WSHBL-XXS,198895172169,17
TD,100-S6BBR-P4607M-INK-3X,198895172787,4
TD,100-S6BBR-T6360M-INK-L,198895310882,22
TD,100-S6BBR-T6360M-INK-M,198895310875,33
TD,100-S6BBR-T6360M-INK-S,198895310868,12
TD,100-S6BBR-T6360M-INK-XS,198895310851,12
TD,100-S6BBR-T6360M-INK-XXS,198895310844,9
TD,100-S6BBR-T6360M-WSHBL-1X,198895175917,17
TD,100-S6BBR-T6360M-WSHBL-2X,198895175924,4
TD,100-S6BBR-T6360M-WSHBL-3X,198895175931,1
TD,100-S6BBR-T6360M-WSHBL-L,198895175894,37
TD,100-S6BBR-T6360M-WSHBL-M,198895175887,50
TD,100-S6BBR-T6360M-WSHBL-S,198895175870,35
TD,100-S6BBR-T6360M-WSHBL-XL,198895175900,20
TD,100-S6BBR-T6360M-WSHBL-XS,198895175863,26
TD,100-S6BBR-T6360M-WSHBL-XXS,198895175856,17
TD,100-S6BBR-T6524M-BONE-1X,198895433437,21
TD,100-S6BBR-T6524M-BONE-2X,198895433444,12
TD,100-S6BBR-T6524M-BONE-3X,198895433451,10
TD,100-S6BBR-T6524M-BONE-L,198895433413,39
TD,100-S6BBR-T6524M-BONE-M,198895433406,28
TD,100-S6BBR-T6524M-BONE-XL,198895433420,24
TD,100-S6BBR-T6524M-BONE-XS,198895433383,6
TD,100-S6BBR-T6524M-CTRON-1X,198895433529,40
TD,100-S6BBR-T6524M-CTRON-2X,198895433536,19
TD,100-S6BBR-T6524M-CTRON-3X,198895433543,9
TD,100-S6BBR-T6524M-CTRON-L,198895433505,28
TD,100-S6BBR-T6524M-CTRON-M,198895433499,21
TD,100-S6BBR-T6524M-CTRON-S,198895433482,32
TD,100-S6BBR-T6524M-CTRON-XL,198895433512,15
TD,100-S6BBR-T6524M-CTRON-XS,198895433475,18
TD,100-S6BBR-T6524M-CTRON-XXS,198895433468,11
TD,100-S6BDE-P4679M-BLACK-1X,198895178079,28
TD,100-S6BDE-P4679M-BLACK-2X,198895178086,7
TD,100-S6BDE-P4679M-BLACK-3X,198895178093,3
TD,100-S6BDE-P4679M-BLACK-L,198895178055,49
TD,100-S6BDE-P4679M-BLACK-M,198895178048,50
TD,100-S6BDE-P4679M-BLACK-S,198895178031,23
TD,100-S6BDE-P4679M-BLACK-XL,198895178062,16
TD,100-S6BDE-P4679M-BLACK-XS,198895178024,17
TD,100-S6BDE-P4679M-BLACK-XXS,198895178017,4
TD,100-S6BDE-P4679M-DPIND-1X,198895178253,27
TD,100-S6BDE-P4679M-DPIND-2X,198895178260,8
TD,100-S6BDE-P4679M-DPIND-3X,198895178277,2
TD,100-S6BDE-P4679M-DPIND-L,198895178239,63
TD,100-S6BDE-P4679M-DPIND-M,198895178222,66
TD,100-S6BDE-P4679M-DPIND-S,198895178215,47
TD,100-S6BDE-P4679M-DPIND-XL,198895178246,25
TD,100-S6BDE-P4679M-DPIND-XS,198895178208,16
TD,100-S6BDE-P4679M-DPIND-XXS,198895178192,13
TD,100-S6BDE-P4679M-MDNGO-XXS,198895178284,8
TD,100-S6BDE-P4679P-BLACK-PL,198895280895,10
TD,100-S6BDE-P4679P-BLACK-PM,198895280888,27
TD,100-S6BDE-P4679P-BLACK-PP,198895280864,3
TD,100-S6BDE-P4679P-BLACK-PS,198895280871,17
TD,100-S6BDE-P4679P-DPIND-PL,198895280970,14
TD,100-S6BDE-P4679P-DPIND-PM,198895280963,13
TD,100-S6BDE-P4679P-DPIND-PP,198895280949,21
TD,100-S6BDE-P4679P-DPIND-PS,198895280956,38
TD,100-S6BDE-P4887M-BLACK-1X,198895178529,8
TD,100-S6BDE-P4887M-BLACK-2X,198895178536,5
TD,100-S6BDE-P4887M-BLACK-L,198895178505,16
TD,100-S6BDE-P4887M-BLACK-M,198895178499,20
TD,100-S6BDE-P4887M-BLACK-S,198895178482,14
TD,100-S6BDE-P4887M-BLACK-XL,198895178512,14
TD,100-S6BDE-P4887M-DPIND-1X,198895178703,18
TD,100-S6BDE-P4887M-DPIND-2X,198895178710,17
TD,100-S6BDE-P4887M-DPIND-3X,198895178727,7
TD,100-S6BDE-P4887M-DPIND-L,198895178680,58
TD,100-S6BDE-P4887M-DPIND-M,198895178673,43
TD,100-S6BDE-P4887M-DPIND-S,198895178666,41
TD,100-S6BDE-P4887M-DPIND-XL,198895178697,53
TD,100-S6BDE-P4887M-DPIND-XXS,198895178642,11
TD,100-S6BDE-P4887P-BLACK-PL,198895281052,11
TD,100-S6BDE-P4887P-BLACK-PM,198895281045,6
TD,100-S6BDE-P4887P-BLACK-PP,198895281021,4
TD,100-S6BDE-P4887P-BLACK-PS,198895281038,24
TD,100-S6BDE-P4887P-DPIND-PL,198895259259,19
TD,100-S6BDE-P4887P-DPIND-PM,198895259242,25
TD,100-S6BDE-P4887P-DPIND-PP,198895259228,20
TD,100-S6BDE-P4887P-DPIND-PS,198895259235,42
TD,100-S6BDE-P4901M-BLACK-1X,198895178970,18
TD,100-S6BDE-P4901M-BLACK-2X,198895178987,5
TD,100-S6BDE-P4901M-BLACK-3X,198895178994,2
TD,100-S6BDE-P4901M-BLACK-L,198895178956,38
TD,100-S6BDE-P4901M-BLACK-M,198895178949,36
TD,100-S6BDE-P4901M-BLACK-S,198895178932,5
TD,100-S6BDE-P4901M-BLACK-XL,198895178963,19
TD,100-S6BDE-P4901M-DPIND-1X,198895179151,41
TD,100-S6BDE-P4901M-DPIND-2X,198895179168,14
TD,100-S6BDE-P4901M-DPIND-3X,198895179175,5
TD,100-S6BDE-P4901M-DPIND-L,198895179137,77
TD,100-S6BDE-P4901M-DPIND-M,198895179120,61
TD,100-S6BDE-P4901M-DPIND-S,198895179113,52
TD,100-S6BDE-P4901M-DPIND-XL,198895179144,44
TD,100-S6BDE-P4901M-DPIND-XS,198895179106,6
TD,100-S6BDE-P4901P-BLACK-PL,198895281137,18
TD,100-S6BDE-P4901P-BLACK-PM,198895281120,21
TD,100-S6BDE-P4901P-BLACK-PP,198895281106,8
TD,100-S6BDE-P4901P-BLACK-PS,198895281113,22
TD,100-S6BDE-P4901P-DPIND-PL,198895259426,38
TD,100-S6BDE-P4901P-DPIND-PM,198895259419,62
TD,100-S6BDE-P4901P-DPIND-PP,198895259396,14
TD,100-S6BDE-P4901P-DPIND-PS,198895259402,49
TD,100-S6BMG-J5835M-INK-L,198895180805,21
TD,100-S6BMG-J5835M-INK-M,198895180799,17
TD,100-S6BMG-J5835M-INK-S,198895180782,7
TD,100-S6BMG-J5835M-INK-XS,198895180775,6
TD,100-S6BMG-J5835P-INK-PL,198895266660,9
TD,100-S6BMG-J5835P-INK-PM,198895266653,13
TD,100-S6BMG-J5835P-INK-PP,198895266639,5
TD,100-S6BMG-J5835P-INK-PS,198895266646,12
TD,100-S6BVR-K5239M-BLACK-1X,198895181093,19
TD,100-S6BVR-K5239M-BLACK-2X,198895181109,18
TD,100-S6BVR-K5239M-BLACK-3X,198895181116,3
TD,100-S6BVR-K5239M-BLACK-L,198895181079,45
TD,100-S6BVR-K5239M-BLACK-M,198895181062,63
TD,100-S6BVR-K5239M-BLACK-S,198895181055,42
TD,100-S6BVR-K5239M-BLACK-XL,198895181086,31
TD,100-S6BVR-K5239M-BLACK-XS,198895181048,19
TD,100-S6BVR-K5239M-BLACK-XXS,198895181031,7
TD,100-S6BVR-K5239M-INK-1X,198895181185,18
TD,100-S6BVR-K5239M-INK-2X,198895181192,6
TD,100-S6BVR-K5239M-INK-3X,198895181208,6
TD,100-S6BVR-K5239M-INK-L,198895181161,20
TD,100-S6BVR-K5239M-INK-M,198895181154,23
TD,100-S6BVR-K5239M-INK-S,198895181147,14
TD,100-S6BVR-K5239M-INK-XL,198895181178,13
TD,100-S6BVR-W6220M-DOVE-1X,198895181369,8
TD,100-S6BVR-W6220M-DOVE-2X,198895181376,12
TD,100-S6BVR-W6220M-DOVE-L,198895181345,31
TD,100-S6BVR-W6220M-DOVE-M,198895181338,48
TD,100-S6BVR-W6220M-DOVE-S,198895181321,46
TD,100-S6BVR-W6220M-DOVE-XL,198895181352,20
TD,100-S6BVR-W6220M-DOVE-XS,198895181314,34
TD,100-S6BVR-W6220M-DOVE-XXS,198895181307,8
TD,100-S6BVR-W6220M-INK-1X,198895181451,6
TD,100-S6BVR-W6220M-INK-L,198895181437,21
TD,100-S6BVR-W6220M-INK-M,198895181420,54
TD,100-S6BVR-W6220M-INK-S,198895181413,29
TD,100-S6BVR-W6220M-INK-XL,198895181444,17
TD,100-S6BVR-W6220M-INK-XS,198895181406,29
TD,100-S6BVR-W6220M-INK-XXS,198895181390,4
TD,100-S6BVR-W6220M-SKYLT-1X,198895181543,4
TD,100-S6BVR-W6220M-SKYLT-2X,198895181550,9
TD,100-S6BVR-W6220M-SKYLT-L,198895181529,32
TD,100-S6BVR-W6220M-SKYLT-M,198895181512,40
TD,100-S6BVR-W6220M-SKYLT-S,198895181505,38
TD,100-S6BVR-W6220M-SKYLT-XL,198895181536,12
TD,100-S6BVR-W6220M-SKYLT-XS,198895181499,30
TD,100-S6BVR-W6274M-BLACK-M,198895181604,20
TD,100-S6BVR-W6274M-BLACK-S,198895181598,43
TD,100-S6BVR-W6274M-BLACK-XS,198895181581,35
TD,100-S6BVR-W6274M-INK-L,198895181703,9
TD,100-S6BVR-W6274M-INK-M,198895181697,33
TD,100-S6BVR-W6274M-INK-S,198895181680,55
TD,100-S6BVR-W6274M-INK-XS,198895181673,34
TD,100-S6BVR-W6274M-INK-XXS,198895181666,8
TD,100-S6CIZ-D5345M-INK-1X,198895181864,22
TD,100-S6CIZ-D5345M-INK-2X,198895181871,11
TD,100-S6CIZ-D5345M-INK-3X,198895181888,13
TD,100-S6CIZ-D5345M-INK-L,198895181840,39
TD,100-S6CIZ-D5345M-INK-M,198895181833,34
TD,100-S6CIZ-D5345M-INK-S,198895181826,18
TD,100-S6CIZ-D5345M-INK-XL,198895181857,33
TD,100-S6CXU-T6318M-CDMOM-2X,198895182687,6
TD,100-S6CXU-T6318M-CDMOM-L,198895182656,6
TD,100-S6CXU-T6318M-CDMOM-M,198895182649,14
TD,100-S6CXU-T6318M-CDMOM-S,198895182632,3
TD,100-S6CXU-T6318M-CDMOM-XS,198895182625,3
TD,100-S6CXU-T6318M-CDMOM-XXS,198895182618,3
TD,100-S6CXU-T6318M-INK-1X,198895182762,14
TD,100-S6CXU-T6318M-INK-2X,198895182779,23
TD,100-S6CXU-T6318M-INK-3X,198895182786,12
TD,100-S6CXU-T6318M-INK-L,198895182748,55
TD,100-S6CXU-T6318M-INK-M,198895182731,56
TD,100-S6CXU-T6318M-INK-S,198895182724,31
TD,100-S6CXU-T6318M-INK-XL,198895182755,37
TD,100-S6CXU-T6318M-INK-XS,198895182717,19
TD,100-S6CXU-T6318M-INK-XXS,198895182700,4
TD,100-S6CXU-T6318P-CDMOM-PL,198895283049,11
TD,100-S6CXU-T6318P-CDMOM-PM,198895283032,10
TD,100-S6CXU-T6318P-CDMOM-PP,198895283018,2
TD,100-S6CXU-T6318P-CDMOM-PS,198895283025,11
TD,100-S6CXU-T6318P-INK-PL,198895283087,18
TD,100-S6CXU-T6318P-INK-PM,198895283070,20
TD,100-S6CXU-T6318P-INK-PP,198895283056,10
TD,100-S6CXU-T6318P-INK-PS,198895283063,16
TD,100-S6DEE-J5558M-INK-2X,198895183042,9
TD,100-S6DEE-J5558M-INK-3X,198895183059,9
TD,100-S6DEE-J5558M-INK-S,198895182991,13
TD,100-S6DEE-J5558M-INK-XXS,198895182977,5
TD,100-S6DEE-J5558P-INK-PL,198895281298,1
TD,100-S6DEE-J5558P-INK-PM,198895281281,7
TD,100-S6DEE-J5558P-INK-PS,198895281274,9
TD,100-S6DEE-P4366M-DOVE-2X,198895250546,8
TD,100-S6DEE-P4366M-DOVE-3X,198895250553,6
TD,100-S6DEE-P4366M-DOVE-L,198895250515,16
TD,100-S6DEE-P4366M-DOVE-S,198895250492,3
TD,100-S6DEE-P4366M-DOVE-XL,198895250522,6
TD,100-S6DEE-P4366M-DOVE-XS,198895250485,5
TD,100-S6DEE-P4366M-DOVE-XXS,198895250478,2
TD,100-S6DEE-P4366M-INK-2X,198895183318,15
TD,100-S6DEE-P4366M-INK-3X,198895183325,6
TD,100-S6DEE-P4366M-INK-L,198895183288,13
TD,100-S6DEE-P4366M-INK-XL,198895183295,6
TD,100-S6DEE-P4366M-INK-XXS,198895183240,5
TD,100-S6DEE-T6475M-INK-2X,198895183851,1
TD,100-S6DEE-T6475M-INK-3X,198895183868,5
TD,100-S6DEE-T6475M-INK-L,198895183820,7
TD,100-S6DEE-T6475M-INK-M,198895183813,24
TD,100-S6DEE-T6475M-INK-S,198895183806,21
TD,100-S6DEE-T6475M-INK-XL,198895183837,5
TD,100-S6DEE-T6475M-INK-XS,198895183790,15
TD,100-S6DEE-T6475M-INK-XXS,198895183783,4
TD,100-S6FTE-T6468M-BLACK-L,198895184919,40
TD,100-S6FTE-T6468M-BLACK-M,198895184902,74
TD,100-S6FTE-T6468M-BLACK-S,198895184896,59
TD,100-S6FTE-T6468M-BLACK-XL,198895184926,24
TD,100-S6FTE-T6468M-BLACK-XS,198895184889,33
TD,100-S6FTE-T6468M-BLACK-XXS,198895184872,5
TD,100-S6FTE-T6468M-INK-3X,198895185046,3
TD,100-S6FTE-T6468M-INK-L,198895185008,18
TD,100-S6FTE-T6468M-INK-M,198895184995,40
TD,100-S6FTE-T6468M-INK-S,198895184988,33
TD,100-S6FTE-T6468M-INK-XS,198895184971,22
TD,100-S6FTE-T6468M-INK-XXS,198895184964,4
TD,100-S6FTE-T6468P-BLACK-PL,198895283247,31
TD,100-S6FTE-T6468P-BLACK-PM,198895283230,44
TD,100-S6FTE-T6468P-BLACK-PP,198895283216,18
TD,100-S6FTE-T6468P-BLACK-PS,198895283223,43
TD,100-S6FTE-T6468P-INK-PL,198895283285,14
TD,100-S6FTE-T6468P-INK-PM,198895283278,24
TD,100-S6FTE-T6468P-INK-PP,198895283254,7
TD,100-S6FTE-T6468P-INK-PS,198895283261,19
TD,100-S6FTE-T6473M-INK-1X,198895185473,20
TD,100-S6FTE-T6473M-INK-2X,198895185480,14
TD,100-S6FTE-T6473M-INK-3X,198895185497,10
TD,100-S6FTE-T6473M-INK-L,198895185459,44
TD,100-S6FTE-T6473M-INK-M,198895185442,44
TD,100-S6FTE-T6473M-INK-S,198895185435,19
TD,100-S6FTE-T6473M-INK-XL,198895185466,35
TD,100-S6FTE-T6473M-INK-XS,198895185428,21
TD,100-S6GC1-J5837M-BLACK-XS,198895187705,2
TD,100-S6GC1-P4889M-INK-1X,198895188207,6
TD,100-S6GC1-P4889M-INK-L,198895188184,7
TD,100-S6GC1-P4889M-INK-M,198895188177,9
TD,100-S6GC1-P4889M-INK-XL,198895188191,15
TD,100-S6GC1-P4889M-INK-XXS,198895188146,4
TD,100-S6GC1-T6108M-INK-1X,198895188474,1
TD,100-S6GC1-T6108M-INK-2X,198895188481,4
TD,100-S6GC1-T6108M-INK-3X,198895188498,8
TD,100-S6GC1-T6108M-INK-L,198895188450,37
TD,100-S6GC1-T6108M-INK-M,198895188443,49
TD,100-S6GC1-T6108M-INK-S,198895188436,28
TD,100-S6GC1-T6108M-INK-XL,198895188467,26
TD,100-S6GC1-T6108M-INK-XS,198895188429,18
TD,100-S6GC1-T6108M-INK-XXS,198895188412,9
TD,100-S6GC1-T6108M-SKYLT-L,198895188542,14
TD,100-S6GC1-T6108M-SKYLT-M,198895188535,17
TD,100-S6GC1-T6108M-SKYLT-S,198895188528,19
TD,100-S6GC1-T6108M-SKYLT-XL,198895188559,5
TD,100-S6GC1-T6108M-SKYLT-XS,198895188511,9
TD,100-S6GC1-T6108M-SKYLT-XXS,198895188504,5
TD,100-S6GC1-T6108P-INK-PL,198895283841,33
TD,100-S6GC1-T6108P-INK-PM,198895283834,36
TD,100-S6GC1-T6108P-INK-PP,198895283810,23
TD,100-S6GC1-T6108P-INK-PS,198895283827,38
TD,100-S6GC1-T6108P-SKYLT-PL,198895283889,16
TD,100-S6GC1-T6108P-SKYLT-PM,198895283872,26
TD,100-S6GC1-T6108P-SKYLT-PP,198895283858,15
TD,100-S6GC1-T6108P-SKYLT-PS,198895283865,17
TD,100-S6GC1-T6447M-BLACK-1X,198895189372,15
TD,100-S6GC1-T6447M-BLACK-2X,198895189389,16
TD,100-S6GC1-T6447M-BLACK-3X,198895189396,7
TD,100-S6GC1-T6447M-BLACK-L,198895189358,41
TD,100-S6GC1-T6447M-BLACK-M,198895189341,53
TD,100-S6GC1-T6447M-BLACK-S,198895189334,41
TD,100-S6GC1-T6447M-BLACK-XL,198895189365,23
TD,100-S6GC1-T6447M-BLACK-XS,198895189327,25
TD,100-S6GC1-T6447M-BLACK-XXS,198895189310,6
TD,100-S6GC1-T6447M-IVORY-1X,198895189730,5
TD,100-S6GC1-T6447M-IVORY-2X,198895189747,9
TD,100-S6GC1-T6447M-IVORY-3X,198895189754,2
TD,100-S6GC1-T6447M-IVORY-L,198895189716,14
TD,100-S6GC1-T6447M-IVORY-M,198895189709,19
TD,100-S6GC1-T6447M-IVORY-S,198895189693,16
TD,100-S6GC1-T6447M-IVORY-XL,198895189723,5
TD,100-S6GC1-T6447M-IVORY-XS,198895189686,8
TD,100-S6GC1-T6447M-IVORY-XXS,198895189679,1
TD,100-S6GC1-T6447M-SEAFM-3X,198895189938,1
TD,100-S6GC1-T6447M-SEAFM-M,198895189884,14
TD,100-S6GC1-T6447M-SEAFM-S,198895189877,10
TD,100-S6GC1-T6447M-SEAFM-XL,198895189907,1
TD,100-S6GC1-T6447M-SEAFM-XS,198895189860,10
TD,100-S6GC1-T6447M-SEAFM-XXS,198895189853,1
TD,100-S6GC1-U4274M-BLACK-L,198895250966,21
TD,100-S6GC1-U4274M-BLACK-M,198895250959,36
TD,100-S6GC1-U4274M-BLACK-S,198895250942,11
TD,100-S6GC1-U4274M-BLACK-XL,198895250973,2
TD,100-S6GC1-U4274M-BLACK-XS,198895250935,10
TD,100-S6GC1-U4274M-BLACK-XXS,198895250928,1
TD,100-S6GC1-U4274M-INK-XS,198895190224,1
TD,100-S6GC1-U4274M-INK-XXS,198895190217,1
TD,100-S6GC1-U4274M-IVORY-2X,198895190378,8
TD,100-S6GC1-U4274M-IVORY-L,198895190347,29
TD,100-S6GC1-U4274M-IVORY-M,198895190330,35
TD,100-S6GC1-U4274M-IVORY-S,198895190323,8
TD,100-S6GC1-U4274M-IVORY-XL,198895190354,18
TD,100-S6GC1-U4274M-IVORY-XS,198895190316,3
TD,100-S6GC1-U4274M-IVORY-XXS,198895190309,2
TD,100-S6GC1-U4403M-BLACK-1X,198895190637,9
TD,100-S6GC1-U4403M-BLACK-2X,198895190644,7
TD,100-S6GC1-U4403M-BLACK-3X,198895190651,1
TD,100-S6GC1-U4403M-BLACK-L,198895190613,33
TD,100-S6GC1-U4403M-BLACK-M,198895190606,38
TD,100-S6GC1-U4403M-BLACK-S,198895190590,40
TD,100-S6GC1-U4403M-BLACK-XL,198895190620,28
TD,100-S6GC1-U4403M-BLACK-XS,198895190583,22
TD,100-S6GC1-U4403M-BLACK-XXS,198895190576,13
TD,100-S6GC1-U4403M-INK-2X,198895190736,5
TD,100-S6GC1-U4403M-INK-L,198895190705,2
TD,100-S6GC1-U4403M-INK-XS,198895190675,1
TD,100-S6GC1-U4403M-INK-XXS,198895190668,6
TD,100-S6GC1-U4403M-IVORY-1X,198895190811,15
TD,100-S6GC1-U4403M-IVORY-2X,198895190828,11
TD,100-S6GC1-U4403M-IVORY-3X,198895190835,3
TD,100-S6GC1-U4403M-IVORY-L,198895190798,29
TD,100-S6GC1-U4403M-IVORY-M,198895190781,22
TD,100-S6GC1-U4403M-IVORY-S,198895190774,26
TD,100-S6GC1-U4403M-IVORY-XL,198895190804,28
TD,100-S6GC1-U4403M-IVORY-XS,198895190767,5
TD,100-S6GC1-U4403M-IVORY-XXS,198895190750,13
TD,100-S6GDD-J5511M-WHITE-1X,198895190903,19
TD,100-S6GDD-J5511M-WHITE-2X,198895190910,14
TD,100-S6GDD-J5511M-WHITE-3X,198895190927,12
TD,100-S6GDD-J5511M-WHITE-L,198895190880,86
TD,100-S6GDD-J5511M-WHITE-M,198895190873,81
TD,100-S6GDD-J5511M-WHITE-S,198895190866,63
TD,100-S6GDD-J5511M-WHITE-XL,198895190897,53
TD,100-S6GDD-J5511M-WHITE-XS,198895190859,21
TD,100-S6GDD-J5511M-WHITE-XXS,198895190842,10
TD,100-S6GDD-J5511P-WHITE-PL,198895283926,25
TD,100-S6GDD-J5511P-WHITE-PM,198895283919,27
TD,100-S6GDD-J5511P-WHITE-PP,198895283896,14
TD,100-S6GDD-J5511P-WHITE-PS,198895283902,30
TD,100-S6GDD-P4679M-WHITE-1X,198895191269,23
TD,100-S6GDD-P4679M-WHITE-2X,198895191276,5
TD,100-S6GDD-P4679M-WHITE-3X,198895191283,2
TD,100-S6GDD-P4679M-WHITE-L,198895191245,59
TD,100-S6GDD-P4679M-WHITE-M,198895191238,38
TD,100-S6GDD-P4679M-WHITE-S,198895191221,22
TD,100-S6GDD-P4679M-WHITE-XL,198895191252,24
TD,100-S6GDD-P4679M-WHITE-XS,198895191214,12
TD,100-S6GDD-P4679P-WHITE-PL,198895283964,15
TD,100-S6GDD-P4679P-WHITE-PM,198895283957,20
TD,100-S6GDD-P4679P-WHITE-PP,198895283933,5
TD,100-S6GDD-P4679P-WHITE-PS,198895283940,26
TD,100-S6GK-U2372M-INK-1X,198895192617,10
TD,100-S6GK-U2372M-INK-3X,198895192631,1
TD,100-S6GK-U2372M-INK-L,198895192594,15
TD,100-S6GK-U2372M-INK-M,198895192587,21
TD,100-S6GK-U2372M-INK-S,198895192570,18
TD,100-S6GK-U2372M-INK-XL,198895192600,7
TD,100-S6GK-U2372M-INK-XS,198895192563,9
TD,100-S6GK-U2372M-INK-XXS,198895192556,1
TD,100-S6GK-U2372M-IVORY-XL,198895192693,3
TD,100-S6GT1-D5364M-INK-1X,198895246358,13
TD,100-S6GT1-D5364M-INK-2X,198895246365,2
TD,100-S6GT1-D5364M-INK-L,198895246334,27
TD,100-S6GT1-D5364M-INK-M,198895246327,36
TD,100-S6GT1-D5364M-INK-S,198895246310,12
TD,100-S6GT1-D5364M-INK-XL,198895246341,31
TD,100-S6GT1-D5364M-INK-XS,198895246303,1
TD,100-S6ISZ-T5670P-SKYLT-PL,198895262846,41
TD,100-S6ISZ-T5670P-SKYLT-PM,198895262839,44
TD,100-S6ISZ-T5670P-SKYLT-PP,198895262815,31
TD,100-S6ISZ-T5670P-SKYLT-PS,198895262822,48
TD,100-S6ISZ-T5852M-SKYLT-1X,198895195465,13
TD,100-S6ISZ-T5852M-SKYLT-2X,198895195472,11
TD,100-S6ISZ-T5852M-SKYLT-3X,198895195489,4
TD,100-S6ISZ-T5852M-SKYLT-L,198895195441,26
TD,100-S6ISZ-T5852M-SKYLT-M,198895195434,35
TD,100-S6ISZ-T5852M-SKYLT-S,198895195427,29
TD,100-S6ISZ-T5852M-SKYLT-XL,198895195458,18
TD,100-S6ISZ-T5852M-SKYLT-XS,198895195410,5
TD,100-S6ISZ-T5852M-SKYLT-XXS,198895195403,4
TD,100-S6IZ1-T5670M-ARYBL-1X,198895195915,4
TD,100-S6IZ1-T5670M-ARYBL-2X,198895195922,7
TD,100-S6IZ1-T5670M-ARYBL-3X,198895195939,8
TD,100-S6IZ1-T5670M-ARYBL-L,198895195892,21
TD,100-S6IZ1-T5670M-ARYBL-M,198895195885,17
TD,100-S6IZ1-T5670M-ARYBL-S,198895195878,10
TD,100-S6IZ1-T5670M-ARYBL-XL,198895195908,10
TD,100-S6IZ1-T5670M-ARYBL-XS,198895195861,3
TD,100-S6IZ1-T5670M-INK-2X,198895196288,5
TD,100-S6IZ1-T5670M-INK-3X,198895196295,8
TD,100-S6IZ1-T5670P-ARYBL-PL,198895284169,16
TD,100-S6IZ1-T5670P-ARYBL-PM,198895284152,24
TD,100-S6IZ1-T5670P-ARYBL-PP,198895284138,17
TD,100-S6IZ1-T5670P-ARYBL-PS,198895284145,32
TD,100-S6IZ1-T5670P-INK-PP,198895284299,17
TD,100-S6IZ1-T5852M-BDORG-3X,198895196653,3
TD,100-S6IZ1-T5852M-BDORG-XL,198895196622,8
TD,100-S6IZ1-T5852M-BDORG-XXS,198895196578,3
TD,100-S6IZ1-T5852M-INK-1X,198895197179,4
TD,100-S6IZ1-T5852M-INK-2X,198895197186,22
TD,100-S6IZ1-T5852M-INK-3X,198895197193,4
TD,100-S6IZ1-T5852M-INK-L,198895197155,34
TD,100-S6IZ1-T5852M-INK-M,198895197148,54
TD,100-S6IZ1-T5852M-INK-S,198895197131,22
TD,100-S6IZ1-T5852M-INK-XL,198895197162,28
TD,100-S6IZ1-T5852M-INK-XS,198895197124,11
TD,100-S6IZ1-T5852M-INK-XXS,198895197117,5
TD,100-S6LOL-P4794M-BAYLF-1X,198895203924,20
TD,100-S6LOL-P4794M-BAYLF-2X,198895203931,11
TD,100-S6LOL-P4794M-BAYLF-3X,198895203948,4
TD,100-S6LOL-P4794M-BAYLF-M,198895203894,19
TD,100-S6LOL-P4794M-BAYLF-XL,198895203917,22
TD,100-S6LOL-P4794M-FIELD-1X,198895204105,29
TD,100-S6LOL-P4794M-FIELD-2X,198895204112,15
TD,100-S6LOL-P4794M-FIELD-3X,198895204129,9
TD,100-S6LOL-P4794M-FIELD-L,198895204082,60
TD,100-S6LOL-P4794M-FIELD-M,198895204075,72
TD,100-S6LOL-P4794M-FIELD-S,198895204068,50
TD,100-S6LOL-P4794M-FIELD-XL,198895204099,33
TD,100-S6LOL-P4794M-FIELD-XS,198895204051,30
TD,100-S6LOL-P4794M-FIELD-XXS,198895204044,9
TD,100-S6LOL-P4794P-FIELD-PL,198895479923,27
TD,100-S6LOL-P4794P-FIELD-PM,198895479916,26
TD,100-S6LOL-P4794P-FIELD-PP,198895479893,4
TD,100-S6LOL-P4794P-FIELD-PS,198895479909,26
TD,100-S6LOL-S4389M-BAYLF-1X,198895204372,9
TD,100-S6LOL-S4389M-BAYLF-2X,198895204389,7
TD,100-S6LOL-S4389M-BAYLF-3X,198895204396,6
TD,100-S6LOL-S4389M-BAYLF-L,198895204358,21
TD,100-S6LOL-S4389M-BAYLF-M,198895204341,13
TD,100-S6LOL-S4389M-BAYLF-S,198895204334,15
TD,100-S6LOL-S4389M-BAYLF-XL,198895204365,18
TD,100-S6LOL-S4389M-BAYLF-XS,198895204327,1
TD,100-S6LOL-T6090M-BAYLF-L,198895204624,18
TD,100-S6LOL-T6090M-BAYLF-M,198895204617,18
TD,100-S6LOL-T6090M-BAYLF-S,198895204600,23
TD,100-S6LOL-T6090M-BAYLF-XS,198895204594,3
TD,100-S6LOL-T6090M-BAYLF-XXS,198895204587,5
TD,100-S6LOL-T6356M-FIELD-1X,198895466725,13
TD,100-S6LOL-T6356M-FIELD-2X,198895466732,12
TD,100-S6LOL-T6356M-FIELD-3X,198895466749,7
TD,100-S6LOL-T6356M-FIELD-L,198895466701,30
TD,100-S6LOL-T6356M-FIELD-M,198895466695,53
TD,100-S6LOL-T6356M-FIELD-S,198895466688,44
TD,100-S6LOL-T6356M-FIELD-XL,198895466718,18
TD,100-S6LOL-T6356M-FIELD-XS,198895466671,27
TD,100-S6LOL-T6356M-FIELD-XXS,198895466664,9
TD,100-S6LOL-T6450M-BAYLF-1X,198895204914,8
TD,100-S6LOL-T6450M-BAYLF-2X,198895204921,10
TD,100-S6LOL-T6450M-BAYLF-L,198895204891,19
TD,100-S6LOL-T6450M-BAYLF-M,198895204884,29
TD,100-S6LOL-T6450M-BAYLF-S,198895204877,9
TD,100-S6LOL-T6450M-BAYLF-XL,198895204907,7
TD,100-S6LOL-T6450M-BAYLF-XXS,198895204853,6
TD,100-S6OFQ-C0506M-BAYLF-XL,198895207069,23
TD,100-S6OJH-J5787M-CRSPK-1X,198895367992,13
TD,100-S6OJH-J5787M-CRSPK-2X,198895368005,12
TD,100-S6OJH-J5787M-CRSPK-3X,198895368012,10
TD,100-S6OJH-J5787M-CRSPK-L,198895367978,32
TD,100-S6OJH-J5787M-CRSPK-M,198895367961,41
TD,100-S6OJH-J5787M-CRSPK-S,198895367954,28
TD,100-S6OJH-J5787M-CRSPK-XL,198895367985,19
TD,100-S6OJH-J5787M-CRSPK-XS,198895367947,13
TD,100-S6OJH-J5787M-CRSPK-XXS,198895367930,4
TD,100-S6OJH-J5787M-GRNDN-1X,198895368081,12
TD,100-S6OJH-J5787M-GRNDN-2X,198895368098,18
TD,100-S6OJH-J5787M-GRNDN-3X,198895368104,17
TD,100-S6OJH-J5787M-GRNDN-L,198895368067,47
TD,100-S6OJH-J5787M-GRNDN-M,198895368050,64
TD,100-S6OJH-J5787M-GRNDN-S,198895368043,40
TD,100-S6OJH-J5787M-GRNDN-XL,198895368074,34
TD,100-S6OJH-J5787M-GRNDN-XS,198895368036,20
TD,100-S6OJH-J5787M-GRNDN-XXS,198895368029,7
TD,100-S6OJH-J5787M-WHITE-1X,198895368357,11
TD,100-S6OJH-J5787M-WHITE-2X,198895368364,9
TD,100-S6OJH-J5787M-WHITE-3X,198895368371,7
TD,100-S6OJH-J5787M-WHITE-L,198895368333,23
TD,100-S6OJH-J5787M-WHITE-M,198895368326,29
TD,100-S6OJH-J5787M-WHITE-S,198895368319,19
TD,100-S6OJH-J5787M-WHITE-XL,198895368340,16
TD,100-S6OJH-J5787M-WHITE-XS,198895368302,9
TD,100-S6OJH-J5787M-WHITE-XXS,198895368296,4
TD,100-S6OJH-P4867M-BLACK-1X,198895244415,33
TD,100-S6OJH-P4867M-BLACK-2X,198895244422,15
TD,100-S6OJH-P4867M-BLACK-3X,198895244439,13
TD,100-S6OJH-P4867M-BLACK-L,198895244392,104
TD,100-S6OJH-P4867M-BLACK-M,198895244385,149
TD,100-S6OJH-P4867M-BLACK-S,198895244378,73
TD,100-S6OJH-P4867M-BLACK-XL,198895244408,63
TD,100-S6OJH-P4867M-BLACK-XS,198895244361,40
TD,100-S6OJH-P4867M-BLACK-XXS,198895244354,10
TD,100-S6OJH-P4909M-BLACK-1X,198895207991,41
TD,100-S6OJH-P4909M-BLACK-2X,198895208004,22
TD,100-S6OJH-P4909M-BLACK-3X,198895208011,13
TD,100-S6OJH-P4909M-BLACK-L,198895207977,89
TD,100-S6OJH-P4909M-BLACK-M,198895207960,96
TD,100-S6OJH-P4909M-BLACK-S,198895207953,64
TD,100-S6OJH-P4909M-BLACK-XL,198895207984,60
TD,100-S6OJH-P4909M-BLACK-XS,198895207946,26
TD,100-S6OJH-P4909M-BLACK-XXS,198895207939,12
TD,100-S6OJH-P4909M-INK-1X,198895208080,23
TD,100-S6OJH-P4909M-INK-2X,198895208097,14
TD,100-S6OJH-P4909M-INK-3X,198895208103,2
TD,100-S6OJH-P4909M-INK-L,198895208066,35
TD,100-S6OJH-P4909M-INK-M,198895208059,50
TD,100-S6OJH-P4909M-INK-S,198895208042,30
TD,100-S6OJH-P4909M-INK-XL,198895208073,24
TD,100-S6OJH-P4909M-INK-XS,198895208035,14
TD,100-S6OJH-P4909M-INK-XXS,198895208028,1
TD,100-S6OJH-P4909P-BLACK-PL,198895285043,56
TD,100-S6OJH-P4909P-BLACK-PM,198895285036,69
TD,100-S6OJH-P4909P-BLACK-PP,198895285012,31
TD,100-S6OJH-P4909P-BLACK-PS,198895285029,62
TD,100-S6OJH-P4909P-INK-PL,198895285081,13
TD,100-S6OJH-P4909P-INK-PM,198895285074,15
TD,100-S6OJH-P4909P-INK-PP,198895285050,2
TD,100-S6OJH-P4909P-INK-PS,198895285067,13
TD,100-S6OJH-T6500M-BLACK-1X,198895303723,26
TD,100-S6OJH-T6500M-BLACK-2X,198895303730,17
TD,100-S6OJH-T6500M-BLACK-3X,198895303747,19
TD,100-S6OJH-T6500M-BLACK-L,198895303709,64
TD,100-S6OJH-T6500M-BLACK-M,198895303693,77
TD,100-S6OJH-T6500M-BLACK-S,198895303686,47
TD,100-S6OJH-T6500M-BLACK-XL,198895303716,46
TD,100-S6OJH-T6500M-BLACK-XS,198895303679,22
TD,100-S6OJH-T6500M-BLACK-XXS,198895303662,11
TD,100-S6OJH-T6500M-WHITE-1X,198895304089,27
TD,100-S6OJH-T6500M-WHITE-2X,198895304096,17
TD,100-S6OJH-T6500M-WHITE-3X,198895304102,14
TD,100-S6OJH-T6500M-WHITE-L,198895304065,66
TD,100-S6OJH-T6500M-WHITE-M,198895304058,77
TD,100-S6OJH-T6500M-WHITE-S,198895304041,50
TD,100-S6OJH-T6500M-WHITE-XL,198895304072,49
TD,100-S6OJH-T6500M-WHITE-XS,198895304034,22
TD,100-S6OJH-T6500M-WHITE-XXS,198895304027,11
TD,100-S6OLA-T6368M-ARYBL-1X,198895211325,15
TD,100-S6OLA-T6368M-ARYBL-2X,198895211332,8
TD,100-S6OLA-T6368M-ARYBL-3X,198895211349,8
TD,100-S6OLA-T6368M-ARYBL-L,198895211301,40
TD,100-S6OLA-T6368M-ARYBL-M,198895211295,56
TD,100-S6OLA-T6368M-ARYBL-S,198895211288,22
TD,100-S6OLA-T6368M-ARYBL-XL,198895211318,39
TD,100-S6OLA-T6368M-ARYBL-XS,198895211271,16
TD,100-S6OLA-T6368M-ARYBL-XXS,198895211264,1
TD,100-S6OLA-T6368M-CTRON-1X,198895211684,7
TD,100-S6OLA-T6368M-CTRON-2X,198895211691,7
TD,100-S6OLA-T6368M-CTRON-3X,198895211707,1
TD,100-S6OLA-T6368M-CTRON-L,198895211660,18
TD,100-S6OLA-T6368M-CTRON-M,198895211653,9
TD,100-S6OLA-T6368M-CTRON-S,198895211646,9
TD,100-S6OLA-T6368M-CTRON-XL,198895211677,5
TD,100-S6OLA-T6368M-CTRON-XS,198895211639,1
TD,100-S6OLA-T6368M-PETUN-2X,198895212322,5
TD,100-S6OLA-T6368M-PETUN-3X,198895212339,3
TD,100-S6OLA-T6368M-PETUN-L,198895212292,16
TD,100-S6OLA-T6368M-PETUN-M,198895212285,33
TD,100-S6OLA-T6368M-PETUN-S,198895212278,28
TD,100-S6OLA-T6368M-PETUN-XL,198895212308,29
TD,100-S6OLA-T6368M-PETUN-XS,198895212261,9
TD,100-S6OLA-T6368M-PETUN-XXS,198895212254,2
TD,100-S6OLA-T6368M-WHITE-1X,198895212858,2
TD,100-S6OLA-T6368M-WHITE-2X,198895212865,12
TD,100-S6OLA-T6368M-WHITE-3X,198895212872,1
TD,100-S6OLA-T6368M-WHITE-L,198895212834,36
TD,100-S6OLA-T6368M-WHITE-M,198895212827,22
TD,100-S6OLA-T6368M-WHITE-XL,198895212841,31
TD,100-S6OLA-T6368P-PETUN-PM,198895480271,1
TD,100-S6OLA-T6368P-PETUN-PP,198895480257,2
TD,100-S6OLA-T6368P-PETUN-PS,198895480264,15
TD,100-S6OLA-T6450M-BLACK-1X,198895372040,38
TD,100-S6OLA-T6450M-BLACK-2X,198895372057,38
TD,100-S6OLA-T6450M-BLACK-3X,198895372064,20
TD,100-S6OLA-T6450M-BLACK-L,198895372026,79
TD,100-S6OLA-T6450M-BLACK-M,198895372019,97
TD,100-S6OLA-T6450M-BLACK-S,198895372002,55
TD,100-S6OLA-T6450M-BLACK-XL,198895372033,71
TD,100-S6OLA-T6450M-BLACK-XS,198895371999,33
TD,100-S6OLA-T6450M-BLACK-XXS,198895371982,13
TD,100-S6OLA-T6450M-BREZE-1X,198895372132,22
TD,100-S6OLA-T6450M-BREZE-2X,198895372149,20
TD,100-S6OLA-T6450M-BREZE-3X,198895372156,13
TD,100-S6OLA-T6450M-BREZE-L,198895372118,57
TD,100-S6OLA-T6450M-BREZE-M,198895372101,52
TD,100-S6OLA-T6450M-BREZE-S,198895372095,33
TD,100-S6OLA-T6450M-BREZE-XL,198895372125,41
TD,100-S6OLA-T6450M-BREZE-XS,198895372088,15
TD,100-S6OLA-T6450M-BREZE-XXS,198895372071,2
TD,100-S6OLA-T6450M-KELP-1X,198895372491,27
TD,100-S6OLA-T6450M-KELP-2X,198895372507,24
TD,100-S6OLA-T6450M-KELP-3X,198895372514,19
TD,100-S6OLA-T6450M-KELP-L,198895372477,35
TD,100-S6OLA-T6450M-KELP-M,198895372460,34
TD,100-S6OLA-T6450M-KELP-S,198895372453,20
TD,100-S6OLA-T6450M-KELP-XL,198895372484,56
TD,100-S6OLA-T6450M-KELP-XS,198895372446,21
TD,100-S6OLA-T6450M-KELP-XXS,198895372439,1
TD,100-S6OLA-T6450M-WHITE-1X,198895372941,18
TD,100-S6OLA-T6450M-WHITE-2X,198895372958,24
TD,100-S6OLA-T6450M-WHITE-3X,198895372965,11
TD,100-S6OLA-T6450M-WHITE-L,198895372927,30
TD,100-S6OLA-T6450M-WHITE-XL,198895372934,32
TD,100-S6OLA-T6470M-WHITE-1X,198895213213,33
TD,100-S6OLA-T6470M-WHITE-2X,198895213220,28
TD,100-S6OLA-T6470M-WHITE-3X,198895213237,17
TD,100-S6OLA-T6470M-WHITE-L,198895213190,53
TD,100-S6OLA-T6470M-WHITE-M,198895213183,70
TD,100-S6OLA-T6470M-WHITE-S,198895213176,54
TD,100-S6OLA-T6470M-WHITE-XL,198895213206,41
TD,100-S6OLA-T6470M-WHITE-XS,198895213169,40
TD,100-S6OLA-T6470M-WHITE-XXS,198895213152,12
TD,100-S6OLA-T6478M-BREZE-1X,198895374297,15
TD,100-S6OLA-T6478M-BREZE-2X,198895374303,19
TD,100-S6OLA-T6478M-BREZE-3X,198895374310,7
TD,100-S6OLA-T6478M-BREZE-L,198895374273,60
TD,100-S6OLA-T6478M-BREZE-M,198895374266,73
TD,100-S6OLA-T6478M-BREZE-S,198895374259,52
TD,100-S6OLA-T6478M-BREZE-XL,198895374280,39
TD,100-S6OLA-T6478M-BREZE-XS,198895374242,31
TD,100-S6OLA-T6478M-BREZE-XXS,198895374235,12
TD,100-S6OLA-T6478M-WHITE-1X,198895374471,21
TD,100-S6OLA-T6478M-WHITE-2X,198895374488,14
TD,100-S6OLA-T6478M-WHITE-3X,198895374495,5
TD,100-S6OLA-T6478M-WHITE-L,198895374457,56
TD,100-S6OLA-T6478M-WHITE-M,198895374440,67
TD,100-S6OLA-T6478M-WHITE-S,198895374433,42
TD,100-S6OLA-T6478M-WHITE-XL,198895374464,46
TD,100-S6OLA-T6478M-WHITE-XS,198895374426,30
TD,100-S6OLA-T6478M-WHITE-XXS,198895374419,9
TD,100-S6OLA-T6478P-BREZE-PL,198895480325,8
TD,100-S6OLA-T6478P-BREZE-PM,198895480318,13
TD,100-S6OLA-T6478P-BREZE-PS,198895480301,15
TD,100-S6OLA-T6478P-WHITE-PL,198895480363,10
TD,100-S6OLA-T6478P-WHITE-PM,198895480356,18
TD,100-S6OLA-T6478P-WHITE-PP,198895480332,6
TD,100-S6OLA-T6478P-WHITE-PS,198895480349,17
TD,100-S6OLA-T6507M-BREZE-1X,198895499815,29
TD,100-S6OLA-T6507M-BREZE-2X,198895499822,24
TD,100-S6OLA-T6507M-BREZE-3X,198895499839,14
TD,100-S6OLA-T6507M-BREZE-L,198895499792,38
TD,100-S6OLA-T6507M-BREZE-M,198895499785,57
TD,100-S6OLA-T6507M-BREZE-S,198895499778,31
TD,100-S6OLA-T6507M-BREZE-XL,198895499808,28
TD,100-S6OLA-T6507M-BREZE-XS,198895499761,30
TD,100-S6OLA-T6507M-BREZE-XXS,198895499754,10
TD,100-S6OLA-T6507M-PETUN-1X,198895464158,34
TD,100-S6OLA-T6507M-PETUN-2X,198895464165,31
TD,100-S6OLA-T6507M-PETUN-3X,198895464172,19
TD,100-S6OLA-T6507M-PETUN-L,198895464134,51
TD,100-S6OLA-T6507M-PETUN-M,198895464127,70
TD,100-S6OLA-T6507M-PETUN-S,198895464110,57
TD,100-S6OLA-T6507M-PETUN-XL,198895464141,39
TD,100-S6OLA-T6507M-PETUN-XS,198895464103,37
TD,100-S6OLA-T6507M-PETUN-XXS,198895464097,9
TD,100-S6OLA-T6507M-WHITE-1X,198895375102,16
TD,100-S6OLA-T6507M-WHITE-2X,198895375119,13
TD,100-S6OLA-T6507M-WHITE-3X,198895375126,9
TD,100-S6OLA-T6507M-WHITE-L,198895375089,26
TD,100-S6OLA-T6507M-WHITE-M,198895375072,42
TD,100-S6OLA-T6507M-WHITE-S,198895375065,23
TD,100-S6OLA-T6507M-WHITE-XL,198895375096,27
TD,100-S6OLA-T6507M-WHITE-XS,198895375058,15
TD,100-S6OLA-T6507M-WHITE-XXS,198895375041,8
TD,100-S6OLA-U4420M-BLACK-1X,198895498054,20
TD,100-S6OLA-U4420M-BLACK-2X,198895498061,15
TD,100-S6OLA-U4420M-BLACK-3X,198895498078,3
TD,100-S6OLA-U4420M-BLACK-L,198895498030,36
TD,100-S6OLA-U4420M-BLACK-M,198895498023,48
TD,100-S6OLA-U4420M-BLACK-S,198895498016,28
TD,100-S6OLA-U4420M-BLACK-XL,198895498047,13
TD,100-S6OLA-U4420M-BLACK-XS,198895498009,22
TD,100-S6OLA-U4420M-BLACK-XXS,198895497996,9
TD,100-S6OLA-U4420M-WHITE-1X,198895498238,35
TD,100-S6OLA-U4420M-WHITE-2X,198895498245,27
TD,100-S6OLA-U4420M-WHITE-3X,198895498252,15
TD,100-S6OLA-U4420M-WHITE-L,198895498214,58
TD,100-S6OLA-U4420M-WHITE-M,198895498207,83
TD,100-S6OLA-U4420M-WHITE-S,198895498191,60
TD,100-S6OLA-U4420M-WHITE-XL,198895498221,39
TD,100-S6OLA-U4420M-WHITE-XS,198895498184,34
TD,100-S6OLA-U4420M-WHITE-XXS,198895498177,13
TD,100-S6OLA-U4420P-BLACK-PL,198895498290,5
TD,100-S6OLA-U4420P-BLACK-PM,198895498283,11
TD,100-S6OLA-U4420P-BLACK-PP,198895498269,1
TD,100-S6OLA-U4420P-BLACK-PS,198895498276,11
TD,100-S6OLA-U4420P-WHITE-PL,198895498375,27
TD,100-S6OLA-U4420P-WHITE-PM,198895498368,39
TD,100-S6OLA-U4420P-WHITE-PP,198895498344,19
TD,100-S6OLA-U4420P-WHITE-PS,198895498351,36
TD,100-S6RII-P4794M-BLACK-1X,198895218911,43
TD,100-S6RII-P4794M-BLACK-2X,198895218928,21
TD,100-S6RII-P4794M-BLACK-3X,198895218935,8
TD,100-S6RII-P4794M-BLACK-L,198895218898,92
TD,100-S6RII-P4794M-BLACK-M,198895218881,120
TD,100-S6RII-P4794M-BLACK-S,198895218874,62
TD,100-S6RII-P4794M-BLACK-XL,198895218904,66
TD,100-S6RII-P4794M-BLACK-XS,198895218867,38
TD,100-S6RII-P4794M-BLACK-XXS,198895218850,10
TD,100-S6RII-P4794M-INK-1X,198895219185,4
TD,100-S6RII-P4794M-INK-2X,198895219192,7
TD,100-S6RII-P4794M-INK-3X,198895219208,4
TD,100-S6RII-P4794M-INK-L,198895219161,28
TD,100-S6RII-P4794M-INK-M,198895219154,17
TD,100-S6RII-P4794M-INK-XL,198895219178,3
TD,100-S6RII-P4794M-UNNAT-1X,198895219727,27
TD,100-S6RII-P4794M-UNNAT-2X,198895219734,13
TD,100-S6RII-P4794M-UNNAT-3X,198895219741,5
TD,100-S6RII-P4794M-UNNAT-L,198895219703,68
TD,100-S6RII-P4794M-UNNAT-M,198895219697,54
TD,100-S6RII-P4794M-UNNAT-S,198895219680,44
TD,100-S6RII-P4794M-UNNAT-XL,198895219710,53
TD,100-S6RII-P4794M-UNNAT-XS,198895219673,17
TD,100-S6RII-P4794M-UNNAT-XXS,198895219666,4
TD,100-S6RII-P4794M-WHITE-1X,198895219819,37
TD,100-S6RII-P4794M-WHITE-2X,198895219826,18
TD,100-S6RII-P4794M-WHITE-3X,198895219833,8
TD,100-S6RII-P4794M-WHITE-L,198895219796,81
TD,100-S6RII-P4794M-WHITE-M,198895219789,99
TD,100-S6RII-P4794M-WHITE-S,198895219772,52
TD,100-S6RII-P4794M-WHITE-XL,198895219802,53
TD,100-S6RII-P4794M-WHITE-XS,198895219765,27
TD,100-S6RII-P4794M-WHITE-XXS,198895219758,6
TD,100-S6RII-P4794P-BLACK-PL,198895286088,93
TD,100-S6RII-P4794P-BLACK-PM,198895286071,139
TD,100-S6RII-P4794P-BLACK-PP,198895286057,48
TD,100-S6RII-P4794P-BLACK-PS,198895286064,127
TD,100-S6RII-P4794P-UNNAT-PL,198895481247,9
TD,100-S6RII-P4794P-UNNAT-PM,198895481230,19
TD,100-S6RII-P4794P-UNNAT-PP,198895481216,3
TD,100-S6RII-P4794P-UNNAT-PS,198895481223,9
TD,100-S6RII-P4794P-WHITE-PL,198895286163,34
TD,100-S6RII-P4794P-WHITE-PM,198895286156,48
TD,100-S6RII-P4794P-WHITE-PP,198895286132,19
TD,100-S6RII-P4794P-WHITE-PS,198895286149,39
TD,100-S6RII-S4421M-BLACK-1X,198895219994,28
TD,100-S6RII-S4421M-BLACK-2X,198895220006,24
TD,100-S6RII-S4421M-BLACK-3X,198895220013,17
TD,100-S6RII-S4421M-BLACK-L,198895219970,77
TD,100-S6RII-S4421M-BLACK-M,198895219963,121
TD,100-S6RII-S4421M-BLACK-S,198895219956,97
TD,100-S6RII-S4421M-BLACK-XL,198895219987,41
TD,100-S6RII-S4421M-BLACK-XS,198895219949,46
TD,100-S6RII-S4421M-BLACK-XXS,198895219932,22
TD,100-S6RII-S4421M-UNNAT-1X,198895220532,19
TD,100-S6RII-S4421M-UNNAT-2X,198895220549,14
TD,100-S6RII-S4421M-UNNAT-3X,198895220556,9
TD,100-S6RII-S4421M-UNNAT-L,198895220518,43
TD,100-S6RII-S4421M-UNNAT-M,198895220501,62
TD,100-S6RII-S4421M-UNNAT-S,198895220495,48
TD,100-S6RII-S4421M-UNNAT-XL,198895220525,16
TD,100-S6RII-S4421M-UNNAT-XS,198895220488,19
TD,100-S6RII-S4421M-UNNAT-XXS,198895220471,20
TD,100-S6RII-S4421P-BLACK-PL,198895481520,32
TD,100-S6RII-S4421P-BLACK-PM,198895481513,61
TD,100-S6RII-S4421P-BLACK-PP,198895481490,35
TD,100-S6RII-S4421P-BLACK-PS,198895481506,54
TD,100-S6RII-S4421P-UNNAT-PL,198895481605,30
TD,100-S6RII-S4421P-UNNAT-PM,198895481599,31
TD,100-S6RII-S4421P-UNNAT-PP,198895481575,23
TD,100-S6RII-S4421P-UNNAT-PS,198895481582,24
TD,100-S6RIT-W6268M-BDORG-L,198895305444,12
TD,100-S6RIT-W6268M-BDORG-S,198895305420,5
TD,100-S6RIT-W6268M-SKYLT-1X,198895221379,5
TD,100-S6RIT-W6268M-SKYLT-2X,198895221386,6
TD,100-S6RIT-W6268M-SKYLT-3X,198895221393,5
TD,100-S6RIT-W6268M-SKYLT-L,198895221355,32
TD,100-S6RIT-W6268M-SKYLT-M,198895221348,47
TD,100-S6RIT-W6268M-SKYLT-S,198895221331,27
TD,100-S6RIT-W6268M-SKYLT-XL,198895221362,21
TD,100-S6RIT-W6268M-SKYLT-XS,198895221324,17
TD,100-S6TFF-D5320M-BLACK-1X,198895252694,9
TD,100-S6TFF-D5320M-BLACK-2X,198895252700,6
TD,100-S6TFF-D5320M-BLSTR-1X,198895421335,7
TD,100-S6TFF-D5320M-BLSTR-3X,198895421359,6
TD,100-S6TFF-D5320M-BLSTR-L,198895421311,17
TD,100-S6TFF-D5320M-BLSTR-M,198895421304,34
TD,100-S6TFF-D5320M-BLSTR-S,198895421298,23
TD,100-S6TFF-D5320M-BLSTR-XL,198895421328,16
TD,100-S6TFF-D5320M-BLSTR-XS,198895421281,10
TD,100-S6TFF-D5320M-BLSTR-XXS,198895421274,4
TD,100-S6TFF-P4874M-INK-1X,198895224431,12
TD,100-S6TFF-P4874M-INK-3X,198895224455,5
TD,100-S6TFF-P4874M-INK-S,198895224394,9
TD,100-S6TFF-P4874M-INK-XS,198895224387,6
TD,100-S6TFF-P4874M-INK-XXS,198895224370,7
TD,100-S6TGK-P4668M-BLACK-2X,198895225889,8
TD,100-S6TGK-P4668M-BLACK-3X,198895225896,4
TD,100-S6TGK-P4668M-INK-1X,198895225964,24
TD,100-S6TGK-P4668M-INK-2X,198895225971,17
TD,100-S6TGK-P4668M-INK-3X,198895225988,4
TD,100-S6TGK-P4668M-INK-L,198895225940,55
TD,100-S6TGK-P4668M-INK-M,198895225933,52
TD,100-S6TGK-P4668M-INK-S,198895225926,24
TD,100-S6TGK-P4668M-INK-XL,198895225957,38
TD,100-S6TGK-P4668M-INK-XS,198895225919,16
TD,100-S6TGK-P4668M-INK-XXS,198895225902,5
TD,100-S6TGK-T6109M-BLACK-1X,198895226053,2
TD,100-S6TGK-T6109M-BLACK-L,198895226039,10
TD,100-S6TGK-T6109M-BLACK-XS,198895226008,16
TD,100-S6TGK-T6109M-BLACK-XXS,198895225995,8
TD,100-S6TGK-T6109M-INK-1X,198895226145,5
TD,100-S6TGK-T6109M-INK-2X,198895226152,7
TD,100-S6TGK-T6109M-INK-3X,198895226169,1
TD,100-S6TGK-T6109M-INK-XS,198895226091,34
TD,100-S6TGK-T6109M-INK-XXS,198895226084,13
TD,100-S6TGK-T6109M-WHITE-L,198895226213,11
TD,100-S6TGK-T6109M-WHITE-M,198895226206,18
TD,100-S6TGK-T6109M-WHITE-XL,198895226220,6
TD,100-S6TGK-T6109M-WHITE-XS,198895226183,7
TD,100-S6TGK-T6189M-BLACK-1X,198895226329,16
TD,100-S6TGK-T6189M-BLACK-2X,198895226336,13
TD,100-S6TGK-T6189M-BLACK-3X,198895226343,10
TD,100-S6TGK-T6189M-BLACK-XL,198895226312,29
TD,100-S6TGK-T6189M-BLACK-XS,198895226275,23
TD,100-S6TGK-T6189M-BLACK-XXS,198895226268,10
TD,100-S6TGK-T6189M-WHITE-1X,198895226503,17
TD,100-S6TGK-T6189M-WHITE-2X,198895226510,13
TD,100-S6TGK-T6189M-WHITE-3X,198895226527,10
TD,100-S6TGK-T6189M-WHITE-S,198895226466,41
TD,100-S6TGK-T6189M-WHITE-XL,198895226497,37
TD,100-S6TGK-T6189M-WHITE-XS,198895226459,19
TD,100-S6TGK-T6189M-WHITE-XXS,198895226442,8
TD,100-S6TKO-P0696M-INK-2X,198895228101,2
TD,100-S6TKO-P0696M-INK-3X,198895228118,5
TD,100-S6TKO-P0696M-INK-L,198895228071,12
TD,100-S6TKO-P0696M-INK-S,198895228057,39
TD,100-S6TKO-P0696M-INK-XL,198895228088,43
TD,100-S6TKO-P0696M-INK-XS,198895228040,18
TD,100-S6TKO-P0696M-INK-XXS,198895228033,8
TD,100-S6TKO-P0696P-INK-PM,198895286675,20
TD,100-S6TKO-P0696P-INK-PP,198895286651,21
TD,100-S6TKO-P0696P-INK-PS,198895286668,22
TD,100-S6TKO-P4893M-BLACK-1X,198895228903,4
TD,100-S6TKO-P4893M-BLACK-2X,198895228910,10
TD,100-S6TKO-P4893M-BLACK-L,198895228880,23
TD,100-S6TKO-P4893M-BLACK-M,198895228873,18
TD,100-S6TKO-P4893M-BLACK-S,198895228866,11
TD,100-S6TKO-P4893M-BLACK-XL,198895228897,20
TD,100-S6TKO-P4893M-DOVE-1X,198895228996,5
TD,100-S6TKO-P4893M-DOVE-2X,198895229009,11
TD,100-S6TKO-P4893M-DOVE-3X,198895229016,2
TD,100-S6TKO-P4893M-DOVE-S,198895228958,14
TD,100-S6TKO-P4893M-DOVE-XL,198895228989,18
TD,100-S6TKO-P4893M-INK-2X,198895229092,4
TD,100-S6TKO-P4893P-DOVE-PL,198895268923,13
TD,100-S6TKO-P4893P-DOVE-PM,198895268916,9
TD,100-S6TKO-P4893P-DOVE-PP,198895268893,2
TD,100-S6TKO-P4893P-DOVE-PS,198895268909,7
TD,100-S6TKO-P4902M-BLACK-1X,198895229177,15
TD,100-S6TKO-P4902M-BLACK-2X,198895229184,20
TD,100-S6TKO-P4902M-BLACK-3X,198895229191,11
TD,100-S6TKO-P4902M-BLACK-S,198895229139,29
TD,100-S6TKO-P4902M-BLACK-XS,198895229122,11
TD,100-S6TKO-P4902M-INK-1X,198895229269,16
TD,100-S6TKO-P4902M-INK-2X,198895229276,6
TD,100-S6TKO-P4902M-INK-L,198895229245,36
TD,100-S6TKO-P4902M-INK-M,198895229238,34
TD,100-S6TKO-P4902M-INK-XL,198895229252,18
TD,100-S6TKO-P4902M-INK-XS,198895229214,2
TD,100-S6TKO-P4902P-BLACK-PL,198895269005,22
TD,100-S6TKO-P4902P-BLACK-PM,198895268992,17
TD,100-S6TKO-P4902P-INK-PL,198895269043,11
TD,100-S6TKO-P4902P-INK-PM,198895269036,5
TD,100-S6TKO-P4932M-DOVE-1X,198895361747,19
TD,100-S6TKO-P4932M-DOVE-2X,198895361754,10
TD,100-S6TKO-P4932M-DOVE-3X,198895361761,4
TD,100-S6TKO-P4932M-DOVE-XXS,198895361686,1
TD,100-S6TKO-P4932M-INK-XL,198895307837,4
TD,100-S6TKO-P4932M-INK-XS,198895307790,9
TD,100-S6TKO-P4932P-DOVE-PP,198895361815,8
TD,100-S6TKO-P4932P-DOVE-PS,198895361822,24
TD,100-S6TUP-C2180M-DKIND-M,198895229597,11
TD,100-S6VPH-K5465M-EUCLY-1X,198895232016,16
TD,100-S6VPH-K5465M-EUCLY-2X,198895232023,14
TD,100-S6VPH-K5465M-EUCLY-3X,198895232030,9
TD,100-S6VPH-K5465M-EUCLY-XS,198895231965,16
TD,100-S6VPH-K5465M-EUCLY-XXS,198895231958,7
TD,100-S6VPH-K5465M-SEAFM-1X,198895232108,12
TD,100-S6VPH-K5465M-SEAFM-2X,198895232115,6
TD,100-S6VPH-K5465M-SEAFM-3X,198895232122,2
TD,100-S6VPH-K5465M-SEAFM-L,198895232085,21
TD,100-S6VPH-K5465M-SEAFM-M,198895232078,37
TD,100-S6VPH-K5465M-SEAFM-S,198895232061,16
TD,100-S6VPH-K5465M-SEAFM-XL,198895232092,14
TD,100-S6VPH-K5465M-SEAFM-XS,198895232054,10
TD,100-S6VPH-K5465M-SEAFM-XXS,198895232047,7
TD,100-S6VRO-W6267M-ARYBL-1X,198895232559,15
TD,100-S6VRO-W6267M-ARYBL-2X,198895232566,5
TD,100-S6VRO-W6267M-ARYBL-3X,198895232573,7
TD,100-S6VRO-W6267M-ARYBL-L,198895232535,36
TD,100-S6VRO-W6267M-ARYBL-M,198895232528,59
TD,100-S6VRO-W6267M-ARYBL-S,198895232511,36
TD,100-S6VRO-W6267M-ARYBL-XL,198895232542,22
TD,100-S6VRO-W6267M-ARYBL-XS,198895232504,14
TD,100-S6VRO-W6267M-ARYBL-XXS,198895232498,5
TD,100-S6WYT-T6491M-WHITE-L,198895405496,1
TD,100-S6WYT-T6491M-WHITE-M,198895405489,49
TD,100-S6WYT-T6491M-WHITE-S,198895405472,34
TD,100-S6WYT-T6491M-WHITE-XL,198895405502,8
TD,100-S6WYT-T6491M-WHITE-XS,198895405465,15
TD,100-S6WYT-T6491M-WHITE-XXS,198895405458,6
TD,100-S6WZK-J5558M-INK-1X,198895232825,19
TD,100-S6WZK-J5558M-INK-2X,198895232832,17
TD,100-S6WZK-J5558M-INK-3X,198895232849,9
TD,100-S6WZK-J5558M-INK-L,198895232801,33
TD,100-S6WZK-J5558M-INK-M,198895232795,11
TD,100-S6WZK-J5558M-INK-S,198895232788,16
TD,100-S6WZK-J5558M-INK-XL,198895232818,16
TD,100-S6WZK-J5558M-INK-XS,198895232771,15
TD,100-S6WZK-J5558M-INK-XXS,198895232764,4
TD,100-S6WZK-J5558P-INK-PL,198895286880,4
TD,100-S6WZK-J5558P-INK-PS,198895286866,11
TD,100-S6WZK-P4885M-INK-1X,198895232924,3
TD,100-S6WZK-P4885M-INK-3X,198895232948,4
TD,100-S6WZK-P4885M-INK-L,198895232900,22
TD,100-S6WZK-P4885M-INK-M,198895232894,35
TD,100-S6WZK-P4885M-INK-XL,198895232917,14
TD,100-S6WZK-P4885M-INK-XS,198895232870,5
TD,100-S6WZK-P4885M-INK-XXS,198895232863,6
TD,100-S6WZK-P4885P-INK-PL,198895286927,24
TD,100-S6WZK-P4885P-INK-PM,198895286910,3
TD,100-S6WZK-P4885P-INK-PP,198895286897,10
TD,100-S6WZK-P4885P-INK-PS,198895286903,22
TD,100-S6XJU-U4395M-INK-L,198895233983,30
TD,100-S6YCN-P4869M-WHEAT-1X,198895406776,31
TD,100-S6YCN-P4869M-WHEAT-2X,198895406783,25
TD,100-S6YCN-P4869M-WHEAT-3X,198895406790,18
TD,100-S6YCN-P4869M-WHEAT-L,198895406752,52
TD,100-S6YCN-P4869M-WHEAT-M,198895406745,54
TD,100-S6YCN-P4869M-WHEAT-S,198895406738,16
TD,100-S6YCN-P4869M-WHEAT-XL,198895406769,44
TD,100-S6YCN-P4869M-WHEAT-XS,198895406721,5
TD,100-S6YCN-T6449M-WHEAT-1X,198895407582,21
TD,100-S6YCN-T6449M-WHEAT-2X,198895407599,17
TD,100-S6YCN-T6449M-WHEAT-3X,198895407605,18
TD,100-S6YCN-T6449M-WHEAT-L,198895407568,47
TD,100-S6YCN-T6449M-WHEAT-M,198895407551,41
TD,100-S6YCN-T6449M-WHEAT-S,198895407544,32
TD,100-S6YCN-T6449M-WHEAT-XL,198895407575,41
TD,100-S6YCN-T6449M-WHEAT-XS,198895407537,12
TD,100-S6YCN-T6449M-WHEAT-XXS,198895407520,3
TD,100-S6YCN-T6450M-WHEAT-1X,198895407766,24
TD,100-S6YCN-T6450M-WHEAT-2X,198895407773,25
TD,100-S6YCN-T6450M-WHEAT-3X,198895407780,27
TD,100-S6YCN-T6450M-WHEAT-L,198895407742,40
TD,100-S6YCN-T6450M-WHEAT-M,198895407735,23
TD,100-S6YCN-T6450M-WHEAT-XL,198895407759,44
TC,100-S6AJH-T6368M-BLSTR-L,198895170585,9
TC,100-S6AJH-T6368M-BLSTR-M,198895170578,14
TC,100-S6AJH-T6368M-BLSTR-S,198895170561,11
TC,100-S6AKR-J5808M-DOVE-M,198895171384,12
TC,100-S6BBR-P4607M-INK-XXS,198895172701,4
TC,100-S6BBR-T6360M-HAZE-M,198895174712,20
TC,100-S6BBR-T6413M-INK-1X,198895176273,12
TC,100-S6BBR-T6413M-INK-2X,198895176280,9
TC,100-S6BBR-T6413M-INK-3X,198895176297,1
TC,100-S6BBR-T6413M-INK-XL,198895176266,10
TC,100-S6BBR-T6413M-INK-XS,198895176228,15
TC,100-S6BBR-T6413M-INK-XXS,198895176211,1
TC,100-S6BBR-T6413M-SKYLT-1X,198895176723,15
TC,100-S6BBR-T6413M-SKYLT-2X,198895176730,9
TC,100-S6BBR-T6413M-SKYLT-3X,198895176747,8
TC,100-S6BBR-T6413M-SKYLT-XXS,198895176662,2
TC,100-S6BDE-J5802M-CLIND-1X,198895177713,5
TC,100-S6BDE-J5802M-CLIND-2X,198895177720,6
TC,100-S6BDE-J5802M-CLIND-3X,198895177737,6
TC,100-S6BDE-J5802M-CLIND-L,198895177690,70
TC,100-S6BDE-J5802M-CLIND-M,198895177683,46
TC,100-S6BDE-J5802M-CLIND-S,198895177676,37
TC,100-S6BDE-J5802M-CLIND-XL,198895177706,35
TC,100-S6BDE-J5802M-CLIND-XS,198895177669,18
TC,100-S6BDE-J5802M-CLIND-XXS,198895177652,13
TC,100-S6BDE-J5802P-CLIND-PL,198895282837,7
TC,100-S6BDE-J5802P-CLIND-PM,198895282820,2
TC,100-S6BDE-J5802P-CLIND-PP,198895282806,10
TC,100-S6BDE-J5802P-CLIND-PS,198895282813,8
TC,100-S6BDE-P4679M-CLIND-1X,198895178161,21
TC,100-S6BDE-P4679M-CLIND-2X,198895178178,8
TC,100-S6BDE-P4679M-CLIND-3X,198895178185,4
TC,100-S6BDE-P4679M-CLIND-L,198895178147,42
TC,100-S6BDE-P4679M-CLIND-M,198895178130,22
TC,100-S6BDE-P4679M-CLIND-S,198895178123,13
TC,100-S6BDE-P4679M-CLIND-XL,198895178154,17
TC,100-S6BDE-P4679M-CLIND-XS,198895178116,6
TC,100-S6BDE-P4679M-CLIND-XXS,198895178109,4
TC,100-S6BDE-P4679M-MDNGO-1X,198895178345,4
TC,100-S6BDE-P4679M-MDNGO-L,198895178321,14
TC,100-S6BDE-P4679M-MDNGO-M,198895178314,20
TC,100-S6BDE-P4679M-MDNGO-S,198895178307,8
TC,100-S6BDE-P4679M-MDNGO-XL,198895178338,9
TC,100-S6BDE-P4679M-MDNGO-XS,198895178291,17
TC,100-S6BDE-P4679P-CLIND-PL,198895280932,2
TC,100-S6BDE-P4679P-CLIND-PM,198895280925,7
TC,100-S6BDE-P4679P-CLIND-PP,198895280901,3
TC,100-S6BDE-P4679P-CLIND-PS,198895280918,7
TC,100-S6BDE-P4679P-MDNGO-PL,198895281014,5
TC,100-S6BDE-P4679P-MDNGO-PM,198895281007,11
TC,100-S6BDE-P4679P-MDNGO-PP,198895280987,6
TC,100-S6BDE-P4679P-MDNGO-PS,198895280994,5
TC,100-S6BDE-P4887M-CLIND-2X,198895178628,1
TC,100-S6BDE-P4887M-CLIND-L,198895178598,33
TC,100-S6BDE-P4887M-CLIND-M,198895178581,34
TC,100-S6BDE-P4887M-CLIND-S,198895178574,17
TC,100-S6BDE-P4887M-CLIND-XL,198895178604,7
TC,100-S6BDE-P4887M-CLIND-XS,198895178567,6
TC,100-S6BDE-P4887P-CLIND-PM,198895281083,10
TC,100-S6BDE-P4888M-CLIND-1X,198895178888,29
TC,100-S6BDE-P4888M-CLIND-2X,198895178895,14
TC,100-S6BDE-P4888M-CLIND-3X,198895178901,7
TC,100-S6BDE-P4888M-CLIND-L,198895178864,58
TC,100-S6BDE-P4888M-CLIND-M,198895178857,58
TC,100-S6BDE-P4888M-CLIND-S,198895178840,19
TC,100-S6BDE-P4888M-CLIND-XL,198895178871,27
TC,100-S6BDE-P4888M-CLIND-XS,198895178833,2
TC,100-S6BDE-P4888P-CLIND-PL,198895266547,4
TC,100-S6BDE-P4888P-CLIND-PP,198895266516,5
TC,100-S6BDE-P4888P-CLIND-PS,198895266523,6
TC,100-S6BDE-P4901M-CLIND-1X,198895179069,11
TC,100-S6BDE-P4901M-CLIND-2X,198895179076,2
TC,100-S6BDE-P4901M-CLIND-3X,198895179083,6
TC,100-S6BDE-P4901M-CLIND-L,198895179045,59
TC,100-S6BDE-P4901M-CLIND-M,198895179038,51
TC,100-S6BDE-P4901M-CLIND-S,198895179021,11
TC,100-S6BDE-P4901M-CLIND-XL,198895179052,36
TC,100-S6BDE-P4901P-CLIND-PL,198895281175,5
TC,100-S6BSR-V1362M-BLACK-1X,198895180911,5
TC,100-S6BSR-V1362M-BLACK-2X,198895180928,5
TC,100-S6BSR-V1362M-BLACK-3X,198895180935,5
TC,100-S6BSR-V1362M-BLACK-L,198895180898,21
TC,100-S6BSR-V1362M-BLACK-M,198895180881,29
TC,100-S6BSR-V1362M-BLACK-S,198895180874,17
TC,100-S6BSR-V1362M-BLACK-XL,198895180904,14
TC,100-S6BSR-V1362M-BLACK-XS,198895180867,13
TC,100-S6BSR-V1362M-BLACK-XXS,198895180850,5
TC,100-S6BSR-V1362M-WHITE-1X,198895181000,7
TC,100-S6BSR-V1362M-WHITE-2X,198895181017,6
TC,100-S6BSR-V1362M-WHITE-3X,198895181024,4
TC,100-S6BSR-V1362M-WHITE-L,198895180980,20
TC,100-S6BSR-V1362M-WHITE-M,198895180973,16
TC,100-S6BSR-V1362M-WHITE-S,198895180966,13
TC,100-S6BSR-V1362M-WHITE-XL,198895180997,15
TC,100-S6BSR-V1362M-WHITE-XS,198895180959,9
TC,100-S6BSR-V1362M-WHITE-XXS,198895180942,4
TC,100-S6BVR-W6220M-INK-2X,198895181468,6
TC,100-S6BVR-W6220M-INK-3X,198895181475,2
TC,100-S6BVR-W6274M-BLACK-L,198895181611,14
TC,100-S6BVR-W6274M-BLACK-M,198895181604,34
TC,100-S6BVR-W6274M-BLACK-S,198895181598,22
TC,100-S6BVR-W6274M-BLACK-XXS,198895181574,9
TC,100-S6BVR-W6274M-INK-XL,198895181710,14
TC,100-S6CIZ-D5345M-BLACK-1X,198895250089,33
TC,100-S6CIZ-D5345M-BLACK-2X,198895250096,22
TC,100-S6CIZ-D5345M-BLACK-3X,198895250102,12
TC,100-S6CIZ-D5345M-BLACK-L,198895250065,57
TC,100-S6CIZ-D5345M-BLACK-M,198895250058,65
TC,100-S6CIZ-D5345M-BLACK-S,198895250041,41
TC,100-S6CIZ-D5345M-BLACK-XL,198895250072,49
TC,100-S6CIZ-D5345M-BLACK-XS,198895250034,8
TC,100-S6CIZ-D5345M-BLACK-XXS,198895250027,2
TC,100-S6CVY-W6266M-BLACK-1X,198895182045,19
TC,100-S6CVY-W6266M-BLACK-2X,198895182052,13
TC,100-S6CVY-W6266M-BLACK-3X,198895182069,9
TC,100-S6CVY-W6266M-BLACK-L,198895182021,49
TC,100-S6CVY-W6266M-BLACK-M,198895182014,65
TC,100-S6CVY-W6266M-BLACK-S,198895182007,51
TC,100-S6CVY-W6266M-BLACK-XL,198895182038,34
TC,100-S6CVY-W6266M-BLACK-XS,198895181994,31
TC,100-S6CVY-W6266M-BLACK-XXS,198895181987,13
TC,100-S6CVY-W6266M-FLINT-1X,198895282943,11
TC,100-S6CVY-W6266M-FLINT-2X,198895282950,7
TC,100-S6CVY-W6266M-FLINT-3X,198895282967,4
TC,100-S6CVY-W6266M-FLINT-L,198895282929,31
TC,100-S6CVY-W6266M-FLINT-M,198895282912,39
TC,100-S6CVY-W6266M-FLINT-S,198895282905,19
TC,100-S6CVY-W6266M-FLINT-XL,198895282936,19
TC,100-S6CVY-W6266M-FLINT-XS,198895282899,17
TC,100-S6CVY-W6266M-FLINT-XXS,198895282882,5
TC,100-S6CVY-W6266M-LFRST-1X,198895182137,6
TC,100-S6CVY-W6266M-LFRST-2X,198895182144,7
TC,100-S6CVY-W6266M-LFRST-3X,198895182151,4
TC,100-S6CVY-W6266M-LFRST-L,198895182113,26
TC,100-S6CVY-W6266M-LFRST-M,198895182106,45
TC,100-S6CVY-W6266M-LFRST-S,198895182090,20
TC,100-S6CVY-W6266M-LFRST-XL,198895182120,15
TC,100-S6CVY-W6266M-LFRST-XS,198895182083,20
TC,100-S6CVY-W6266M-LFRST-XXS,198895182076,10
TC,100-S6DEE-J5558M-BLACK-1X,198895182946,23
TC,100-S6DEE-J5558M-BLACK-2X,198895182953,13
TC,100-S6DEE-J5558M-BLACK-3X,198895182960,7
TC,100-S6DEE-J5558M-BLACK-L,198895182922,40
TC,100-S6DEE-J5558M-BLACK-M,198895182915,49
TC,100-S6DEE-J5558M-BLACK-S,198895182908,42
TC,100-S6DEE-J5558M-BLACK-XL,198895182939,21
TC,100-S6DEE-J5558M-BLACK-XS,198895182892,20
TC,100-S6DEE-J5558M-BLACK-XXS,198895182885,11
TC,100-S6DEE-J5558M-SESLT-1X,198895183127,27
TC,100-S6DEE-J5558M-SESLT-2X,198895183134,17
TC,100-S6DEE-J5558M-SESLT-3X,198895183141,17
TC,100-S6DEE-J5558M-SESLT-L,198895183103,40
TC,100-S6DEE-J5558M-SESLT-M,198895183097,37
TC,100-S6DEE-J5558M-SESLT-S,198895183080,32
TC,100-S6DEE-J5558M-SESLT-XL,198895183110,21
TC,100-S6DEE-J5558M-SESLT-XS,198895183073,14
TC,100-S6DEE-J5558M-SESLT-XXS,198895183066,6
TC,100-S6DEE-J5558P-BLACK-PL,198895266943,22
TC,100-S6DEE-J5558P-BLACK-PM,198895266936,33
TC,100-S6DEE-J5558P-BLACK-PP,198895266912,20
TC,100-S6DEE-J5558P-BLACK-PS,198895266929,36
TC,100-S6DEE-J5558P-SESLT-PL,198895281335,7
TC,100-S6DEE-J5558P-SESLT-PM,198895281328,11
TC,100-S6DEE-J5558P-SESLT-PS,198895281311,6
TC,100-S6DEE-P4689M-BLACK-1X,198895432959,9
TC,100-S6DEE-P4689M-BLACK-2X,198895432966,19
TC,100-S6DEE-P4689M-BLACK-3X,198895432973,10
TC,100-S6DEE-P4689M-BLACK-L,198895432935,64
TC,100-S6DEE-P4689M-BLACK-M,198895432928,59
TC,100-S6DEE-P4689M-BLACK-S,198895432911,37
TC,100-S6DEE-P4689M-BLACK-XL,198895432942,36
TC,100-S6DEE-P4689M-BLACK-XS,198895432904,23
TC,100-S6DEE-P4689M-BLACK-XXS,198895432898,5
TC,100-S6DEE-P4689M-SESLT-1X,198895433130,15
TC,100-S6DEE-P4689M-SESLT-L,198895433116,39
TC,100-S6DEE-P4689M-SESLT-XS,198895433086,11
TC,100-S6DEE-P4689P-BLACK-PL,198895433581,19
TC,100-S6DEE-P4689P-BLACK-PM,198895433574,30
TC,100-S6DEE-P4689P-BLACK-PP,198895433550,4
TC,100-S6DEE-P4689P-BLACK-PS,198895433567,22
TC,100-S6DEE-P4689P-HAZE-PL,198895433628,32
TC,100-S6DEE-P4689P-HAZE-PM,198895433611,36
TC,100-S6DEE-P4689P-HAZE-PP,198895433598,14
TC,100-S6DEE-P4689P-HAZE-PS,198895433604,34
TC,100-S6DEE-P4689P-SESLT-PL,198895433666,11
TC,100-S6DEE-P4689P-SESLT-PM,198895433659,3
TC,100-S6DEE-T5705M-DOVE-2X,198895308377,1
TC,100-S6FTE-T6473M-BLACK-1X,198895185206,17
TC,100-S6FTE-T6473M-BLACK-2X,198895185213,16
TC,100-S6FTE-T6473M-BLACK-3X,198895185220,13
TC,100-S6FTE-T6473M-BLACK-L,198895185183,47
TC,100-S6FTE-T6473M-BLACK-M,198895185176,62
TC,100-S6FTE-T6473M-BLACK-S,198895185169,29
TC,100-S6FTE-T6473M-BLACK-XL,198895185190,37
TC,100-S6FTE-T6473M-BLACK-XS,198895185152,16
TC,100-S6FZS-W6269M-HAZE-XL,198895185916,35
TC,100-S6FZS-W6269M-HAZE-XS,198895185879,26
TC,100-S6FZS-W6269M-HAZE-XXS,198895185862,11
TC,100-S6FZS-W6269M-INK-1X,198895186012,4
TC,100-S6FZS-W6269M-INK-2X,198895186029,8
TC,100-S6FZS-W6269M-INK-3X,198895186036,2
TC,100-S6FZS-W6269M-INK-L,198895185992,16
TC,100-S6FZS-W6269M-INK-XL,198895186005,22
TC,100-S6FZS-W6269M-INK-XXS,198895185954,8
TC,100-S6FZX-K5470M-INK-1X,198895186104,20
TC,100-S6FZX-K5470M-INK-2X,198895186111,8
TC,100-S6FZX-K5470M-INK-3X,198895186128,6
TC,100-S6GAS-W6176M-BLACK-1X,198895186197,8
TC,100-S6GAS-W6176M-BLACK-2X,198895186203,6
TC,100-S6GAS-W6176M-BLACK-L,198895186173,30
TC,100-S6GAS-W6176M-BLACK-M,198895186166,37
TC,100-S6GAS-W6176M-BLACK-S,198895186159,30
TC,100-S6GAS-W6176M-BLACK-XL,198895186180,6
TC,100-S6GAS-W6176M-BLACK-XS,198895186142,16
TC,100-S6GAS-W6176M-BLACK-XXS,198895186135,9
TC,100-S6GAS-W6176M-BLSTR-1X,198895186289,19
TC,100-S6GAS-W6176M-BLSTR-2X,198895186296,17
TC,100-S6GAS-W6176M-BLSTR-3X,198895186302,8
TC,100-S6GAS-W6176M-BLSTR-L,198895186265,57
TC,100-S6GAS-W6176M-BLSTR-M,198895186258,91
TC,100-S6GAS-W6176M-BLSTR-S,198895186241,61
TC,100-S6GAS-W6176M-BLSTR-XL,198895186272,24
TC,100-S6GAS-W6176M-BLSTR-XS,198895186234,37
TC,100-S6GAS-W6176M-BLSTR-XXS,198895186227,16
TC,100-S6GAS-W6176M-GRAPE-1X,198895301613,14
TC,100-S6GAS-W6176M-GRAPE-2X,198895301620,12
TC,100-S6GAS-W6176M-GRAPE-3X,198895301637,6
TC,100-S6GAS-W6176M-GRAPE-L,198895301590,41
TC,100-S6GAS-W6176M-GRAPE-M,198895301583,49
TC,100-S6GAS-W6176M-GRAPE-S,198895301576,37
TC,100-S6GAS-W6176M-GRAPE-XL,198895301606,16
TC,100-S6GAS-W6176M-GRAPE-XS,198895301569,26
TC,100-S6GAS-W6176M-GRAPE-XXS,198895301552,14
TC,100-S6GBI-K5436M-BLACK-1X,198895186739,9
TC,100-S6GBI-K5436M-BLACK-2X,198895186746,10
TC,100-S6GBI-K5436M-BLACK-3X,198895186753,2
TC,100-S6GBI-K5436M-BLACK-L,198895186715,12
TC,100-S6GBI-K5436M-BLACK-M,198895186708,25
TC,100-S6GBI-K5436M-BLACK-S,198895186692,27
TC,100-S6GBI-K5436M-BLACK-XL,198895186722,4
TC,100-S6GBI-K5436M-BLACK-XS,198895186685,25
TC,100-S6GBI-K5436M-BLACK-XXS,198895186678,9
TC,100-S6GBI-K5436M-FLINT-1X,198895186913,3
TC,100-S6GBI-K5436M-FLINT-2X,198895186920,6
TC,100-S6GBI-K5436M-FLINT-M,198895186883,15
TC,100-S6GBI-K5436M-FLINT-S,198895186876,23
TC,100-S6GBI-K5436M-FLINT-XS,198895186869,17
TC,100-S6GBI-K5436M-FLINT-XXS,198895186852,10
TC,100-S6GBI-K5436M-UNNAT-1X,198895261443,10
TC,100-S6GBI-K5436M-UNNAT-2X,198895261450,12
TC,100-S6GBI-K5436M-UNNAT-L,198895261429,2
TC,100-S6GBI-K5436M-UNNAT-M,198895261412,42
TC,100-S6GBI-K5436M-UNNAT-S,198895261405,25
TC,100-S6GBI-K5436M-UNNAT-XS,198895261399,25
TC,100-S6GBI-K5436M-UNNAT-XXS,198895261382,15
TC,100-S6GBI-K5436P-BLACK-PL,198895283322,15
TC,100-S6GBI-K5436P-BLACK-PM,198895283315,21
TC,100-S6GBI-K5436P-BLACK-PP,198895283292,13
TC,100-S6GBI-K5436P-BLACK-PS,198895283308,12
TC,100-S6GBI-K5436P-FLINT-PL,198895283407,7
TC,100-S6GBI-K5436P-FLINT-PM,198895283391,5
TC,100-S6GBI-K5436P-FLINT-PP,198895283377,9
TC,100-S6GBI-K5436P-FLINT-PS,198895283384,11
TC,100-S6GBI-K5436P-UNNAT-PL,198895283520,14
TC,100-S6GBI-K5436P-UNNAT-PM,198895283513,13
TC,100-S6GBI-K5436P-UNNAT-PP,198895283490,10
TC,100-S6GBI-K5436P-UNNAT-PS,198895283506,10
TC,100-S6GC1-P4889M-FLINT-2X,198895261542,3
TC,100-S6GC1-P4889M-FLINT-L,198895261511,6
TC,100-S6GC1-T5775M-BLSTR-M,198895188269,5
TC,100-S6GC1-T5775M-BLSTR-XS,198895188245,2
TC,100-S6GC1-T5775M-BLSTR-XXS,198895188238,1
TC,100-S6GC1-T5775M-GRAPE-1X,198895188382,5
TC,100-S6GC1-T5775M-GRAPE-2X,198895188399,10
TC,100-S6GC1-T5775M-GRAPE-3X,198895188405,5
TC,100-S6GC1-T5775M-GRAPE-L,198895188368,22
TC,100-S6GC1-T5775M-GRAPE-M,198895188351,39
TC,100-S6GC1-T5775M-GRAPE-S,198895188344,19
TC,100-S6GC1-T5775M-GRAPE-XL,198895188375,13
TC,100-S6GC1-T5775M-GRAPE-XS,198895188337,13
TC,100-S6GC1-T5775M-GRAPE-XXS,198895188320,4
TC,100-S6GC1-T5775P-BLSTR-PL,198895283766,1
TC,100-S6GC1-T5775P-BLSTR-PM,198895283759,13
TC,100-S6GC1-T5775P-GRAPE-PL,198895283803,21
TC,100-S6GC1-T5775P-GRAPE-PM,198895283797,53
TC,100-S6GC1-T5775P-GRAPE-PP,198895283773,18
TC,100-S6GC1-T5775P-GRAPE-PS,198895283780,38
TC,100-S6GDD-P4888M-WHITE-1X,198895191719,25
TC,100-S6GDD-P4888M-WHITE-2X,198895191726,8
TC,100-S6GDD-P4888M-WHITE-L,198895191696,39
TC,100-S6GDD-P4888M-WHITE-M,198895191689,87
TC,100-S6GDD-P4888M-WHITE-S,198895191672,26
TC,100-S6GDD-P4888M-WHITE-XL,198895191702,30
TC,100-S6GDD-P4888M-WHITE-XS,198895191665,7
TC,100-S6GDD-P4888P-WHITE-PL,198895267513,6
TC,100-S6GDD-P4888P-WHITE-PM,198895267506,7
TC,100-S6GDD-P4888P-WHITE-PP,198895267483,11
TC,100-S6GDD-P4888P-WHITE-PS,198895267490,14
TC,100-S6GK-U2372M-FLINT-1X,198895192525,16
TC,100-S6GK-U2372M-FLINT-2X,198895192532,8
TC,100-S6GK-U2372M-FLINT-L,198895192501,30
TC,100-S6GK-U2372M-FLINT-M,198895192495,37
TC,100-S6GK-U2372M-FLINT-S,198895192488,22
TC,100-S6GK-U2372M-FLINT-XL,198895192518,23
TC,100-S6GK-U2372M-FLINT-XS,198895192471,10
TC,100-S6GT1-J5841M-BLACK-1X,198895193249,24
TC,100-S6GT1-J5841M-BLACK-2X,198895193256,19
TC,100-S6GT1-J5841M-BLACK-3X,198895193263,15
TC,100-S6GT1-J5841M-BLACK-L,198895193225,56
TC,100-S6GT1-J5841M-BLACK-M,198895193218,57
TC,100-S6GT1-J5841M-BLACK-S,198895193201,35
TC,100-S6GT1-J5841M-BLACK-XL,198895193232,42
TC,100-S6GT1-J5841M-BLACK-XS,198895193195,10
TC,100-S6GT1-J5841M-BLACK-XXS,198895193188,3
TC,100-S6ISZ-T5670M-SKYLT-1X,198895195199,12
TC,100-S6ISZ-T5670M-SKYLT-2X,198895195205,24
TC,100-S6ISZ-T5670M-SKYLT-3X,198895195212,3
TC,100-S6ISZ-T5670M-SKYLT-L,198895195175,36
TC,100-S6ISZ-T5670M-SKYLT-M,198895195168,29
TC,100-S6ISZ-T5670M-SKYLT-S,198895195151,36
TC,100-S6ISZ-T5670M-SKYLT-XL,198895195182,28
TC,100-S6ISZ-T5670M-SKYLT-XS,198895195144,24
TC,100-S6IZ1-T5852M-BLSTR-1X,198895196721,27
TC,100-S6IZ1-T5852M-BLSTR-2X,198895196738,25
TC,100-S6IZ1-T5852M-BLSTR-3X,198895196745,7
TC,100-S6IZ1-T5852M-BLSTR-L,198895196707,67
TC,100-S6IZ1-T5852M-BLSTR-M,198895196691,85
TC,100-S6IZ1-T5852M-BLSTR-S,198895196684,52
TC,100-S6IZ1-T5852M-BLSTR-XL,198895196714,56
TC,100-S6IZ1-T5852M-BLSTR-XS,198895196677,28
TC,100-S6IZ1-T5852M-BLSTR-XXS,198895196660,11
TC,100-S6IZ1-T5852M-GRAPE-1X,198895196998,19
TC,100-S6IZ1-T5852M-GRAPE-2X,198895197001,24
TC,100-S6IZ1-T5852M-GRAPE-3X,198895197018,5
TC,100-S6IZ1-T5852M-GRAPE-L,198895196974,58
TC,100-S6IZ1-T5852M-GRAPE-M,198895196967,81
TC,100-S6IZ1-T5852M-GRAPE-S,198895196950,54
TC,100-S6IZ1-T5852M-GRAPE-XL,198895196981,47
TC,100-S6IZ1-T5852M-GRAPE-XS,198895196943,23
TC,100-S6IZ1-T5852M-GRAPE-XXS,198895196936,10
TC,100-S6IZ1-T5852M-HAZE-1X,198895197087,31
TC,100-S6IZ1-T5852M-HAZE-2X,198895197094,23
TC,100-S6IZ1-T5852M-HAZE-3X,198895197100,11
TC,100-S6IZ1-T5852M-HAZE-L,198895197063,80
TC,100-S6IZ1-T5852M-HAZE-M,198895197056,90
TC,100-S6IZ1-T5852M-HAZE-S,198895197049,65
TC,100-S6IZ1-T5852M-HAZE-XL,198895197070,62
TC,100-S6IZ1-T5852M-HAZE-XS,198895197032,20
TC,100-S6IZ1-T5852M-HAZE-XXS,198895197025,14
TC,100-S6IZ1-T6005M-BLACK-1X,198895197988,8
TC,100-S6IZ1-T6005M-BLACK-2X,198895197995,3
TC,100-S6IZ1-T6005M-BLACK-3X,198895198008,5
TC,100-S6IZ1-T6005M-BLACK-L,198895197964,32
TC,100-S6IZ1-T6005M-BLACK-M,198895197957,48
TC,100-S6IZ1-T6005M-BLACK-S,198895197940,33
TC,100-S6IZ1-T6005M-BLACK-XL,198895197971,18
TC,100-S6IZ1-T6005M-BLACK-XS,198895197933,16
TC,100-S6IZ1-T6005M-BLACK-XXS,198895197926,4
TC,100-S6IZ1-T6005M-BTAST-1X,198895287870,23
TC,100-S6IZ1-T6005M-BTAST-2X,198895287887,16
TC,100-S6IZ1-T6005M-BTAST-3X,198895287894,10
TC,100-S6IZ1-T6005M-BTAST-L,198895287856,57
TC,100-S6IZ1-T6005M-BTAST-M,198895287849,84
TC,100-S6IZ1-T6005M-BTAST-S,198895287832,39
TC,100-S6IZ1-T6005M-BTAST-XL,198895287863,34
TC,100-S6IZ1-T6005M-BTAST-XS,198895287825,30
TC,100-S6IZ1-T6005M-BTAST-XXS,198895287818,8
TC,100-S6IZ1-T6005M-LFRST-1X,198895198343,18
TC,100-S6IZ1-T6005M-LFRST-2X,198895198350,16
TC,100-S6IZ1-T6005M-LFRST-3X,198895198367,11
TC,100-S6IZ1-T6005M-LFRST-L,198895198329,53
TC,100-S6IZ1-T6005M-LFRST-M,198895198312,91
TC,100-S6IZ1-T6005M-LFRST-S,198895198305,51
TC,100-S6IZ1-T6005M-LFRST-XL,198895198336,35
TC,100-S6IZ1-T6005M-LFRST-XS,198895198299,28
TC,100-S6IZ1-T6005M-LFRST-XXS,198895198282,12
TC,100-S6IZ1-T6005M-WHITE-1X,198895198701,12
TC,100-S6IZ1-T6005M-WHITE-2X,198895198718,9
TC,100-S6IZ1-T6005M-WHITE-3X,198895198725,8
TC,100-S6IZ1-T6005M-WHITE-L,198895198688,32
TC,100-S6IZ1-T6005M-WHITE-M,198895198671,36
TC,100-S6IZ1-T6005M-WHITE-S,198895198664,29
TC,100-S6IZ1-T6005M-WHITE-XL,198895198695,19
TC,100-S6IZ1-T6005M-WHITE-XS,198895198657,11
TC,100-S6IZ1-T6005M-WHITE-XXS,198895198640,2
TC,100-S6KRS-T6171M-INK-1X,198895200411,32
TC,100-S6KRS-T6171M-INK-2X,198895200428,18
TC,100-S6KRS-T6171M-INK-3X,198895200435,15
TC,100-S6KRS-T6171M-INK-L,198895200398,21
TC,100-S6KRS-T6171M-INK-M,198895200381,37
TC,100-S6KRS-T6171M-INK-S,198895200374,13
TC,100-S6KRS-T6171M-INK-XL,198895200404,38
TC,100-S6KRS-T6171M-INK-XS,198895200367,12
TC,100-S6KRS-T6171M-INK-XXS,198895200350,10
TC,100-S6KRS-T6172M-BLSTR-1X,198895200862,30
TC,100-S6KRS-T6172M-BLSTR-2X,198895200879,31
TC,100-S6KRS-T6172M-BLSTR-3X,198895200886,12
TC,100-S6KRS-T6172M-BLSTR-L,198895200848,81
TC,100-S6KRS-T6172M-BLSTR-M,198895200831,91
TC,100-S6KRS-T6172M-BLSTR-S,198895200824,63
TC,100-S6KRS-T6172M-BLSTR-XL,198895200855,56
TC,100-S6KRS-T6172M-BLSTR-XS,198895200817,18
TC,100-S6KRS-T6172M-BLSTR-XXS,198895200800,9
TC,100-S6KRS-T6172M-CHALK-1X,198895201043,31
TC,100-S6KRS-T6172M-CHALK-2X,198895201050,27
TC,100-S6KRS-T6172M-CHALK-3X,198895201067,10
TC,100-S6KRS-T6172M-CHALK-L,198895201029,81
TC,100-S6KRS-T6172M-CHALK-M,198895201012,75
TC,100-S6KRS-T6172M-CHALK-S,198895201005,61
TC,100-S6KRS-T6172M-CHALK-XL,198895201036,67
TC,100-S6KRS-T6172M-CHALK-XS,198895200992,16
TC,100-S6KRS-T6172M-CHALK-XXS,198895200985,9
TC,100-S6KRS-T6172M-FLINT-1X,198895287962,19
TC,100-S6KRS-T6172M-FLINT-2X,198895287979,23
TC,100-S6KRS-T6172M-FLINT-3X,198895287986,9
TC,100-S6KRS-T6172M-FLINT-L,198895287948,79
TC,100-S6KRS-T6172M-FLINT-M,198895287931,87
TC,100-S6KRS-T6172M-FLINT-S,198895287924,61
TC,100-S6KRS-T6172M-FLINT-XL,198895287955,56
TC,100-S6KRS-T6172M-FLINT-XS,198895287917,19
TC,100-S6KRS-T6172M-FLINT-XXS,198895287900,10
TC,100-S6KRS-T6172M-INK-1X,198895201227,44
TC,100-S6KRS-T6172M-INK-2X,198895201234,46
TC,100-S6KRS-T6172M-INK-3X,198895201241,16
TC,100-S6KRS-T6172M-INK-L,198895201203,150
TC,100-S6KRS-T6172M-INK-M,198895201197,143
TC,100-S6KRS-T6172M-INK-S,198895201180,98
TC,100-S6KRS-T6172M-INK-XL,198895201210,102
TC,100-S6KRS-T6172M-INK-XS,198895201173,36
TC,100-S6KRS-T6172M-INK-XXS,198895201166,16
TC,100-S6KRS-T6172M-LFRST-1X,198895201401,3
TC,100-S6KRS-T6172M-LFRST-2X,198895201418,17
TC,100-S6KRS-T6172M-LFRST-3X,198895201425,4
TC,100-S6KRS-T6172M-LFRST-L,198895201388,33
TC,100-S6KRS-T6172M-LFRST-M,198895201371,15
TC,100-S6KRS-T6172M-LFRST-XL,198895201395,17
TC,100-S6KRS-T6172M-LFRST-XS,198895201357,8
TC,100-S6KRS-T6172M-LFRST-XXS,198895201340,5
TC,100-S6KRS-T6387M-BLACK-1X,198895202125,8
TC,100-S6KRS-T6387M-BLACK-2X,198895202132,13
TC,100-S6KRS-T6387M-BLACK-3X,198895202149,7
TC,100-S6KRS-T6387M-BLACK-L,198895202101,12
TC,100-S6KRS-T6387M-BLACK-M,198895202095,13
TC,100-S6KRS-T6387M-BLACK-S,198895202088,22
TC,100-S6KRS-T6387M-BLACK-XL,198895202118,32
TC,100-S6KRS-T6387M-BLACK-XS,198895202071,3
TC,100-S6KRS-T6387M-BLACK-XXS,198895202064,3
TC,100-S6KRS-T6387M-INK-1X,198895202217,13
TC,100-S6KRS-T6387M-INK-2X,198895202224,16
TC,100-S6KRS-T6387M-INK-3X,198895202231,12
TC,100-S6KRS-T6387M-INK-L,198895202194,31
TC,100-S6KRS-T6387M-INK-XL,198895202200,23
TC,100-S6KRS-T6387M-INK-XS,198895202163,5
TC,100-S6KRS-T6387M-WHITE-1X,198895202309,28
TC,100-S6KRS-T6387M-WHITE-2X,198895202316,24
TC,100-S6KRS-T6387M-WHITE-3X,198895202323,19
TC,100-S6KRS-T6387M-WHITE-L,198895202286,52
TC,100-S6KRS-T6387M-WHITE-M,198895202279,26
TC,100-S6KRS-T6387M-WHITE-S,198895202262,11
TC,100-S6KRS-T6387M-WHITE-XL,198895202293,56
TC,100-S6KRS-T6387M-WHITE-XS,198895202255,4
TC,100-S6KRS-T6387M-WHITE-XXS,198895202248,3
TC,100-S6KRS-T6539M-ARYBL-1X,198895202392,14
TC,100-S6KRS-T6539M-ARYBL-2X,198895202408,3
TC,100-S6KRS-T6539M-ARYBL-3X,198895202415,13
TC,100-S6KRS-T6539M-ARYBL-L,198895202378,47
TC,100-S6KRS-T6539M-ARYBL-M,198895202361,53
TC,100-S6KRS-T6539M-ARYBL-S,198895202354,24
TC,100-S6KRS-T6539M-ARYBL-XL,198895202385,38
TC,100-S6KRS-T6539M-ARYBL-XS,198895202347,9
TC,100-S6KRS-T6539M-ARYBL-XXS,198895202330,5
TC,100-S6KRS-T6539P-ARYBL-PL,198895284442,25
TC,100-S6KRS-T6539P-ARYBL-PM,198895284435,14
TC,100-S6KRS-T6539P-ARYBL-PP,198895284411,9
TC,100-S6KRS-T6539P-ARYBL-PS,198895284428,30
TC,100-S6LEL-W5971M-BLSTR-1X,198895202668,2
TC,100-S6LEL-W5971M-BLSTR-3X,198895202682,1
TC,100-S6LEL-W5971M-BLSTR-L,198895202644,8
TC,100-S6LEL-W5971M-BLSTR-M,198895202637,44
TC,100-S6LEL-W5971M-BLSTR-S,198895202620,16
TC,100-S6LEL-W5971M-BLSTR-XL,198895202651,6
TC,100-S6LEL-W5971M-BLSTR-XS,198895202613,16
TC,100-S6LEL-W5971M-BLSTR-XXS,198895202606,7
TC,100-S6LEL-W5971M-LFRST-1X,198895202934,1
TC,100-S6LEL-W5971M-LFRST-L,198895202910,24
TC,100-S6LEL-W5971M-LFRST-M,198895202903,25
TC,100-S6LEL-W5971M-LFRST-S,198895202897,24
TC,100-S6LEL-W5971M-LFRST-XL,198895202927,12
TC,100-S6LEL-W5971M-LFRST-XS,198895202880,12
TC,100-S6LEL-W5971M-LFRST-XXS,198895202873,9
TC,100-S6LEL-W6261M-HAZE-1X,198895203023,4
TC,100-S6LEL-W6261M-HAZE-2X,198895203030,5
TC,100-S6LEL-W6261M-HAZE-3X,198895203047,4
TC,100-S6LEL-W6261M-HAZE-L,198895203009,33
TC,100-S6LEL-W6261M-HAZE-M,198895202996,55
TC,100-S6LEL-W6261M-HAZE-S,198895202989,29
TC,100-S6LEL-W6261M-HAZE-XL,198895203016,11
TC,100-S6LEL-W6261M-HAZE-XS,198895202972,19
TC,100-S6LEL-W6261M-HAZE-XXS,198895202965,7
TC,100-S6LEL-W6261M-INK-1X,198895203115,5
TC,100-S6LEL-W6261M-INK-2X,198895203122,2
TC,100-S6LEL-W6261M-INK-3X,198895203139,3
TC,100-S6LEL-W6261M-INK-L,198895203092,36
TC,100-S6LEL-W6261M-INK-M,198895203085,51
TC,100-S6LEL-W6261M-INK-S,198895203078,30
TC,100-S6LEL-W6261M-INK-XL,198895203108,12
TC,100-S6LEL-W6261M-INK-XS,198895203061,18
TC,100-S6LEL-W6261M-INK-XXS,198895203054,11
TC,100-S6LEL-W6261M-WHITE-1X,198895203207,5
TC,100-S6LEL-W6261M-WHITE-2X,198895203214,5
TC,100-S6LEL-W6261M-WHITE-3X,198895203221,3
TC,100-S6LEL-W6261M-WHITE-L,198895203184,24
TC,100-S6LEL-W6261M-WHITE-M,198895203177,32
TC,100-S6LEL-W6261M-WHITE-S,198895203160,8
TC,100-S6LEL-W6261M-WHITE-XL,198895203191,13
TC,100-S6LEL-W6261M-WHITE-XS,198895203153,3
TC,100-S6LEL-W6261M-WHITE-XXS,198895203146,3
TC,100-S6LEP-W5971M-HAZE-1X,198895203290,2
TC,100-S6LEP-W5971M-HAZE-2X,198895203306,6
TC,100-S6LEP-W5971M-HAZE-3X,198895203313,4
TC,100-S6LEP-W5971M-HAZE-L,198895203276,29
TC,100-S6LEP-W5971M-HAZE-M,198895203269,55
TC,100-S6LEP-W5971M-HAZE-S,198895203252,22
TC,100-S6LEP-W5971M-HAZE-XL,198895203283,12
TC,100-S6LEP-W5971M-HAZE-XS,198895203245,10
TC,100-S6LEP-W5971M-HAZE-XXS,198895203238,9
TC,100-S6LOL-P4794M-BAYLF-L,198895203900,13
TC,100-S6LOL-P4794M-BAYLF-S,198895203887,12
TC,100-S6LOL-P4794M-BAYLF-XS,198895203870,5
TC,100-S6LOL-P4794M-BAYLF-XXS,198895203863,8
TC,100-S6NWG-S4418M-FLINT-XXS,198895205966,5
TC,100-S6NWG-S4418P-BLACK-PL,198895268084,16
TC,100-S6NWG-S4418P-BLACK-PM,198895268077,24
TC,100-S6NWG-S4418P-BLACK-PP,198895268053,15
TC,100-S6NWG-S4418P-BLACK-PS,198895268060,22
TC,100-S6NWG-S4418P-FLINT-PL,198895268169,10
TC,100-S6NWG-S4418P-FLINT-PM,198895268152,13
TC,100-S6NWG-S4418P-FLINT-PP,198895268138,9
TC,100-S6NWG-S4418P-FLINT-PS,198895268145,10
TC,100-S6NWG-S4418P-PARUS-PL,198895434052,8
TC,100-S6NWG-S4418P-PARUS-PM,198895434045,11
TC,100-S6NWG-S4418P-PARUS-PP,198895434021,7
TC,100-S6NWG-S4418P-PARUS-PS,198895434038,16
TC,100-S6NWG-T6090M-FLINT-XXS,198895206239,3
TC,100-S6NWG-T6090P-BLACK-PL,198895284763,21
TC,100-S6NWG-T6090P-BLACK-PM,198895284756,35
TC,100-S6NWG-T6090P-BLACK-PP,198895284732,13
TC,100-S6NWG-T6090P-BLACK-PS,198895284749,27
TC,100-S6NWG-T6090P-FLINT-PL,198895284848,3
TC,100-S6NWG-T6090P-FLINT-PS,198895284824,8
TC,100-S6OIJ-T6435M-PARUS-M,198895475390,20
TC,100-S6OIJ-T6435M-PARUS-S,198895475383,22
TC,100-S6OIJ-T6435M-PARUS-XL,198895475413,12
TC,100-S6OIJ-T6435M-PARUS-XS,198895475376,14
TC,100-S6OJH-D5420M-BDORG-1X,198895207724,14
TC,100-S6OJH-D5420M-BDORG-2X,198895207731,12
TC,100-S6OJH-D5420M-BDORG-L,198895207700,46
TC,100-S6OJH-D5420M-BDORG-M,198895207694,55
TC,100-S6OJH-D5420M-BDORG-S,198895207687,29
TC,100-S6OJH-D5420M-BDORG-XL,198895207717,11
TC,100-S6OJH-D5420M-BDORG-XS,198895207670,11
TC,100-S6OJH-D5420M-BDORG-XXS,198895207663,11
TC,100-S6OJH-D5420M-BLACK-1X,198895207816,21
TC,100-S6OJH-D5420M-BLACK-2X,198895207823,17
TC,100-S6OJH-D5420M-BLACK-L,198895207793,71
TC,100-S6OJH-D5420M-BLACK-M,198895207786,101
TC,100-S6OJH-D5420M-BLACK-S,198895207779,58
TC,100-S6OJH-D5420M-BLACK-XL,198895207809,30
TC,100-S6OJH-D5420M-BLACK-XS,198895207762,30
TC,100-S6OJH-D5420M-BLACK-XXS,198895207755,16
TC,100-S6OJH-D5420M-INK-1X,198895207908,19
TC,100-S6OJH-D5420M-INK-2X,198895207915,14
TC,100-S6OJH-D5420M-INK-3X,198895207922,2
TC,100-S6OJH-D5420M-INK-L,198895207885,52
TC,100-S6OJH-D5420M-INK-M,198895207878,80
TC,100-S6OJH-D5420M-INK-S,198895207861,43
TC,100-S6OJH-D5420M-INK-XL,198895207892,25
TC,100-S6OJH-D5420M-INK-XS,198895207854,18
TC,100-S6OJH-D5420M-INK-XXS,198895207847,13
TC,100-S6OJH-D5420P-BDORG-PL,198895284923,9
TC,100-S6OJH-D5420P-BDORG-PM,198895284916,17
TC,100-S6OJH-D5420P-BDORG-PP,198895284893,12
TC,100-S6OJH-D5420P-BDORG-PS,198895284909,22
TC,100-S6OJH-D5420P-BLACK-PL,198895284961,31
TC,100-S6OJH-D5420P-BLACK-PM,198895284954,39
TC,100-S6OJH-D5420P-BLACK-PP,198895284930,17
TC,100-S6OJH-D5420P-BLACK-PS,198895284947,36
TC,100-S6OJH-D5420P-INK-PL,198895285005,14
TC,100-S6OJH-D5420P-INK-PM,198895284992,15
TC,100-S6OJH-D5420P-INK-PS,198895284985,26
TC,100-S6OJH-T6455M-BLACK-1X,198895208172,23
TC,100-S6OJH-T6455M-BLACK-2X,198895208189,22
TC,100-S6OJH-T6455M-BLACK-3X,198895208196,14
TC,100-S6OJH-T6455M-BLACK-L,198895208158,82
TC,100-S6OJH-T6455M-BLACK-M,198895208141,76
TC,100-S6OJH-T6455M-BLACK-S,198895208134,67
TC,100-S6OJH-T6455M-BLACK-XL,198895208165,39
TC,100-S6OJH-T6455M-BLACK-XS,198895208127,22
TC,100-S6OJH-T6455M-BLACK-XXS,198895208110,15
TC,100-S6OJH-T6455M-INK-1X,198895208264,9
TC,100-S6OJH-T6455M-INK-2X,198895208271,10
TC,100-S6OJH-T6455M-INK-3X,198895208288,8
TC,100-S6OJH-T6455M-INK-L,198895208240,27
TC,100-S6OJH-T6455M-INK-M,198895208233,18
TC,100-S6OJH-T6455M-INK-S,198895208226,33
TC,100-S6OJH-T6455M-INK-XL,198895208257,12
TC,100-S6OJH-T6455M-INK-XS,198895208219,4
TC,100-S6OJH-T6455M-INK-XXS,198895208202,4
TC,100-S6OJH-T6455M-WHITE-1X,198895208356,10
TC,100-S6OJH-T6455M-WHITE-2X,198895208363,9
TC,100-S6OJH-T6455M-WHITE-3X,198895208370,8
TC,100-S6OJH-T6455M-WHITE-L,198895208332,33
TC,100-S6OJH-T6455M-WHITE-M,198895208325,17
TC,100-S6OJH-T6455M-WHITE-S,198895208318,20
TC,100-S6OJH-T6455M-WHITE-XL,198895208349,18
TC,100-S6OJH-T6455M-WHITE-XXS,198895208295,6
TC,100-S6OKB-J5613P-BLACK-PP,198895290337,17
TC,100-S6OKB-J5613P-WHITE-PL,198895290443,6
TC,100-S6OKB-J5613P-WHITE-PM,198895290436,3
TC,100-S6OKB-J5613P-WHITE-PS,198895290429,3
TC,100-S6OKB-P4366P-BLACK-PP,198895285098,11
TC,100-S6OKB-P4655P-BLACK-PP,198895268176,3
TC,100-S6OKB-P4655P-BLACK-PS,198895268183,11
TC,100-S6OKB-P4655P-INK-PL,198895268244,32
TC,100-S6OKB-P4655P-INK-PP,198895268213,1
TC,100-S6OKB-P4655P-INK-PS,198895268220,5
TC,100-S6OKB-P4856P-BLACK-PP,198895285135,6
TC,100-S6OKB-P4856P-FLINT-PL,198895285203,24
TC,100-S6OKB-P4856P-FLINT-PP,198895285173,8
TC,100-S6OKB-P4856P-FLINT-PS,198895285180,23
TC,100-S6OKB-P4856P-WHITE-PL,198895285241,13
TC,100-S6OKB-P4856P-WHITE-PM,198895285234,10
TC,100-S6OLA-T6368M-WHITE-1X,198895212858,45
TC,100-S6OLA-T6368M-WHITE-2X,198895212865,42
TC,100-S6OLA-T6368M-WHITE-3X,198895212872,25
TC,100-S6OLA-T6368M-WHITE-L,198895212834,58
TC,100-S6OLA-T6368M-WHITE-M,198895212827,62
TC,100-S6OLA-T6368M-WHITE-S,198895212810,41
TC,100-S6OLA-T6368M-WHITE-XL,198895212841,56
TC,100-S6OLA-T6368M-WHITE-XS,198895212803,23
TC,100-S6OLA-T6368M-WHITE-XXS,198895212797,6
TC,100-S6OLA-T6368P-BLACK-PL,198895299309,23
TC,100-S6OLA-T6368P-BLACK-PM,198895299293,33
TC,100-S6OLA-T6368P-BLACK-PP,198895299279,15
TC,100-S6OLA-T6368P-BLACK-PS,198895299286,36
TC,100-S6OLA-T6368P-INK-PL,198895285449,1
TC,100-S6OLA-T6368P-INK-PM,198895285432,5
TC,100-S6OLA-T6368P-INK-PP,198895285418,3
TC,100-S6OLA-T6368P-INK-PS,198895285425,4
TC,100-S6OLA-T6368P-LFRST-PL,198895285487,5
TC,100-S6OLA-T6368P-LFRST-PM,198895285470,11
TC,100-S6OLA-T6368P-LFRST-PP,198895285456,4
TC,100-S6OLA-T6368P-LFRST-PS,198895285463,10
TC,100-S6OLA-T6368P-WHITE-PL,198895299347,37
TC,100-S6OLA-T6368P-WHITE-PM,198895299330,54
TC,100-S6OLA-T6368P-WHITE-PP,198895299316,29
TC,100-S6OLA-T6368P-WHITE-PS,198895299323,70
TC,100-S6QVB-P4873M-PARUS-L,198895215835,43
TC,100-S6QVB-P4873M-PARUS-M,198895215828,58
TC,100-S6QVB-P4873M-PARUS-S,198895215811,41
TC,100-S6QVB-P4873M-PARUS-XS,198895215804,25
TC,100-S6QVB-P4873M-PARUS-XXS,198895215798,7
TC,100-S6RBR-T6460M-INK-L,198895216467,16
TC,100-S6RBR-T6460M-INK-M,198895216450,45
TC,100-S6RBR-T6460M-INK-S,198895216443,21
TC,100-S6RBR-T6460M-INK-XS,198895216436,10
TC,100-S6RII-P4689M-BLACK-1X,198895217020,11
TC,100-S6RII-P4689M-BLACK-2X,198895217037,20
TC,100-S6RII-P4689M-BLACK-3X,198895217044,8
TC,100-S6RII-P4689M-BLACK-L,198895217006,47
TC,100-S6RII-P4689M-BLACK-M,198895216993,53
TC,100-S6RII-P4689M-BLACK-S,198895216986,41
TC,100-S6RII-P4689M-BLACK-XL,198895217013,34
TC,100-S6RII-P4689M-BLACK-XS,198895216979,10
TC,100-S6RII-P4689M-BLACK-XXS,198895216962,3
TC,100-S6RII-P4689M-INK-1X,198895217389,2
TC,100-S6RII-P4689M-INK-2X,198895217396,20
TC,100-S6RII-P4689M-INK-3X,198895217402,5
TC,100-S6RII-P4689M-INK-L,198895217365,28
TC,100-S6RII-P4689M-INK-M,198895217358,37
TC,100-S6RII-P4689M-INK-S,198895217341,41
TC,100-S6RII-P4689M-INK-XL,198895217372,15
TC,100-S6RII-P4689M-INK-XS,198895217334,3
TC,100-S6RII-P4689M-WHITE-1X,198895217921,19
TC,100-S6RII-P4689M-WHITE-2X,198895217938,24
TC,100-S6RII-P4689M-WHITE-3X,198895217945,6
TC,100-S6RII-P4689M-WHITE-L,198895217907,50
TC,100-S6RII-P4689M-WHITE-M,198895217891,55
TC,100-S6RII-P4689M-WHITE-S,198895217884,39
TC,100-S6RII-P4689M-WHITE-XL,198895217914,36
TC,100-S6RII-P4689M-WHITE-XS,198895217877,7
TC,100-S6RII-P4689M-WHITE-XXS,198895217860,5
TC,100-S6RII-P4794P-INK-PP,198895286095,7
TC,100-S6RII-P4912M-KELP-XXS,198895388294,7
TC,100-S6RII-U4417M-BLACK-1X,198895389888,12
TC,100-S6RII-U4417M-BLACK-2X,198895389895,17
TC,100-S6RII-U4417M-BLACK-3X,198895389901,12
TC,100-S6RII-U4417M-BLACK-L,198895389864,56
TC,100-S6RII-U4417M-BLACK-M,198895389857,49
TC,100-S6RII-U4417M-BLACK-S,198895389840,25
TC,100-S6RII-U4417M-BLACK-XL,198895389871,32
TC,100-S6RII-U4417M-BLACK-XS,198895389833,3
TC,100-S6RII-U4417M-BLACK-XXS,198895389826,4
TC,100-S6RII-U4417M-BREZE-1X,198895464608,25
TC,100-S6RII-U4417M-BREZE-2X,198895464615,26
TC,100-S6RII-U4417M-BREZE-3X,198895464622,13
TC,100-S6RII-U4417M-BREZE-L,198895464585,91
TC,100-S6RII-U4417M-BREZE-M,198895464578,91
TC,100-S6RII-U4417M-BREZE-S,198895464561,53
TC,100-S6RII-U4417M-BREZE-XL,198895464592,44
TC,100-S6RII-U4417M-BREZE-XS,198895464554,19
TC,100-S6RII-U4417M-BREZE-XXS,198895464547,12
TC,100-S6RII-U4417M-KELP-1X,198895390334,16
TC,100-S6RII-U4417M-KELP-2X,198895390341,19
TC,100-S6RII-U4417M-KELP-3X,198895390358,10
TC,100-S6RII-U4417M-KELP-L,198895390310,52
TC,100-S6RII-U4417M-KELP-M,198895390303,57
TC,100-S6RII-U4417M-KELP-S,198895390297,31
TC,100-S6RII-U4417M-KELP-XL,198895390327,29
TC,100-S6RII-U4417M-KELP-XS,198895390280,8
TC,100-S6RII-U4417M-KELP-XXS,198895390273,7
TC,100-S6RII-U4417M-TEAL-1X,198895390600,19
TC,100-S6RII-U4417M-TEAL-2X,198895390617,24
TC,100-S6RII-U4417M-TEAL-3X,198895390624,11
TC,100-S6RII-U4417M-TEAL-L,198895390587,74
TC,100-S6RII-U4417M-TEAL-M,198895390570,71
TC,100-S6RII-U4417M-TEAL-S,198895390563,44
TC,100-S6RII-U4417M-TEAL-XL,198895390594,39
TC,100-S6RII-U4417M-TEAL-XS,198895390556,12
TC,100-S6RII-U4417M-TEAL-XXS,198895390549,10
TC,100-S6RII-U4417M-WHITE-1X,198895390785,3
TC,100-S6RII-U4417M-WHITE-2X,198895390792,13
TC,100-S6RII-U4417M-WHITE-3X,198895390808,5
TC,100-S6RII-U4417M-WHITE-L,198895390761,44
TC,100-S6RII-U4417M-WHITE-M,198895390754,10
TC,100-S6RII-U4417M-WHITE-XL,198895390778,16
TC,100-S6RIT-K4809M-BLACK-1X,198895434434,4
TC,100-S6RIT-K4809M-BLACK-L,198895434410,21
TC,100-S6RIT-K4809M-BLACK-M,198895434403,36
TC,100-S6RIT-K4809M-BLACK-S,198895434397,50
TC,100-S6RIT-K4809M-BLACK-XL,198895434427,19
TC,100-S6RIT-K4809M-BLACK-XS,198895434380,22
TC,100-S6RIT-K4809M-BLACK-XXS,198895434373,7
TC,100-S6RIT-K4809M-FLINT-1X,198895434526,12
TC,100-S6RIT-K4809M-FLINT-2X,198895434533,5
TC,100-S6RIT-K4809M-FLINT-3X,198895434540,2
TC,100-S6RIT-K4809M-FLINT-L,198895434502,19
TC,100-S6RIT-K4809M-FLINT-M,198895434496,52
TC,100-S6RIT-K4809M-FLINT-S,198895434489,44
TC,100-S6RIT-K4809M-FLINT-XL,198895434519,20
TC,100-S6RIT-K4809M-FLINT-XS,198895434472,13
TC,100-S6RIT-K4809M-FLINT-XXS,198895434465,13
TC,100-S6RIT-K4809M-INK-1X,198895434618,12
TC,100-S6RIT-K4809M-INK-L,198895434595,19
TC,100-S6RIT-K4809M-INK-M,198895434588,8
TC,100-S6RIT-K4809M-INK-S,198895434571,26
TC,100-S6RIT-K4809M-INK-XL,198895434601,13
TC,100-S6RIT-K4809M-INK-XXS,198895434557,7
TC,100-S6RIT-K4809M-WHITE-1X,198895434700,21
TC,100-S6RIT-K4809M-WHITE-2X,198895434717,9
TC,100-S6RIT-K4809M-WHITE-3X,198895434724,9
TC,100-S6RIT-K4809M-WHITE-L,198895434687,41
TC,100-S6RIT-K4809M-WHITE-M,198895434670,67
TC,100-S6RIT-K4809M-WHITE-S,198895434663,65
TC,100-S6RIT-K4809M-WHITE-XL,198895434694,30
TC,100-S6RIT-K4809M-WHITE-XS,198895434656,38
TC,100-S6RIT-K4809M-WHITE-XXS,198895434649,18
TC,100-S6RIT-K4809P-BLACK-PL,198895434762,11
TC,100-S6RIT-K4809P-BLACK-PM,198895434755,11
TC,100-S6RIT-K4809P-BLACK-PS,198895434748,6
TC,100-S6RIT-K4809P-FLINT-PL,198895434809,11
TC,100-S6RIT-K4809P-FLINT-PM,198895434793,14
TC,100-S6RIT-K4809P-FLINT-PP,198895434779,8
TC,100-S6RIT-K4809P-FLINT-PS,198895434786,13
TC,100-S6RIT-K4809P-WHITE-PL,198895434885,28
TC,100-S6RIT-K4809P-WHITE-PM,198895434878,27
TC,100-S6RIT-K4809P-WHITE-PP,198895434854,16
TC,100-S6RIT-K4809P-WHITE-PS,198895434861,27
TC,100-S6RIT-K5480M-CHALK-1X,198895221003,4
TC,100-S6RIT-K5480M-CHALK-2X,198895221010,1
TC,100-S6RIT-K5480M-CHALK-3X,198895221027,1
TC,100-S6RIT-K5480M-CHALK-L,198895220983,39
TC,100-S6RIT-K5480M-CHALK-M,198895220976,34
TC,100-S6RIT-K5480M-CHALK-S,198895220969,25
TC,100-S6RIT-K5480M-CHALK-XL,198895220990,16
TC,100-S6RIT-K5480M-CHALK-XS,198895220952,12
TC,100-S6RIT-K5480M-CHALK-XXS,198895220945,5
TC,100-S6RIT-K5480P-CHALK-PL,198895286248,12
TC,100-S6RIT-K5480P-CHALK-PM,198895286231,13
TC,100-S6RIT-K5480P-CHALK-PP,198895286217,12
TC,100-S6RIT-K5480P-CHALK-PS,198895286224,22
TC,100-S6RIT-W6268M-INK-L,198895221263,17
TC,100-S6RIT-W6268M-INK-M,198895221256,25
TC,100-S6RIT-W6268M-INK-S,198895221249,12
TC,100-S6RIT-W6268M-INK-XL,198895221270,9
TC,100-S6RIT-W6268M-INK-XS,198895221232,7
TC,100-S6RIT-W6268M-INK-XXS,198895221225,3
TC,100-S6RIT-W6268M-WHITE-1X,198895221553,1
TC,100-S6RIT-W6268M-WHITE-3X,198895221577,5
TC,100-S6RIT-W6268M-WHITE-L,198895221539,2
TC,100-S6RIT-W6268M-WHITE-M,198895221522,21
TC,100-S6RIT-W6268M-WHITE-S,198895221515,8
TC,100-S6RIT-W6268M-WHITE-XS,198895221508,3
TC,100-S6SJP-T6070M-BTAST-1X,198895222123,3
TC,100-S6SJP-T6070M-BTAST-2X,198895222130,3
TC,100-S6SJP-T6070M-BTAST-3X,198895222147,10
TC,100-S6SJP-T6070M-BTAST-L,198895222109,40
TC,100-S6SJP-T6070M-BTAST-M,198895222093,24
TC,100-S6SJP-T6070M-BTAST-S,198895222086,27
TC,100-S6SJP-T6070M-BTAST-XL,198895222116,20
TC,100-S6SJP-T6070M-BTAST-XS,198895222079,9
TC,100-S6SJP-T6070M-BTAST-XXS,198895222062,4
TC,100-S6SJP-T6070M-HAZE-1X,198895222758,10
TC,100-S6SJP-T6070M-HAZE-2X,198895222765,6
TC,100-S6SJP-T6070M-HAZE-3X,198895222772,8
TC,100-S6SJP-T6070M-HAZE-L,198895222734,10
TC,100-S6SJP-T6070M-HAZE-M,198895222727,39
TC,100-S6SJP-T6070M-HAZE-S,198895222710,22
TC,100-S6SJP-T6070M-HAZE-XL,198895222741,18
TC,100-S6SJP-T6070M-HAZE-XXS,198895222697,2
TC,100-S6SJP-T6070M-INK-1X,198895222840,12
TC,100-S6SJP-T6070M-INK-2X,198895222857,12
TC,100-S6SJP-T6070M-INK-3X,198895222864,14
TC,100-S6SJP-T6070M-INK-L,198895222826,46
TC,100-S6SJP-T6070M-INK-M,198895222819,55
TC,100-S6SJP-T6070M-INK-S,198895222802,43
TC,100-S6SJP-T6070M-INK-XL,198895222833,37
TC,100-S6SJP-T6070M-INK-XS,198895222796,8
TC,100-S6SJP-T6070M-INK-XXS,198895222789,6
TC,100-S6TFF-D5320M-BLACK-L,198895252670,22
TC,100-S6TFF-D5320M-BLACK-M,198895252663,60
TC,100-S6TFF-D5320M-BLACK-S,198895252656,26
TC,100-S6TFF-D5320M-BLACK-XL,198895252687,30
TC,100-S6TFF-D5320M-BLACK-XS,198895252649,15
TC,100-S6TFF-D5320M-BLACK-XXS,198895252632,5
TC,100-S6TFF-D5320P-BLACK-PL,198895421397,16
TC,100-S6TFF-D5320P-BLACK-PM,198895421380,24
TC,100-S6TFF-D5320P-BLACK-PP,198895421366,9
TC,100-S6TFF-D5320P-BLACK-PS,198895421373,21
TC,100-S6TFF-D5320P-BLSTR-PL,198895432218,16
TC,100-S6TFF-D5320P-BLSTR-PM,198895432201,20
TC,100-S6TFF-D5320P-BLSTR-PP,198895432188,7
TC,100-S6TFF-D5320P-BLSTR-PS,198895432195,20
TC,100-S6TFF-S4422M-BLACK-1X,198895224615,12
TC,100-S6TFF-S4422M-BLACK-2X,198895224622,4
TC,100-S6TFF-S4422M-BLACK-3X,198895224639,6
TC,100-S6TFF-S4422M-BLACK-L,198895224592,37
TC,100-S6TFF-S4422M-BLACK-M,198895224585,50
TC,100-S6TFF-S4422M-BLACK-S,198895224578,34
TC,100-S6TFF-S4422M-BLACK-XL,198895224608,14
TC,100-S6TFF-S4422M-BLACK-XS,198895224561,20
TC,100-S6TFF-S4422M-BLACK-XXS,198895224554,5
TC,100-S6TFF-S4422P-BLACK-PP,198895268695,4
TC,100-S6TGK-P4366M-BLACK-1X,198895225698,24
TC,100-S6TGK-P4366M-BLACK-2X,198895225704,15
TC,100-S6TGK-P4366M-BLACK-3X,198895225711,8
TC,100-S6TGK-P4366M-BLACK-L,198895225674,79
TC,100-S6TGK-P4366M-BLACK-M,198895225667,74
TC,100-S6TGK-P4366M-BLACK-S,198895225650,56
TC,100-S6TGK-P4366M-BLACK-XL,198895225681,61
TC,100-S6TGK-P4366M-BLACK-XS,198895225643,28
TC,100-S6TGK-P4366M-BLACK-XXS,198895225636,12
TC,100-S6TGK-T6424M-BLACK-3X,198895226619,2
TC,100-S6TGK-T6424M-BLACK-M,198895226565,7
TC,100-S6TGK-T6424M-BLACK-S,198895226558,21
TC,100-S6TGK-T6424M-BLACK-XS,198895226541,2
TC,100-S6TGK-T6424M-BLACK-XXS,198895226534,6
TC,100-S6TGK-T6424M-WHITE-1X,198895226770,5
TC,100-S6TGK-T6424M-WHITE-2X,198895226787,2
TC,100-S6TGK-T6424M-WHITE-3X,198895226794,4
TC,100-S6TGK-T6424M-WHITE-L,198895226756,14
TC,100-S6TGK-T6424M-WHITE-M,198895226749,10
TC,100-S6TGK-T6424M-WHITE-XL,198895226763,7
TC,100-S6TGK-T6424M-WHITE-XS,198895226725,6
TC,100-S6TGK-T6424M-WHITE-XXS,198895226718,1
TC,100-S6TGK-U4275M-BLACK-2X,198895226879,4
TC,100-S6TGK-U4275M-BLACK-L,198895226848,4
TC,100-S6TGK-U4275M-BLACK-M,198895226831,26
TC,100-S6TGK-U4275M-BLACK-S,198895226824,13
TC,100-S6TGK-U4275M-BLACK-XL,198895226855,5
TC,100-S6TGK-U4275M-BLACK-XS,198895226817,8
TC,100-S6TGK-U4275M-INK-1X,198895226954,3
TC,100-S6TGK-U4275M-INK-2X,198895226961,7
TC,100-S6TGK-U4275M-INK-3X,198895226978,1
TC,100-S6TGK-U4275M-INK-L,198895226930,16
TC,100-S6TGK-U4275M-INK-M,198895226923,24
TC,100-S6TGK-U4275M-INK-S,198895226916,15
TC,100-S6TGK-U4275M-INK-XL,198895226947,5
TC,100-S6TGK-U4275M-INK-XS,198895226909,13
TC,100-S6TGK-U4275M-INK-XXS,198895226893,4
TC,100-S6TGK-U4275M-WHITE-L,198895227029,18
TC,100-S6TGK-U4275M-WHITE-M,198895227012,2
TC,100-S6TGK-U4275M-WHITE-XL,198895227036,1
TC,100-S6TGK-U4275M-WHITE-XXS,198895226985,1
TC,100-S6TUP-C2180M-DKIND-L,198895229603,3
TC,100-S6TUP-C2180M-DKIND-XL,198895229610,4
TC,100-S6TUP-C2180P-DKIND-PM,198895269111,14
TC,100-S6TUP-C2180P-DKIND-PP,198895269098,10
TC,100-S6ULO-T6373M-BLACK-L,198895231330,3
TC,100-S6XJU-U4395M-FLINT-1X,198895233822,12
TC,100-S6XJU-U4395M-FLINT-2X,198895233839,6
TC,100-S6XJU-U4395M-FLINT-3X,198895233846,3
TC,100-S6XJU-U4395M-FLINT-L,198895233808,37
TC,100-S6XJU-U4395M-FLINT-M,198895233792,55
TC,100-S6XJU-U4395M-FLINT-S,198895233785,39
TC,100-S6XJU-U4395M-FLINT-XL,198895233815,25
TC,100-S6XJU-U4395M-FLINT-XS,198895233778,11
TC,100-S6XJU-U4395M-FLINT-XXS,198895233761,11
TC,100-S6XJU-U4395M-INK-2X,198895234010,1
TC,100-S6XJU-U4395M-INK-M,198895233976,56
TC,100-S6XJU-U4395M-INK-S,198895233969,42
TC,100-S6XJU-U4395M-INK-XL,198895233990,30
TC,100-S6XJU-U4395M-INK-XS,198895233952,25
TC,100-S6XJU-U4395M-INK-XXS,198895233945,15
TC,100-S6XJU-U4395M-SKYLT-2X,198895234737,3
TC,100-S6XJU-U4395M-SKYLT-3X,198895234744,1
TC,100-S6XJU-U4395M-SKYLT-L,198895234706,3
TC,100-S6XJU-U4395M-SKYLT-M,198895234690,11
TC,100-S6XJU-U4395M-SKYLT-S,198895234683,14
TC,100-S6XJU-U4395M-SKYLT-XL,198895234713,7
TC,100-S6XJU-U4395M-SKYLT-XS,198895234676,8
TC,100-S6XJU-U4395M-SKYLT-XXS,198895234669,4
TC,100-S6YUR-W6260M-ARYBL-1X,198895362041,8
TC,100-S6YUR-W6260M-ARYBL-2X,198895362058,7
TC,100-S6YUR-W6260M-ARYBL-3X,198895362065,4
TC,100-S6YUR-W6260M-ARYBL-L,198895362027,20
TC,100-S6YUR-W6260M-ARYBL-M,198895362010,33
TC,100-S6YUR-W6260M-ARYBL-S,198895362003,17
TC,100-S6YUR-W6260M-ARYBL-XL,198895362034,12
TC,100-S6YUR-W6260M-ARYBL-XS,198895361990,11
TC,100-S6YUR-W6260M-ARYBL-XXS,198895361983,5
TC,100-S6YUR-W6260M-DOVE-1X,198895362133,9
TC,100-S6YUR-W6260M-DOVE-2X,198895362140,7
TC,100-S6YUR-W6260M-DOVE-3X,198895362157,5
TC,100-S6YUR-W6260M-DOVE-L,198895362119,31
TC,100-S6YUR-W6260M-DOVE-M,198895362102,49
TC,100-S6YUR-W6260M-DOVE-S,198895362096,32
TC,100-S6YUR-W6260M-DOVE-XL,198895362126,17
TC,100-S6YUR-W6260M-DOVE-XS,198895362089,12
TC,100-S6YUR-W6260M-DOVE-XXS,198895362072,7
TC,100-SLWDK-Z0284M-AGAVE-1X,198895475802,26
TC,100-SLWDK-Z0284M-AGAVE-2X,198895475819,14
TC,100-SLWDK-Z0284M-AGAVE-3X,198895475826,10
TC,100-SLWDK-Z0284M-AGAVE-L,198895475789,65
TC,100-SLWDK-Z0284M-AGAVE-M,198895475772,89
TC,100-SLWDK-Z0284M-AGAVE-S,198895475765,64
TC,100-SLWDK-Z0284M-AGAVE-XL,198895475796,39
TC,100-SLWDK-Z0284M-AGAVE-XS,198895475758,30
TC,100-SLWDK-Z0284M-AGAVE-XXS,198895475741,13
TC,100-SLWDK-Z0284M-SKYLT-1X,198895476076,37
TC,100-SLWDK-Z0284M-SKYLT-2X,198895476083,20
TC,100-SLWDK-Z0284M-SKYLT-3X,198895476090,15
TC,100-SLWDK-Z0284M-SKYLT-L,198895476052,92
TC,100-SLWDK-Z0284M-SKYLT-M,198895476045,126
TC,100-SLWDK-Z0284M-SKYLT-S,198895476038,92
TC,100-SLWDK-Z0284M-SKYLT-XL,198895476069,56
TC,100-SLWDK-Z0284M-SKYLT-XS,198895476021,43
TC,100-SLWDK-Z0284M-SKYLT-XXS,198895476014,19
TB,100-S6BDE-P4887M-CLIND-XXS,198895178550,2
TB,100-S6BDE-P4887P-CLIND-PL,198895281090,4
TB,100-S6BDE-P4887P-CLIND-PP,198895281069,8
TB,100-S6BDE-P4887P-CLIND-PS,198895281076,8
TB,100-S6CDQ-D5431M-BLACK-1X,198895313692,39
TB,100-S6CDQ-D5431M-BLACK-2X,198895313708,22
TB,100-S6CDQ-D5431M-BLACK-3X,198895313715,16
TB,100-S6CDQ-D5431M-BLACK-L,198895313678,59
TB,100-S6CDQ-D5431M-BLACK-M,198895313661,59
TB,100-S6CDQ-D5431M-BLACK-S,198895313654,23
TB,100-S6CDQ-D5431M-BLACK-XL,198895313685,32
TB,100-S6CDQ-D5431M-BLACK-XS,198895313647,14
TB,100-S6CDQ-D5431M-BLACK-XXS,198895313630,8
TB,100-S6CDQ-D5431M-TEAL-1X,198895314149,23
TB,100-S6CDQ-D5431M-TEAL-2X,198895314156,13
TB,100-S6CDQ-D5431M-TEAL-3X,198895314163,6
TB,100-S6CDQ-D5431M-TEAL-L,198895314125,26
TB,100-S6CDQ-D5431M-TEAL-M,198895314118,25
TB,100-S6CDQ-D5431M-TEAL-S,198895314101,10
TB,100-S6CDQ-D5431M-TEAL-XL,198895314132,19
TB,100-S6CDQ-D5431M-TEAL-XS,198895314095,5
TB,100-S6CDQ-D5431M-TEAL-XXS,198895314088,3
TB,100-S6CDQ-D5437P-KELP-PL,198895478766,6
TB,100-S6CDQ-D5437P-KELP-PM,198895478759,7
TB,100-S6CDQ-D5437P-KELP-PP,198895478735,5
TB,100-S6CDQ-D5437P-KELP-PS,198895478742,7
TB,100-S6CDQ-S4427M-BLACK-1X,198895315764,10
TB,100-S6CDQ-S4427M-BLACK-2X,198895315771,6
TB,100-S6CDQ-S4427M-BLACK-3X,198895315788,6
TB,100-S6CDQ-S4427M-BLACK-L,198895315740,28
TB,100-S6CDQ-S4427M-BLACK-M,198895315733,42
TB,100-S6CDQ-S4427M-BLACK-S,198895315726,27
TB,100-S6CDQ-S4427M-BLACK-XL,198895315757,16
TB,100-S6CDQ-S4427M-BLACK-XS,198895315719,15
TB,100-S6CDQ-S4427M-BLACK-XXS,198895315702,6
TB,100-S6CDQ-S4427P-BLACK-PL,198895478841,12
TB,100-S6CDQ-S4427P-BLACK-PM,198895478834,16
TB,100-S6CDQ-S4427P-BLACK-PP,198895478810,7
TB,100-S6CDQ-S4427P-BLACK-PS,198895478827,21
TB,100-S6CDQ-T6479M-BLACK-1X,198895316846,6
TB,100-S6CDQ-T6479M-BLACK-2X,198895316853,5
TB,100-S6CDQ-T6479M-BLACK-L,198895316822,19
TB,100-S6CDQ-T6479M-BLACK-M,198895316815,37
TB,100-S6CDQ-T6479M-BLACK-S,198895316808,20
TB,100-S6CDQ-T6479M-BLACK-XL,198895316839,8
TB,100-S6CDQ-T6479M-BLACK-XS,198895316792,10
TB,100-S6CDQ-T6493M-BLACK-1X,198895317478,6
TB,100-S6CDQ-T6493M-BLACK-2X,198895317485,2
TB,100-S6CDQ-T6493M-BLACK-3X,198895317492,2
TB,100-S6CDQ-T6493M-BLACK-L,198895317454,7
TB,100-S6CDQ-T6493M-BLACK-M,198895317447,20
TB,100-S6CDQ-T6493M-BLACK-S,198895317430,20
TB,100-S6CDQ-T6493M-BLACK-XL,198895317461,8
TB,100-S6CDQ-T6493M-BLACK-XS,198895317423,10
TB,100-S6CDQ-T6493M-BLACK-XXS,198895317416,4
TB,100-S6DEE-P4689M-HAZE-1X,198895433048,9
TB,100-S6DEE-P4689M-HAZE-2X,198895433055,16
TB,100-S6DEE-P4689M-HAZE-3X,198895433062,5
TB,100-S6DEE-P4689M-HAZE-L,198895433024,53
TB,100-S6DEE-P4689M-HAZE-M,198895433017,53
TB,100-S6DEE-P4689M-HAZE-S,198895433000,37
TB,100-S6DEE-P4689M-HAZE-XL,198895433031,36
TB,100-S6DEE-P4689M-HAZE-XS,198895432997,9
TB,100-S6DEE-P4689M-HAZE-XXS,198895432980,3
TB,100-S6DEE-P4689M-SESLT-2X,198895433147,18
TB,100-S6DEE-P4689M-SESLT-3X,198895433154,9
TB,100-S6DEE-P4689M-SESLT-M,198895433109,29
TB,100-S6DEE-P4689M-SESLT-S,198895433093,21
TB,100-S6DEE-P4689M-SESLT-XL,198895433123,28
TB,100-S6DEE-P4689M-SESLT-XXS,198895433079,4
TB,100-S6DEE-T5705M-DOVE-L,198895308346,2
TB,100-S6DEE-T5705M-DOVE-M,198895308339,4
TB,100-S6DEE-T5705M-DOVE-XL,198895308353,5
TB,100-S6DEE-T5705M-DOVE-XXS,198895308308,3
TB,100-S6DEE-T6475M-BLACK-1X,198895183752,5
TB,100-S6DEE-T6475M-BLACK-2X,198895183769,3
TB,100-S6DEE-T6475M-BLACK-3X,198895183776,4
TB,100-S6DEE-T6475M-BLACK-L,198895183738,32
TB,100-S6DEE-T6475M-BLACK-M,198895183721,40
TB,100-S6DEE-T6475M-BLACK-S,198895183714,30
TB,100-S6DEE-T6475M-BLACK-XL,198895183745,11
TB,100-S6DEE-T6475M-BLACK-XS,198895183707,20
TB,100-S6DEE-T6475M-BLACK-XXS,198895183691,7
TB,100-S6DEE-T6475M-HAZE-1X,198895298791,13
TB,100-S6DEE-T6475M-HAZE-2X,198895298807,10
TB,100-S6DEE-T6475M-HAZE-3X,198895298814,7
TB,100-S6DEE-T6475M-HAZE-L,198895298777,44
TB,100-S6DEE-T6475M-HAZE-M,198895298760,55
TB,100-S6DEE-T6475M-HAZE-S,198895298753,37
TB,100-S6DEE-T6475M-HAZE-XL,198895298784,28
TB,100-S6DEE-T6475M-HAZE-XS,198895298746,24
TB,100-S6DEE-T6475M-HAZE-XXS,198895298739,12
TB,100-S6DEE-U4418M-BLACK-1X,198895433772,26
TB,100-S6DEE-U4418M-BLACK-2X,198895433789,20
TB,100-S6DEE-U4418M-BLACK-3X,198895433796,14
TB,100-S6DEE-U4418M-BLACK-L,198895433758,61
TB,100-S6DEE-U4418M-BLACK-M,198895433741,64
TB,100-S6DEE-U4418M-BLACK-S,198895433734,40
TB,100-S6DEE-U4418M-BLACK-XL,198895433765,43
TB,100-S6DEE-U4418M-BLACK-XS,198895433727,23
TB,100-S6DEE-U4418M-BLACK-XXS,198895433710,1
TB,100-S6DEE-U4418M-SESLT-1X,198895433956,18
TB,100-S6DEE-U4418M-SESLT-2X,198895433963,13
TB,100-S6DEE-U4418M-SESLT-3X,198895433970,8
TB,100-S6DEE-U4418M-SESLT-L,198895433932,41
TB,100-S6DEE-U4418M-SESLT-M,198895433925,30
TB,100-S6DEE-U4418M-SESLT-S,198895433918,7
TB,100-S6DEE-U4418M-SESLT-XL,198895433949,33
TB,100-S6DEE-U4418M-SESLT-XS,198895433901,6
TB,100-S6FVF-K5475M-BLACK-1X,198895485702,46
TB,100-S6FVF-K5475M-BLACK-2X,198895485719,32
TB,100-S6FVF-K5475M-BLACK-3X,198895485726,33
TB,100-S6FVF-K5475M-BLACK-L,198895485689,92
TB,100-S6FVF-K5475M-BLACK-M,198895485672,100
TB,100-S6FVF-K5475M-BLACK-S,198895485665,47
TB,100-S6FVF-K5475M-BLACK-XL,198895485696,71
TB,100-S6FVF-K5475M-BLACK-XS,198895485658,28
TB,100-S6FVF-K5475M-BLACK-XXS,198895485641,6
TB,100-S6FVF-W6153M-BLACK-1X,198895260002,20
TB,100-S6FVF-W6153M-BLACK-2X,198895260019,17
TB,100-S6FVF-W6153M-BLACK-3X,198895260026,13
TB,100-S6FVF-W6153M-BLACK-L,198895259983,92
TB,100-S6FVF-W6153M-BLACK-M,198895259976,147
TB,100-S6FVF-W6153M-BLACK-S,198895259969,90
TB,100-S6FVF-W6153M-BLACK-XL,198895259990,51
TB,100-S6FVF-W6153M-BLACK-XS,198895259952,59
TB,100-S6FVF-W6153M-BLACK-XXS,198895259945,27
TB,100-S6FVF-W6153M-WHITE-1X,198895261085,20
TB,100-S6FVF-W6153M-WHITE-2X,198895261092,16
TB,100-S6FVF-W6153M-WHITE-3X,198895261108,12
TB,100-S6FVF-W6153M-WHITE-L,198895261061,91
TB,100-S6FVF-W6153M-WHITE-M,198895261054,135
TB,100-S6FVF-W6153M-WHITE-S,198895261047,84
TB,100-S6FVF-W6153M-WHITE-XL,198895261078,47
TB,100-S6FVF-W6153M-WHITE-XS,198895261030,49
TB,100-S6FVF-W6153M-WHITE-XXS,198895261023,23
TB,100-S6FVG-W6153M-NATWH-L,198895281601,78
TB,100-S6FVG-W6153M-NATWH-M,198895281595,117
TB,100-S6FWA-K5474P-BLACK-PL,198895478926,7
TB,100-S6FWA-K5474P-BLACK-PM,198895478919,17
TB,100-S6FWA-K5474P-BLACK-PP,198895478896,10
TB,100-S6FWA-K5474P-BLACK-PS,198895478902,19
TB,100-S6FWA-K5474P-UNNAT-PM,198895478957,4
TB,100-S6FWA-K5482M-WHITE-XXS,198895327644,2
TB,100-S6FWA-K5482P-BLACK-PL,198895479008,20
TB,100-S6FWA-K5482P-BLACK-PM,198895478995,24
TB,100-S6FWA-K5482P-BLACK-PP,198895478971,14
TB,100-S6FWA-K5482P-BLACK-PS,198895478988,28
TB,100-S6FWA-K5482P-WHITE-PL,198895479046,11
TB,100-S6FWA-K5482P-WHITE-PM,198895479039,12
TB,100-S6FWA-K5482P-WHITE-PS,198895479022,9
TB,100-S6FWQ-J5843M-WHEAT-1X,198895333553,18
TB,100-S6FWQ-J5843M-WHEAT-2X,198895333560,15
TB,100-S6FWQ-J5843M-WHEAT-3X,198895333577,15
TB,100-S6FWQ-J5843M-WHEAT-L,198895333539,59
TB,100-S6FWQ-J5843M-WHEAT-M,198895333522,50
TB,100-S6FWQ-J5843M-WHEAT-S,198895333515,20
TB,100-S6FWQ-J5843M-WHEAT-XL,198895333546,41
TB,100-S6FWQ-J5843M-WHEAT-XS,198895333508,1
TB,100-S6FWQ-J5843M-WHEAT-XXS,198895333492,4
TB,100-S6FZS-W6269M-HAZE-1X,198895185923,8
TB,100-S6FZS-W6269M-HAZE-2X,198895185930,6
TB,100-S6FZS-W6269M-HAZE-3X,198895185947,4
TB,100-S6HLW-J5845M-BLACK-1X,198895344566,14
TB,100-S6HLW-J5845M-BLACK-2X,198895344573,20
TB,100-S6HLW-J5845M-BLACK-3X,198895344580,11
TB,100-S6HLW-J5845M-BLACK-L,198895344542,35
TB,100-S6HLW-J5845M-BLACK-M,198895344535,45
TB,100-S6HLW-J5845M-BLACK-S,198895344528,13
TB,100-S6HLW-J5845M-BLACK-XL,198895344559,25
TB,100-S6HLW-J5845M-BLACK-XS,198895344511,23
TB,100-S6HLW-J5845M-BLACK-XXS,198895344504,8
TB,100-S6HLW-J5845P-BLACK-PL,198895479206,20
TB,100-S6HLW-J5845P-BLACK-PM,198895479190,23
TB,100-S6HLW-J5845P-BLACK-PP,198895479176,4
TB,100-S6HLW-J5845P-BLACK-PS,198895479183,12
TB,100-S6HLW-J5845P-UNNAT-PL,198895479244,23
TB,100-S6HLW-J5845P-UNNAT-PM,198895479237,21
TB,100-S6HLW-J5845P-UNNAT-PP,198895479213,2
TB,100-S6HLW-J5845P-UNNAT-PS,198895479220,17
TB,100-S6HLW-J5845P-WHITE-PL,198895479282,23
TB,100-S6HLW-J5845P-WHITE-PM,198895479275,12
TB,100-S6HLW-J5845P-WHITE-PP,198895479251,3
TB,100-S6HLW-J5845P-WHITE-PS,198895479268,6
TB,100-S6HLW-P4925M-BLACK-1X,198895344832,21
TB,100-S6HLW-P4925M-BLACK-2X,198895344849,25
TB,100-S6HLW-P4925M-BLACK-3X,198895344856,7
TB,100-S6HLW-P4925M-BLACK-L,198895344818,47
TB,100-S6HLW-P4925M-BLACK-M,198895344801,71
TB,100-S6HLW-P4925M-BLACK-S,198895344795,41
TB,100-S6HLW-P4925M-BLACK-XL,198895344825,41
TB,100-S6HLW-P4925M-BLACK-XS,198895344788,23
TB,100-S6HLW-P4925M-BLACK-XXS,198895344771,14
TB,100-S6HLW-P4925P-BLACK-PL,198895479329,7
TB,100-S6HLW-P4925P-BLACK-PM,198895479312,18
TB,100-S6HLW-P4925P-BLACK-PP,198895479299,11
TB,100-S6HLW-P4925P-BLACK-PS,198895479305,19
TB,100-S6IZ1-T5852M-BREZE-1X,198895463526,22
TB,100-S6IZ1-T5852M-BREZE-2X,198895463533,26
TB,100-S6IZ1-T5852M-BREZE-3X,198895463540,8
TB,100-S6IZ1-T5852M-BREZE-L,198895463502,66
TB,100-S6IZ1-T5852M-BREZE-M,198895463496,77
TB,100-S6IZ1-T5852M-BREZE-S,198895463489,54
TB,100-S6IZ1-T5852M-BREZE-XL,198895463519,46
TB,100-S6IZ1-T5852M-BREZE-XS,198895463472,26
TB,100-S6IZ1-T5852M-BREZE-XXS,198895463465,11
TB,100-S6IZ1-T5852M-KELP-1X,198895197261,18
TB,100-S6IZ1-T5852M-KELP-2X,198895197278,24
TB,100-S6IZ1-T5852M-KELP-3X,198895197285,10
TB,100-S6IZ1-T5852M-KELP-L,198895197247,67
TB,100-S6IZ1-T5852M-KELP-M,198895197230,71
TB,100-S6IZ1-T5852M-KELP-S,198895197223,49
TB,100-S6IZ1-T5852M-KELP-XL,198895197254,35
TB,100-S6IZ1-T5852M-KELP-XS,198895197216,32
TB,100-S6IZ1-T5852M-KELP-XXS,198895197209,10
TB,100-S6IZ1-T5852M-TEAL-1X,198895499365,10
TB,100-S6IZ1-T5852M-TEAL-2X,198895499372,21
TB,100-S6IZ1-T5852M-TEAL-3X,198895499389,3
TB,100-S6IZ1-T5852M-TEAL-L,198895499341,45
TB,100-S6IZ1-T5852M-TEAL-M,198895499334,53
TB,100-S6IZ1-T5852M-TEAL-S,198895499327,39
TB,100-S6IZ1-T5852M-TEAL-XL,198895499358,28
TB,100-S6IZ1-T5852M-TEAL-XS,198895499310,18
TB,100-S6IZ1-T5852M-TEAL-XXS,198895499303,8
TB,100-S6IZ1-T6005M-FIELD-1X,198895198251,6
TB,100-S6IZ1-T6005M-FIELD-2X,198895198268,14
TB,100-S6IZ1-T6005M-FIELD-3X,198895198275,8
TB,100-S6IZ1-T6005M-FIELD-L,198895198237,50
TB,100-S6IZ1-T6005M-FIELD-M,198895198220,59
TB,100-S6IZ1-T6005M-FIELD-S,198895198213,42
TB,100-S6IZ1-T6005M-FIELD-XL,198895198244,30
TB,100-S6IZ1-T6005M-FIELD-XS,198895198206,24
TB,100-S6IZ1-T6005M-FIELD-XXS,198895198190,6
TB,100-S6IZ1-T6005M-PETUN-1X,198895198435,9
TB,100-S6IZ1-T6005M-PETUN-2X,198895198442,9
TB,100-S6IZ1-T6005M-PETUN-3X,198895198459,2
TB,100-S6IZ1-T6005M-PETUN-L,198895198411,26
TB,100-S6IZ1-T6005M-PETUN-M,198895198404,31
TB,100-S6IZ1-T6005M-PETUN-S,198895198398,31
TB,100-S6IZ1-T6005M-PETUN-XL,198895198428,23
TB,100-S6IZ1-T6005M-PETUN-XS,198895198381,18
TB,100-S6IZ1-T6005M-PETUN-XXS,198895198374,1
TB,100-S6IZ1-U4320M-BREZE-1X,198895198978,30
TB,100-S6IZ1-U4320M-BREZE-2X,198895198985,27
TB,100-S6IZ1-U4320M-BREZE-3X,198895198992,10
TB,100-S6IZ1-U4320M-BREZE-L,198895198954,65
TB,100-S6IZ1-U4320M-BREZE-M,198895198947,76
TB,100-S6IZ1-U4320M-BREZE-S,198895198930,57
TB,100-S6IZ1-U4320M-BREZE-XL,198895198961,47
TB,100-S6IZ1-U4320M-BREZE-XS,198895198923,33
TB,100-S6IZ1-U4320M-BREZE-XXS,198895198916,10
TB,100-S6IZ1-U4320M-KELP-1X,198895199159,18
TB,100-S6IZ1-U4320M-KELP-2X,198895199166,17
TB,100-S6IZ1-U4320M-KELP-3X,198895199173,7
TB,100-S6IZ1-U4320M-KELP-L,198895199135,44
TB,100-S6IZ1-U4320M-KELP-M,198895199128,60
TB,100-S6IZ1-U4320M-KELP-S,198895199111,42
TB,100-S6IZ1-U4320M-KELP-XL,198895199142,25
TB,100-S6IZ1-U4320M-KELP-XS,198895199104,20
TB,100-S6IZ1-U4320M-KELP-XXS,198895199098,10
TB,100-S6JRD-J5558M-BLACK-1X,198895240721,41
TB,100-S6JRD-J5558M-BLACK-2X,198895240738,23
TB,100-S6JRD-J5558M-BLACK-3X,198895240745,20
TB,100-S6JRD-J5558M-BLACK-L,198895240707,66
TB,100-S6JRD-J5558M-BLACK-M,198895240691,68
TB,100-S6JRD-J5558M-BLACK-S,198895240684,61
TB,100-S6JRD-J5558M-BLACK-XL,198895240714,42
TB,100-S6JRD-J5558M-BLACK-XS,198895240677,31
TB,100-S6JRD-J5558M-BLACK-XXS,198895240660,10
TB,100-S6JRD-J5558M-WLNUT-1X,198895509972,29
TB,100-S6JRD-J5558M-WLNUT-2X,198895509989,18
TB,100-S6JRD-J5558M-WLNUT-3X,198895509996,14
TB,100-S6JRD-J5558M-WLNUT-L,198895509958,45
TB,100-S6JRD-J5558M-WLNUT-M,198895509941,49
TB,100-S6JRD-J5558M-WLNUT-S,198895509934,33
TB,100-S6JRD-J5558M-WLNUT-XL,198895509965,20
TB,100-S6JRD-J5558M-WLNUT-XS,198895509927,21
TB,100-S6JRD-J5558M-WLNUT-XXS,198895509910,6
TB,100-S6JRD-J5558P-BLACK-PL,198895489335,38
TB,100-S6JRD-J5558P-BLACK-PM,198895489328,43
TB,100-S6JRD-J5558P-BLACK-PP,198895489304,19
TB,100-S6JRD-J5558P-BLACK-PS,198895489311,45
TB,100-S6JRD-J5558P-WLNUT-PL,198895510039,33
TB,100-S6JRD-J5558P-WLNUT-PM,198895510022,33
TB,100-S6JRD-J5558P-WLNUT-PP,198895510008,12
TB,100-S6JRD-J5558P-WLNUT-PS,198895510015,35
TB,100-S6JRD-P4366M-BLACK-1X,198895251345,23
TB,100-S6JRD-P4366M-BLACK-2X,198895251352,18
TB,100-S6JRD-P4366M-BLACK-3X,198895251369,13
TB,100-S6JRD-P4366M-BLACK-L,198895251321,83
TB,100-S6JRD-P4366M-BLACK-M,198895251314,79
TB,100-S6JRD-P4366M-BLACK-S,198895251307,49
TB,100-S6JRD-P4366M-BLACK-XL,198895251338,54
TB,100-S6JRD-P4366M-BLACK-XS,198895251291,28
TB,100-S6JRD-P4366M-BLACK-XXS,198895251284,13
TB,100-S6JRD-P4366M-WLNUT-1X,198895510107,17
TB,100-S6JRD-P4366M-WLNUT-2X,198895510114,10
TB,100-S6JRD-P4366M-WLNUT-3X,198895510121,6
TB,100-S6JRD-P4366M-WLNUT-L,198895510084,56
TB,100-S6JRD-P4366M-WLNUT-M,198895510077,46
TB,100-S6JRD-P4366M-WLNUT-S,198895510060,36
TB,100-S6JRD-P4366M-WLNUT-XL,198895510091,34
TB,100-S6JRD-P4366M-WLNUT-XS,198895510053,10
TB,100-S6JRD-P4366M-WLNUT-XXS,198895510046,7
TB,100-S6JRD-P4366P-BLACK-PL,198895479565,62
TB,100-S6JRD-P4366P-BLACK-PM,198895479558,68
TB,100-S6JRD-P4366P-BLACK-PP,198895479534,21
TB,100-S6JRD-P4366P-BLACK-PS,198895479541,64
TB,100-S6JRD-P4366P-WLNUT-PL,198895510169,16
TB,100-S6JRD-P4366P-WLNUT-PM,198895510152,2
TB,100-S6JRD-P4366P-WLNUT-PS,198895510145,9
TB,100-S6KRS-T6172M-KELP-1X,198895201319,10
TB,100-S6KRS-T6172M-KELP-2X,198895201326,14
TB,100-S6KRS-T6172M-KELP-L,198895201296,60
TB,100-S6KRS-T6172M-KELP-M,198895201289,64
TB,100-S6KRS-T6172M-KELP-S,198895201272,61
TB,100-S6KRS-T6172M-KELP-XL,198895201302,44
TB,100-S6KRS-T6172M-KELP-XS,198895201265,13
TB,100-S6KRS-T6172M-KELP-XXS,198895201258,10
TB,100-S6KRS-T6489M-BLACK-1X,198895357887,32
TB,100-S6KRS-T6489M-BLACK-2X,198895357894,26
TB,100-S6KRS-T6489M-BLACK-3X,198895357900,24
TB,100-S6KRS-T6489M-BLACK-L,198895357863,74
TB,100-S6KRS-T6489M-BLACK-M,198895357856,70
TB,100-S6KRS-T6489M-BLACK-S,198895357849,33
TB,100-S6KRS-T6489M-BLACK-XL,198895357870,62
TB,100-S6KRS-T6489M-BLACK-XS,198895357832,14
TB,100-S6KRS-T6489M-BLACK-XXS,198895357825,4
TB,100-S6KRS-T6489M-BREZE-1X,198895357979,25
TB,100-S6KRS-T6489M-BREZE-2X,198895357986,22
TB,100-S6KRS-T6489M-BREZE-3X,198895357993,18
TB,100-S6KRS-T6489M-BREZE-L,198895357955,57
TB,100-S6KRS-T6489M-BREZE-M,198895357948,55
TB,100-S6KRS-T6489M-BREZE-S,198895357931,26
TB,100-S6KRS-T6489M-BREZE-XL,198895357962,55
TB,100-S6KRS-T6489M-BREZE-XS,198895357924,7
TB,100-S6KRS-T6489M-BREZE-XXS,198895357917,4
TB,100-S6KRS-T6489M-WHITE-1X,198895358426,35
TB,100-S6KRS-T6489M-WHITE-2X,198895358433,32
TB,100-S6KRS-T6489M-WHITE-3X,198895358440,26
TB,100-S6KRS-T6489M-WHITE-L,198895358402,79
TB,100-S6KRS-T6489M-WHITE-M,198895358396,80
TB,100-S6KRS-T6489M-WHITE-S,198895358389,36
TB,100-S6KRS-T6489M-WHITE-XL,198895358419,76
TB,100-S6KRS-T6489M-WHITE-XS,198895358372,15
TB,100-S6KRS-T6489M-WHITE-XXS,198895358365,2
TB,100-S6LOL-D5385M-DPDIV-L,198895423513,12
TB,100-S6LOL-D5385M-DPDIV-M,198895423506,29
TB,100-S6LOL-D5385M-DPDIV-S,198895423490,8
TB,100-S6LOL-D5385M-DPDIV-XS,198895423483,9
TB,100-S6LOL-D5385M-DPDIV-XXS,198895423476,6
TB,100-S6LOL-D5385P-DPDIV-PP,198895433987,12
TB,100-S6LOL-D5385P-DPDIV-PS,198895433994,6
TB,100-S6LOL-D5429M-FIELD-1X,198895361211,20
TB,100-S6LOL-D5429M-FIELD-2X,198895361228,14
TB,100-S6LOL-D5429M-FIELD-L,198895361198,40
TB,100-S6LOL-D5429M-FIELD-M,198895361181,38
TB,100-S6LOL-D5429M-FIELD-S,198895361174,15
TB,100-S6LOL-D5429M-FIELD-XL,198895361204,24
TB,100-S6LOL-D5429M-FIELD-XS,198895361167,8
TB,100-S6LOL-D5429M-FIELD-XXS,198895361150,4
TB,100-S6LOL-D5429P-FIELD-PL,198895479800,16
TB,100-S6LOL-D5429P-FIELD-PM,198895479794,19
TB,100-S6LOL-D5429P-FIELD-PP,198895479770,20
TB,100-S6LOL-D5429P-FIELD-PS,198895479787,27
TB,100-S6LOL-P4794M-DPDIV-1X,198895204013,3
TB,100-S6LOL-P4794M-DPDIV-3X,198895204037,5
TB,100-S6LOL-P4794M-DPDIV-L,198895203993,11
TB,100-S6LOL-P4794M-DPDIV-M,198895203986,23
TB,100-S6LOL-P4794M-DPDIV-XL,198895204006,12
TB,100-S6LOL-P4794M-DPDIV-XS,198895203962,1
TB,100-S6LOL-P4794M-DPDIV-XXS,198895203955,4
TB,100-S6LOL-P4794P-DPDIV-PL,198895267889,9
TB,100-S6LOL-T6090M-DPDIV-L,198895204716,23
TB,100-S6LOL-T6090M-DPDIV-M,198895204709,32
TB,100-S6LOL-T6090M-DPDIV-S,198895204693,32
TB,100-S6LOL-T6090M-DPDIV-XS,198895204686,20
TB,100-S6LOL-T6090M-DPDIV-XXS,198895204679,9
TB,100-S6LOL-T6090P-DPDIV-PL,198895284640,14
TB,100-S6LOL-T6090P-DPDIV-PM,198895284633,5
TB,100-S6LOL-T6090P-DPDIV-PP,198895284619,7
TB,100-S6LOL-T6090P-DPDIV-PS,198895284626,10
TB,100-S6LOL-T6458M-DPDIV-1X,198895205096,9
TB,100-S6LOL-T6458M-DPDIV-2X,198895205102,8
TB,100-S6LOL-T6458M-DPDIV-L,198895205072,33
TB,100-S6LOL-T6458M-DPDIV-M,198895205065,31
TB,100-S6LOL-T6458M-DPDIV-S,198895205058,19
TB,100-S6LOL-T6458M-DPDIV-XL,198895205089,9
TB,100-S6LOL-T6458M-DPDIV-XS,198895205041,12
TB,100-S6LOL-T6458M-DPDIV-XXS,198895205034,9
TB,100-S6LOL-T6458P-DPDIV-PL,198895267926,15
TB,100-S6LOL-T6458P-DPDIV-PM,198895267919,10
TB,100-S6LOL-T6458P-DPDIV-PP,198895267896,2
TB,100-S6LOL-T6458P-DPDIV-PS,198895267902,11
TB,100-S6NWG-D5413M-BLACK-1X,198895241896,7
TB,100-S6NWG-D5413M-BLACK-2X,198895241902,8
TB,100-S6NWG-D5413M-BLACK-3X,198895241919,9
TB,100-S6NWG-D5413M-BLACK-L,198895241872,13
TB,100-S6NWG-D5413M-BLACK-M,198895241865,4
TB,100-S6NWG-D5413M-BLACK-S,198895241858,9
TB,100-S6NWG-D5413M-BLACK-XL,198895241889,10
TB,100-S6NWG-D5413M-BLACK-XS,198895241841,6
TB,100-S6NWG-D5413M-BLACK-XXS,198895241834,3
TB,100-S6NWG-D5413M-FLINT-1X,198895242077,9
TB,100-S6NWG-D5413M-FLINT-2X,198895242084,12
TB,100-S6NWG-D5413M-FLINT-3X,198895242091,11
TB,100-S6NWG-D5413M-FLINT-L,198895242053,13
TB,100-S6NWG-D5413M-FLINT-M,198895242046,12
TB,100-S6NWG-D5413M-FLINT-S,198895242039,11
TB,100-S6NWG-D5413M-FLINT-XL,198895242060,19
TB,100-S6NWG-D5413M-FLINT-XS,198895242022,8
TB,100-S6NWG-D5413M-FLINT-XXS,198895242015,4
TB,100-S6NWG-S4418M-BLACK-1X,198895205843,6
TB,100-S6NWG-S4418M-BLACK-2X,198895205850,4
TB,100-S6NWG-S4418M-BLACK-3X,198895205867,2
TB,100-S6NWG-S4418M-BLACK-L,198895205829,26
TB,100-S6NWG-S4418M-BLACK-M,198895205812,42
TB,100-S6NWG-S4418M-BLACK-S,198895205805,31
TB,100-S6NWG-S4418M-BLACK-XL,198895205836,11
TB,100-S6NWG-S4418M-BLACK-XS,198895205799,9
TB,100-S6NWG-S4418M-BLACK-XXS,198895205782,2
TB,100-S6NWG-S4418M-FLINT-1X,198895206024,10
TB,100-S6NWG-S4418M-FLINT-2X,198895206031,7
TB,100-S6NWG-S4418M-FLINT-3X,198895206048,3
TB,100-S6NWG-S4418M-FLINT-L,198895206000,28
TB,100-S6NWG-S4418M-FLINT-M,198895205997,37
TB,100-S6NWG-S4418M-FLINT-S,198895205980,26
TB,100-S6NWG-S4418M-FLINT-XL,198895206017,14
TB,100-S6NWG-S4418M-FLINT-XS,198895205973,12
TB,100-S6NWG-S4418M-PARUS-1X,198895206208,9
TB,100-S6NWG-S4418M-PARUS-2X,198895206215,4
TB,100-S6NWG-S4418M-PARUS-3X,198895206222,5
TB,100-S6NWG-S4418M-PARUS-L,198895206185,26
TB,100-S6NWG-S4418M-PARUS-M,198895206178,37
TB,100-S6NWG-S4418M-PARUS-S,198895206161,23
TB,100-S6NWG-S4418M-PARUS-XL,198895206192,14
TB,100-S6NWG-S4418M-PARUS-XS,198895206154,7
TB,100-S6NWG-S4418M-PARUS-XXS,198895206147,6
TB,100-S6NWG-T6090M-BLACK-1X,198895252243,22
TB,100-S6NWG-T6090M-BLACK-2X,198895252250,15
TB,100-S6NWG-T6090M-BLACK-3X,198895252267,7
TB,100-S6NWG-T6090M-BLACK-L,198895252229,53
TB,100-S6NWG-T6090M-BLACK-M,198895252212,53
TB,100-S6NWG-T6090M-BLACK-S,198895252205,40
TB,100-S6NWG-T6090M-BLACK-XL,198895252236,35
TB,100-S6NWG-T6090M-BLACK-XS,198895252199,20
TB,100-S6NWG-T6090M-BLACK-XXS,198895252182,9
TB,100-S6NWG-T6090M-FLINT-XS,198895206246,4
TB,100-S6NWG-U4393M-BLACK-2X,198895252342,3
TB,100-S6NWG-U4393M-BLACK-3X,198895252359,1
TB,100-S6NWG-U4393M-BLACK-L,198895252311,32
TB,100-S6NWG-U4393M-BLACK-M,198895252304,10
TB,100-S6NWG-U4393M-BLACK-S,198895252298,6
TB,100-S6NWG-U4393M-BLACK-XL,198895252328,16
TB,100-S6NWG-U4393M-BLACK-XS,198895252281,4
TB,100-S6NWG-U4393M-BLACK-XXS,198895252274,6
TB,100-S6NWG-U4393M-FLINT-L,198895206635,17
TB,100-S6NWG-U4393M-FLINT-M,198895206628,10
TB,100-S6NWG-U4393M-FLINT-S,198895206611,4
TB,100-S6NWG-U4393M-FLINT-XL,198895206642,10
TB,100-S6NWG-U4393M-FLINT-XS,198895206604,6
TB,100-S6NWG-U4393M-FLINT-XXS,198895206598,8
TB,100-S6NWG-U4393M-PARUS-3X,198895206857,1
TB,100-S6NWG-U4393M-PARUS-L,198895206819,6
TB,100-S6NWG-U4393M-PARUS-M,198895206802,5
TB,100-S6NWG-U4393M-PARUS-XL,198895206826,6
TB,100-S6NWG-U4393M-PARUS-XS,198895206789,1
TB,100-S6OIJ-T6435M-PARUS-L,198895475406,17
TB,100-S6OIJ-T6435M-PARUS-XXS,198895475369,10
TB,100-S6OJH-P4700M-BLACK-1X,198895467449,33
TB,100-S6OJH-P4700M-BLACK-2X,198895467456,12
TB,100-S6OJH-P4700M-BLACK-L,198895467425,29
TB,100-S6OJH-P4700M-BLACK-M,198895467418,47
TB,100-S6OJH-P4700M-BLACK-S,198895467401,38
TB,100-S6OJH-P4700M-BLACK-XL,198895467432,43
TB,100-S6OJH-P4700M-BLACK-XS,198895467395,13
TB,100-S6OJH-P4700M-BLACK-XXS,198895467388,11
TB,100-S6OJH-P4700M-WHEAT-1X,198895467531,34
TB,100-S6OJH-P4700M-WHEAT-2X,198895467548,17
TB,100-S6OJH-P4700M-WHEAT-3X,198895467555,4
TB,100-S6OJH-P4700M-WHEAT-L,198895467517,66
TB,100-S6OJH-P4700M-WHEAT-M,198895467500,69
TB,100-S6OJH-P4700M-WHEAT-S,198895467494,29
TB,100-S6OJH-P4700M-WHEAT-XL,198895467524,47
TB,100-S6OJH-P4700M-WHEAT-XS,198895467487,12
TB,100-S6OJH-P4700M-WHEAT-XXS,198895467470,10
TB,100-S6OJH-P4886M-BLACK-1X,198895502652,23
TB,100-S6OJH-P4886M-BLACK-2X,198895502669,18
TB,100-S6OJH-P4886M-BLACK-3X,198895502676,8
TB,100-S6OJH-P4886M-BLACK-L,198895502638,64
TB,100-S6OJH-P4886M-BLACK-M,198895502621,65
TB,100-S6OJH-P4886M-BLACK-S,198895502614,41
TB,100-S6OJH-P4886M-BLACK-XL,198895502645,40
TB,100-S6OJH-P4886M-BLACK-XS,198895502607,21
TB,100-S6OJH-P4886M-BLACK-XXS,198895502591,10
TB,100-S6OJH-T6187M-BLACK-1X,198895502744,22
TB,100-S6OJH-T6187M-BLACK-2X,198895502751,14
TB,100-S6OJH-T6187M-BLACK-3X,198895502768,8
TB,100-S6OJH-T6187M-BLACK-L,198895502720,91
TB,100-S6OJH-T6187M-BLACK-M,198895502713,108
TB,100-S6OJH-T6187M-BLACK-S,198895502706,62
TB,100-S6OJH-T6187M-BLACK-XL,198895502737,23
TB,100-S6OJH-T6187M-BLACK-XS,198895502690,28
TB,100-S6OJH-T6187M-BLACK-XXS,198895502683,4
TB,100-S6OJH-T6187M-WHITE-1X,198895502836,18
TB,100-S6OJH-T6187M-WHITE-2X,198895502843,13
TB,100-S6OJH-T6187M-WHITE-3X,198895502850,6
TB,100-S6OJH-T6187M-WHITE-L,198895502812,79
TB,100-S6OJH-T6187M-WHITE-M,198895502805,99
TB,100-S6OJH-T6187M-WHITE-S,198895502799,39
TB,100-S6OJH-T6187M-WHITE-XL,198895502829,22
TB,100-S6OJH-T6187M-WHITE-XS,198895502782,8
TB,100-S6OJH-T6187M-WHITE-XXS,198895502775,5
TB,100-S6OKB-J5613M-BLACK-1X,198895242954,17
TB,100-S6OKB-J5613M-BLACK-2X,198895242961,19
TB,100-S6OKB-J5613M-BLACK-3X,198895242978,5
TB,100-S6OKB-J5613M-BLACK-L,198895242930,52
TB,100-S6OKB-J5613M-BLACK-M,198895242923,48
TB,100-S6OKB-J5613M-BLACK-S,198895242916,17
TB,100-S6OKB-J5613M-BLACK-XL,198895242947,43
TB,100-S6OKB-J5613M-BLACK-XS,198895242909,7
TB,100-S6OKB-J5613M-BLACK-XXS,198895242893,5
TB,100-S6OKB-J5613M-WHITE-1X,198895243135,9
TB,100-S6OKB-J5613M-WHITE-2X,198895243142,7
TB,100-S6OKB-J5613M-WHITE-3X,198895243159,6
TB,100-S6OKB-J5613M-WHITE-L,198895243111,29
TB,100-S6OKB-J5613M-WHITE-M,198895243104,25
TB,100-S6OKB-J5613M-WHITE-S,198895243098,9
TB,100-S6OKB-J5613M-WHITE-XL,198895243128,25
TB,100-S6OKB-J5613M-WHITE-XS,198895243081,2
TB,100-S6OKB-J5613M-WHITE-XXS,198895243074,2
TB,100-S6OKB-P4366M-BLACK-1X,198895209254,16
TB,100-S6OKB-P4366M-BLACK-2X,198895209261,7
TB,100-S6OKB-P4366M-BLACK-3X,198895209278,5
TB,100-S6OKB-P4366M-BLACK-L,198895209230,45
TB,100-S6OKB-P4366M-BLACK-M,198895209223,41
TB,100-S6OKB-P4366M-BLACK-S,198895209216,35
TB,100-S6OKB-P4366M-BLACK-XL,198895209247,29
TB,100-S6OKB-P4366M-BLACK-XS,198895209209,18
TB,100-S6OKB-P4366M-BLACK-XXS,198895209193,8
TB,100-S6OKB-P4655M-BLACK-2X,198895209353,6
TB,100-S6OKB-P4655M-BLACK-L,198895209322,23
TB,100-S6OKB-P4655M-BLACK-M,198895209315,32
TB,100-S6OKB-P4655M-BLACK-XL,198895209339,18
TB,100-S6OKB-P4655M-BLACK-XXS,198895209285,1
TB,100-S6OKB-P4655M-INK-1X,198895209438,13
TB,100-S6OKB-P4655M-INK-2X,198895209445,17
TB,100-S6OKB-P4655M-INK-L,198895209414,41
TB,100-S6OKB-P4655M-INK-M,198895209407,46
TB,100-S6OKB-P4655M-INK-S,198895209391,23
TB,100-S6OKB-P4655M-INK-XL,198895209421,34
TB,100-S6OKB-P4655M-INK-XS,198895209384,2
TB,100-S6OKB-P4655M-INK-XXS,198895209377,1
TB,100-S6OKB-P4856M-BLACK-1X,198895209612,22
TB,100-S6OKB-P4856M-BLACK-2X,198895209629,12
TB,100-S6OKB-P4856M-BLACK-3X,198895209636,5
TB,100-S6OKB-P4856M-BLACK-L,198895209599,36
TB,100-S6OKB-P4856M-BLACK-M,198895209582,32
TB,100-S6OKB-P4856M-BLACK-S,198895209575,36
TB,100-S6OKB-P4856M-BLACK-XL,198895209605,33
TB,100-S6OKB-P4856M-BLACK-XS,198895209568,10
TB,100-S6OKB-P4856M-BLACK-XXS,198895209551,5
TB,100-S6OKB-P4856M-FLINT-1X,198895209704,22
TB,100-S6OKB-P4856M-FLINT-2X,198895209711,9
TB,100-S6OKB-P4856M-FLINT-3X,198895209728,9
TB,100-S6OKB-P4856M-FLINT-L,198895209681,32
TB,100-S6OKB-P4856M-FLINT-M,198895209674,34
TB,100-S6OKB-P4856M-FLINT-S,198895209667,31
TB,100-S6OKB-P4856M-FLINT-XL,198895209698,35
TB,100-S6OKB-P4856M-FLINT-XS,198895209650,12
TB,100-S6OKB-P4856M-FLINT-XXS,198895209643,2
TB,100-S6OKB-P4856M-WHITE-1X,198895209797,19
TB,100-S6OKB-P4856M-WHITE-2X,198895209803,15
TB,100-S6OKB-P4856M-WHITE-3X,198895209810,10
TB,100-S6OKB-P4856M-WHITE-L,198895209773,25
TB,100-S6OKB-P4856M-WHITE-M,198895209766,11
TB,100-S6OKB-P4856M-WHITE-S,198895209759,14
TB,100-S6OKB-P4856M-WHITE-XL,198895209780,30
TB,100-S6OKB-P4856M-WHITE-XS,198895209742,2
TB,100-S6OLA-T6360M-BLACK-1X,198895210519,11
TB,100-S6OLA-T6360M-BLACK-2X,198895210526,10
TB,100-S6OLA-T6360M-BLACK-3X,198895210533,7
TB,100-S6OLA-T6360M-BLACK-L,198895210496,54
TB,100-S6OLA-T6360M-BLACK-M,198895210489,55
TB,100-S6OLA-T6360M-BLACK-S,198895210472,52
TB,100-S6OLA-T6360M-BLACK-XL,198895210502,24
TB,100-S6OLA-T6360M-BLACK-XS,198895210465,25
TB,100-S6OLA-T6360M-BLACK-XXS,198895210458,19
TB,100-S6OLA-T6360M-BLSTR-1X,198895210601,3
TB,100-S6OLA-T6360M-BLSTR-2X,198895210618,8
TB,100-S6OLA-T6360M-BLSTR-3X,198895210625,8
TB,100-S6OLA-T6360M-BLSTR-L,198895210588,47
TB,100-S6OLA-T6360M-BLSTR-M,198895210571,46
TB,100-S6OLA-T6360M-BLSTR-S,198895210564,49
TB,100-S6OLA-T6360M-BLSTR-XL,198895210595,22
TB,100-S6OLA-T6360M-BLSTR-XS,198895210557,24
TB,100-S6OLA-T6360M-BLSTR-XXS,198895210540,16
TB,100-S6OLA-T6360M-WHITE-1X,198895211141,18
TB,100-S6OLA-T6360M-WHITE-2X,198895211158,11
TB,100-S6OLA-T6360M-WHITE-3X,198895211165,10
TB,100-S6OLA-T6360M-WHITE-L,198895211127,58
TB,100-S6OLA-T6360M-WHITE-M,198895211110,71
TB,100-S6OLA-T6360M-WHITE-S,198895211103,58
TB,100-S6OLA-T6360M-WHITE-XL,198895211134,31
TB,100-S6OLA-T6360M-WHITE-XS,198895211097,30
TB,100-S6OLA-T6360M-WHITE-XXS,198895211080,18
TB,100-S6OLA-T6368M-BLACK-1X,198895211509,29
TB,100-S6OLA-T6368M-BLACK-2X,198895211516,35
TB,100-S6OLA-T6368M-BLACK-3X,198895211523,11
TB,100-S6OLA-T6368M-BLACK-L,198895211486,38
TB,100-S6OLA-T6368M-BLACK-M,198895211479,51
TB,100-S6OLA-T6368M-BLACK-S,198895211462,24
TB,100-S6OLA-T6368M-BLACK-XL,198895211493,39
TB,100-S6OLA-T6368M-BLACK-XS,198895211455,1
TB,100-S6OLA-T6368M-BLACK-XXS,198895211448,4
TB,100-S6OLA-T6368M-INK-S,198895211912,12
TB,100-S6OLA-T6368M-INK-XS,198895211905,5
TB,100-S6OLA-T6368M-LFRST-1X,198895212049,9
TB,100-S6OLA-T6368M-LFRST-3X,198895212063,7
TB,100-S6OLA-T6368M-LFRST-L,198895212025,23
TB,100-S6OLA-T6368M-LFRST-M,198895212018,29
TB,100-S6OLA-T6368M-LFRST-S,198895212001,18
TB,100-S6OLA-T6368M-LFRST-XL,198895212032,31
TB,100-S6OLA-T6368M-LFRST-XS,198895211998,5
TB,100-S6PYQ-P4622M-BLACK-1X,198895214319,12
TB,100-S6PYQ-P4622M-BLACK-2X,198895214326,9
TB,100-S6PYQ-P4622M-BLACK-L,198895214296,50
TB,100-S6PYQ-P4622M-BLACK-M,198895214289,46
TB,100-S6PYQ-P4622M-BLACK-S,198895214272,27
TB,100-S6PYQ-P4622M-BLACK-XL,198895214302,20
TB,100-S6PYQ-P4622M-BLACK-XXS,198895214258,2
TB,100-S6PYQ-P4622M-CHALK-1X,198895214401,18
TB,100-S6PYQ-P4622M-CHALK-2X,198895214418,10
TB,100-S6PYQ-P4622M-CHALK-3X,198895214425,3
TB,100-S6PYQ-P4622M-CHALK-L,198895214388,56
TB,100-S6PYQ-P4622M-CHALK-M,198895214371,58
TB,100-S6PYQ-P4622M-CHALK-S,198895214364,35
TB,100-S6PYQ-P4622M-CHALK-XL,198895214395,29
TB,100-S6PYQ-P4622M-CHALK-XS,198895214357,5
TB,100-S6PYQ-P4622M-CHALK-XXS,198895214340,4
TB,100-S6PYQ-P4622P-BLACK-PL,198895285647,7
TB,100-S6PYQ-P4622P-BLACK-PM,198895285630,16
TB,100-S6PYQ-P4622P-BLACK-PP,198895285616,3
TB,100-S6PYQ-P4622P-BLACK-PS,198895285623,15
TB,100-S6PYQ-P4622P-CHALK-PL,198895285685,13
TB,100-S6PYQ-P4622P-CHALK-PM,198895285678,25
TB,100-S6PYQ-P4622P-CHALK-PP,198895285654,4
TB,100-S6PYQ-P4622P-CHALK-PS,198895285661,19
TB,100-S6QVB-P4873M-PARUS-1X,198895215859,6
TB,100-S6RII-D5426M-BLACK-1X,198895383589,22
TB,100-S6RII-D5426M-BLACK-2X,198895383596,15
TB,100-S6RII-D5426M-BLACK-3X,198895383602,9
TB,100-S6RII-D5426M-BLACK-L,198895383565,36
TB,100-S6RII-D5426M-BLACK-M,198895383558,47
TB,100-S6RII-D5426M-BLACK-S,198895383541,26
TB,100-S6RII-D5426M-BLACK-XL,198895383572,37
TB,100-S6RII-D5426M-BLACK-XS,198895383534,17
TB,100-S6RII-D5426M-BLACK-XXS,198895383527,3
TB,100-S6RII-D5426M-PETUN-1X,198895464240,10
TB,100-S6RII-D5426M-PETUN-2X,198895464257,12
TB,100-S6RII-D5426M-PETUN-3X,198895464264,4
TB,100-S6RII-D5426M-PETUN-L,198895464226,19
TB,100-S6RII-D5426M-PETUN-M,198895464219,33
TB,100-S6RII-D5426M-PETUN-S,198895464202,26
TB,100-S6RII-D5426M-PETUN-XL,198895464233,31
TB,100-S6RII-D5426M-PETUN-XS,198895464196,12
TB,100-S6RII-D5426M-PETUN-XXS,198895464189,2
TB,100-S6RII-D5426M-TEAL-1X,198895445447,26
TB,100-S6RII-D5426M-TEAL-2X,198895445454,15
TB,100-S6RII-D5426M-TEAL-3X,198895445461,9
TB,100-S6RII-D5426M-TEAL-L,198895445423,45
TB,100-S6RII-D5426M-TEAL-M,198895445416,59
TB,100-S6RII-D5426M-TEAL-S,198895445409,40
TB,100-S6RII-D5426M-TEAL-XL,198895445430,39
TB,100-S6RII-D5426M-TEAL-XS,198895445393,12
TB,100-S6RII-D5426M-TEAL-XXS,198895445386,6
TB,100-S6RII-D5426M-UNNAT-1X,198895384395,17
TB,100-S6RII-D5426M-UNNAT-2X,198895384401,6
TB,100-S6RII-D5426M-UNNAT-3X,198895384418,2
TB,100-S6RII-D5426M-UNNAT-L,198895384371,24
TB,100-S6RII-D5426M-UNNAT-M,198895384364,41
TB,100-S6RII-D5426M-UNNAT-S,198895384357,28
TB,100-S6RII-D5426M-UNNAT-XL,198895384388,23
TB,100-S6RII-D5426M-UNNAT-XS,198895384340,9
TB,100-S6RII-D5426M-UNNAT-XXS,198895384333,2
TB,100-S6RII-D5426P-BLACK-PL,198895480523,20
TB,100-S6RII-D5426P-BLACK-PM,198895480516,13
TB,100-S6RII-D5426P-BLACK-PP,198895480493,8
TB,100-S6RII-D5426P-BLACK-PS,198895480509,31
TB,100-S6RII-D5426P-PETUN-PL,198895480608,7
TB,100-S6RII-D5426P-PETUN-PP,198895480578,4
TB,100-S6RII-D5426P-PETUN-PS,198895480585,5
TB,100-S6RII-D5426P-TEAL-PL,198895480646,18
TB,100-S6RII-D5426P-TEAL-PM,198895480639,11
TB,100-S6RII-D5426P-TEAL-PP,198895480615,15
TB,100-S6RII-D5426P-TEAL-PS,198895480622,26
TB,100-S6RII-D5426P-UNNAT-PL,198895480684,4
TB,100-S6RII-D5426P-UNNAT-PM,198895480677,7
TB,100-S6RII-D5426P-UNNAT-PP,198895480653,14
TB,100-S6RII-D5426P-UNNAT-PS,198895480660,11
TB,100-S6RII-D5444M-BLACK-1X,198895385651,33
TB,100-S6RII-D5444M-BLACK-2X,198895385668,18
TB,100-S6RII-D5444M-BLACK-3X,198895385675,4
TB,100-S6RII-D5444M-BLACK-L,198895385637,42
TB,100-S6RII-D5444M-BLACK-M,198895385620,71
TB,100-S6RII-D5444M-BLACK-S,198895385613,41
TB,100-S6RII-D5444M-BLACK-XL,198895385644,43
TB,100-S6RII-D5444M-BLACK-XS,198895385606,21
TB,100-S6RII-D5444M-BLACK-XXS,198895385590,9
TB,100-S6RII-D5444M-BREZE-1X,198895385743,29
TB,100-S6RII-D5444M-BREZE-2X,198895385750,18
TB,100-S6RII-D5444M-BREZE-3X,198895385767,8
TB,100-S6RII-D5444M-BREZE-L,198895385729,37
TB,100-S6RII-D5444M-BREZE-M,198895385712,56
TB,100-S6RII-D5444M-BREZE-S,198895385705,32
TB,100-S6RII-D5444M-BREZE-XL,198895385736,51
TB,100-S6RII-D5444M-BREZE-XS,198895385699,18
TB,100-S6RII-D5444M-BREZE-XXS,198895385682,8
TB,100-S6RII-D5444M-WHITE-1X,198895386108,27
TB,100-S6RII-D5444M-WHITE-2X,198895386115,19
TB,100-S6RII-D5444M-WHITE-3X,198895386122,9
TB,100-S6RII-D5444M-WHITE-L,198895386085,43
TB,100-S6RII-D5444M-WHITE-M,198895386078,51
TB,100-S6RII-D5444M-WHITE-S,198895386061,37
TB,100-S6RII-D5444M-WHITE-XL,198895386092,45
TB,100-S6RII-D5444M-WHITE-XS,198895386054,16
TB,100-S6RII-D5444M-WHITE-XXS,198895386047,8
TB,100-S6RII-D5444P-BLACK-PL,198895480769,26
TB,100-S6RII-D5444P-BLACK-PM,198895480752,21
TB,100-S6RII-D5444P-BLACK-PP,198895480738,15
TB,100-S6RII-D5444P-BLACK-PS,198895480745,40
TB,100-S6RII-D5444P-BREZE-PL,198895480806,21
TB,100-S6RII-D5444P-BREZE-PM,198895480790,22
TB,100-S6RII-D5444P-BREZE-PP,198895480776,13
TB,100-S6RII-D5444P-BREZE-PS,198895480783,31
TB,100-S6RII-D5444P-WHITE-PL,198895480844,32
TB,100-S6RII-D5444P-WHITE-PM,198895480837,35
TB,100-S6RII-D5444P-WHITE-PP,198895480813,23
TB,100-S6RII-D5444P-WHITE-PS,198895480820,43
TB,100-S6RII-J5558M-UNNAT-1X,198895387099,50
TB,100-S6RII-J5558M-UNNAT-2X,198895387105,32
TB,100-S6RII-J5558M-UNNAT-3X,198895387112,25
TB,100-S6RII-J5558M-UNNAT-L,198895387075,72
TB,100-S6RII-J5558M-UNNAT-M,198895387068,75
TB,100-S6RII-J5558M-UNNAT-S,198895387051,62
TB,100-S6RII-J5558M-UNNAT-XL,198895387082,44
TB,100-S6RII-J5558M-UNNAT-XS,198895387044,30
TB,100-S6RII-J5558M-UNNAT-XXS,198895387037,12
TB,100-S6RII-P4689M-BREZE-1X,198895445621,14
TB,100-S6RII-P4689M-BREZE-2X,198895445638,28
TB,100-S6RII-P4689M-BREZE-3X,198895445645,10
TB,100-S6RII-P4689M-BREZE-L,198895445607,58
TB,100-S6RII-P4689M-BREZE-M,198895445591,64
TB,100-S6RII-P4689M-BREZE-S,198895445584,63
TB,100-S6RII-P4689M-BREZE-XL,198895445614,35
TB,100-S6RII-P4689M-BREZE-XS,198895445577,17
TB,100-S6RII-P4689M-BREZE-XXS,198895445560,9
TB,100-S6RII-P4689P-BREZE-PM,198895480998,11
TB,100-S6RII-P4689P-BREZE-PS,198895480981,9
TB,100-S6RII-P4912M-BLACK-1X,198895388263,24
TB,100-S6RII-P4912M-BLACK-2X,198895388270,15
TB,100-S6RII-P4912M-BLACK-3X,198895388287,4
TB,100-S6RII-P4912M-BLACK-L,198895388249,62
TB,100-S6RII-P4912M-BLACK-M,198895388232,68
TB,100-S6RII-P4912M-BLACK-S,198895388225,41
TB,100-S6RII-P4912M-BLACK-XL,198895388256,45
TB,100-S6RII-P4912M-BLACK-XS,198895388218,17
TB,100-S6RII-P4912M-BLACK-XXS,198895388201,9
TB,100-S6RII-P4912M-KELP-1X,198895388355,7
TB,100-S6RII-P4912M-KELP-2X,198895388362,3
TB,100-S6RII-P4912M-KELP-3X,198895388379,5
TB,100-S6RII-P4912M-KELP-L,198895388331,19
TB,100-S6RII-P4912M-KELP-M,198895388324,13
TB,100-S6RII-P4912M-KELP-S,198895388317,19
TB,100-S6RII-P4912M-KELP-XL,198895388348,31
TB,100-S6RII-P4912M-KELP-XS,198895388300,10
TB,100-S6RII-P4912M-UNNAT-1X,198895388447,27
TB,100-S6RII-P4912M-UNNAT-2X,198895388454,15
TB,100-S6RII-P4912M-UNNAT-3X,198895388461,4
TB,100-S6RII-P4912M-UNNAT-L,198895388423,56
TB,100-S6RII-P4912M-UNNAT-M,198895388416,66
TB,100-S6RII-P4912M-UNNAT-S,198895388409,31
TB,100-S6RII-P4912M-UNNAT-XL,198895388430,40
TB,100-S6RII-P4912M-UNNAT-XS,198895388393,12
TB,100-S6RII-P4912M-UNNAT-XXS,198895388386,7
TB,100-S6RII-P4915M-BLACK-1X,198895388713,27
TB,100-S6RII-P4915M-BLACK-2X,198895388720,7
TB,100-S6RII-P4915M-BLACK-3X,198895388737,1
TB,100-S6RII-P4915M-BLACK-L,198895388690,64
TB,100-S6RII-P4915M-BLACK-M,198895388683,87
TB,100-S6RII-P4915M-BLACK-S,198895388676,76
TB,100-S6RII-P4915M-BLACK-XL,198895388706,33
TB,100-S6RII-P4915M-BLACK-XS,198895388669,35
TB,100-S6RII-P4915M-BLACK-XXS,198895388652,16
TB,100-S6RII-P4915M-UNNAT-1X,198895389079,29
TB,100-S6RII-P4915M-UNNAT-2X,198895389086,12
TB,100-S6RII-P4915M-UNNAT-3X,198895389093,5
TB,100-S6RII-P4915M-UNNAT-L,198895389055,78
TB,100-S6RII-P4915M-UNNAT-M,198895389048,95
TB,100-S6RII-P4915M-UNNAT-S,198895389031,75
TB,100-S6RII-P4915M-UNNAT-XL,198895389062,41
TB,100-S6RII-P4915M-UNNAT-XS,198895389024,35
TB,100-S6RII-P4915M-UNNAT-XXS,198895389017,10
TB,100-S6RIT-K5480M-CHALK-M,198895220976,10
TB,100-S6SJP-T6512M-TEAL-1X,198895499990,30
TB,100-S6SJP-T6512M-TEAL-2X,198895500009,30
TB,100-S6SJP-T6512M-TEAL-3X,198895500016,21
TB,100-S6SJP-T6512M-TEAL-L,198895499976,68
TB,100-S6SJP-T6512M-TEAL-M,198895499969,73
TB,100-S6SJP-T6512M-TEAL-S,198895499952,45
TB,100-S6SJP-T6512M-TEAL-XL,198895499983,53
TB,100-S6SJP-T6512M-TEAL-XS,198895499945,20
TB,100-S6SJP-T6512M-TEAL-XXS,198895499938,8
TB,100-S6SJP-T6512M-WHITE-1X,198895394318,26
TB,100-S6SJP-T6512M-WHITE-2X,198895394325,33
TB,100-S6SJP-T6512M-WHITE-3X,198895394332,25
TB,100-S6SJP-T6512M-WHITE-L,198895394295,75
TB,100-S6SJP-T6512M-WHITE-M,198895394288,82
TB,100-S6SJP-T6512M-WHITE-S,198895394271,41
TB,100-S6SJP-T6512M-WHITE-XL,198895394301,60
TB,100-S6SJP-T6512M-WHITE-XS,198895394264,15
TB,100-S6SJP-T6512M-WHITE-XXS,198895394257,8
TB,100-S6TKO-P0696M-FLINT-1X,198895228002,8
TB,100-S6TKO-P0696M-FLINT-3X,198895228026,4
TB,100-S6TKO-P0696M-FLINT-L,198895227982,15
TB,100-S6TKO-P0696M-FLINT-M,198895227975,32
TB,100-S6TKO-P0696M-FLINT-S,198895227968,15
TB,100-S6TKO-P0696M-FLINT-XL,198895227999,11
TB,100-S6TKO-P0696M-FLINT-XS,198895227951,8
TB,100-S6TKO-P0696P-FLINT-PL,198895286644,1
TB,100-S6TKO-P0696P-FLINT-PM,198895286637,3
TB,100-S6TKO-P4657M-BLACK-1X,198895228545,16
TB,100-S6TKO-P4657M-BLACK-2X,198895228552,7
TB,100-S6TKO-P4657M-BLACK-3X,198895228569,7
TB,100-S6TKO-P4657M-BLACK-L,198895228521,28
TB,100-S6TKO-P4657M-BLACK-M,198895228514,34
TB,100-S6TKO-P4657M-BLACK-S,198895228507,15
TB,100-S6TKO-P4657M-BLACK-XL,198895228538,30
TB,100-S6TKO-P4657M-BLACK-XS,198895228491,6
TB,100-S6TKO-P4657M-BLACK-XXS,198895228484,3
TB,100-S6TKO-P4657P-BLACK-PL,198895265830,7
TB,100-S6TKO-P4657P-BLACK-PM,198895265823,11
TB,100-S6TKO-P4657P-BLACK-PP,198895265809,7
TB,100-S6TKO-P4858M-BLACK-1X,198895306816,38
TB,100-S6TKO-P4858M-BLACK-2X,198895306823,25
TB,100-S6TKO-P4858M-BLACK-3X,198895306830,6
TB,100-S6TKO-P4858M-BLACK-L,198895306793,91
TB,100-S6TKO-P4858M-BLACK-M,198895306786,100
TB,100-S6TKO-P4858M-BLACK-S,198895306779,58
TB,100-S6TKO-P4858M-BLACK-XL,198895306809,67
TB,100-S6TKO-P4858M-BLACK-XS,198895306762,17
TB,100-S6TKO-P4858M-BLACK-XXS,198895306755,4
TB,100-S6TKO-P4858M-WHITE-1X,198895307356,41
TB,100-S6TKO-P4858M-WHITE-2X,198895307363,22
TB,100-S6TKO-P4858M-WHITE-3X,198895307370,7
TB,100-S6TKO-P4858M-WHITE-L,198895307332,108
TB,100-S6TKO-P4858M-WHITE-M,198895307325,105
TB,100-S6TKO-P4858M-WHITE-S,198895307318,51
TB,100-S6TKO-P4858M-WHITE-XL,198895307349,79
TB,100-S6TKO-P4858M-WHITE-XS,198895307301,21
TB,100-S6TKO-P4858M-WHITE-XXS,198895307295,3
TB,100-S6TKO-P4858P-BLACK-PL,198895307509,64
TB,100-S6TKO-P4858P-BLACK-PM,198895307493,84
TB,100-S6TKO-P4858P-BLACK-PP,198895307479,30
TB,100-S6TKO-P4858P-BLACK-PS,198895307486,48
TB,100-S6TKO-P4858P-WHITE-PL,198895482169,51
TB,100-S6TKO-P4858P-WHITE-PM,198895482152,70
TB,100-S6TKO-P4858P-WHITE-PP,198895482138,23
TB,100-S6TKO-P4858P-WHITE-PS,198895482145,42
TB,100-S6TKO-P4902M-WHEAT-1X,198895253066,26
TB,100-S6TKO-P4902M-WHEAT-2X,198895253073,14
TB,100-S6TKO-P4902M-WHEAT-3X,198895253080,3
TB,100-S6TKO-P4902M-WHEAT-L,198895253042,62
TB,100-S6TKO-P4902M-WHEAT-M,198895253035,57
TB,100-S6TKO-P4902M-WHEAT-S,198895253028,28
TB,100-S6TKO-P4902M-WHEAT-XL,198895253059,45
TB,100-S6TKO-P4902M-WHEAT-XS,198895253011,15
TB,100-S6TKO-P4902M-WHEAT-XXS,198895253004,1
TB,100-S6TKO-P4902P-WHEAT-PL,198895482206,17
TB,100-S6TKO-P4902P-WHEAT-PM,198895482190,7
TB,100-S6TKO-P4902P-WHEAT-PP,198895482176,6
TB,100-S6TKO-P4902P-WHEAT-PS,198895482183,5
TB,100-S6TKO-P4932P-INK-PL,198895361884,4
TB,100-S6TZP-D5436P-BLACK-PL,198895482329,29
TB,100-S6TZP-D5436P-BLACK-PM,198895482312,34
TB,100-S6TZP-D5436P-BLACK-PP,198895482299,18
TB,100-S6TZP-D5436P-BLACK-PS,198895482305,40
TB,100-S6TZP-D5436P-FIELD-PL,198895482367,20
TB,100-S6TZP-D5436P-FIELD-PM,198895482350,21
TB,100-S6TZP-D5436P-FIELD-PP,198895482336,11
TB,100-S6TZP-D5436P-FIELD-PS,198895482343,23
TB,100-S6TZP-D5436P-TEAL-PL,198895482404,12
TB,100-S6TZP-D5436P-TEAL-PM,198895482398,15
TB,100-S6TZP-D5436P-TEAL-PP,198895482374,6
TB,100-S6TZP-D5436P-TEAL-PS,198895482381,19
TB,100-S6ULO-P4850M-PARUS-L,198895231248,34
TB,100-S6ULO-P4850M-PARUS-M,198895231231,31
TB,100-S6ULO-P4850M-PARUS-S,198895231224,25
TB,100-S6ULO-P4850M-PARUS-XS,198895231217,12
TB,100-S6ULO-P4850M-PARUS-XXS,198895231200,2
TB,100-S6XJU-U4395M-INK-3X,198895234027,5
TB,100-SLANT-B911M-INK-1X,198895280116,11
TB,100-SLANT-B911M-INK-2X,198895280123,4
TB,100-SLANT-B911M-INK-3X,198895280130,4
TB,100-SLANT-B911M-INK-L,198895280093,29
TB,100-SLANT-B911M-INK-M,198895280086,34
TB,100-SLANT-B911M-INK-S,198895280079,28
TB,100-SLANT-B911M-INK-XL,198895280109,15
TB,100-SLANT-B911M-INK-XS,198895280062,19
TB,100-SLANT-B911M-INK-XXS,198895280055,10
TB,100-SLANT-B921M-BLACK-1X,198895273330,20
TB,100-SLANT-B921M-BLACK-2X,198895273347,8
TB,100-SLANT-B921M-BLACK-3X,198895273354,7
TB,100-SLANT-B921M-BLACK-L,198895273316,48
TB,100-SLANT-B921M-BLACK-M,198895273309,73
TB,100-SLANT-B921M-BLACK-S,198895273293,51
TB,100-SLANT-B921M-BLACK-XL,198895273323,32
TB,100-SLANT-B921M-BLACK-XS,198895273286,26
TB,100-SLANT-B921M-BLACK-XXS,198895273279,11
TB,100-SLANT-B921M-HAZE-1X,198895273699,25
TB,100-SLANT-B921M-HAZE-2X,198895273705,7
TB,100-SLANT-B921M-HAZE-3X,198895273712,7
TB,100-SLANT-B921M-HAZE-L,198895273675,68
TB,100-SLANT-B921M-HAZE-M,198895273668,90
TB,100-SLANT-B921M-HAZE-S,198895273651,68
TB,100-SLANT-B921M-HAZE-XL,198895273682,35
TB,100-SLANT-B921M-HAZE-XS,198895273644,34
TB,100-SLANT-B921M-HAZE-XXS,198895273637,11
TB,100-SLANT-B921M-INK-1X,198895273781,25
TB,100-SLANT-B921M-INK-2X,198895273798,8
TB,100-SLANT-B921M-INK-3X,198895273804,9
TB,100-SLANT-B921M-INK-L,198895273767,67
TB,100-SLANT-B921M-INK-M,198895273750,85
TB,100-SLANT-B921M-INK-S,198895273743,62
TB,100-SLANT-B921M-INK-XL,198895273774,40
TB,100-SLANT-B921M-INK-XS,198895273736,34
TB,100-SLANT-B921M-INK-XXS,198895273729,13
TB,100-SLANT-B921M-LFRST-1X,198895273873,21
TB,100-SLANT-B921M-LFRST-2X,198895273880,10
TB,100-SLANT-B921M-LFRST-3X,198895273897,3
TB,100-SLANT-B921M-LFRST-L,198895273859,57
TB,100-SLANT-B921M-LFRST-M,198895273842,83
TB,100-SLANT-B921M-LFRST-S,198895273835,58
TB,100-SLANT-B921M-LFRST-XL,198895273866,33
TB,100-SLANT-B921M-LFRST-XS,198895273828,24
TB,100-SLANT-B921M-LFRST-XXS,198895273811,12
TB,100-SLANT-B925M-HAZE-1X,198895432683,20
TB,100-SLANT-B925M-HAZE-2X,198895432690,8
TB,100-SLANT-B925M-HAZE-3X,198895432706,2
TB,100-SLANT-B925M-HAZE-L,198895432669,52
TB,100-SLANT-B925M-HAZE-M,198895432652,69
TB,100-SLANT-B925M-HAZE-S,198895432645,53
TB,100-SLANT-B925M-HAZE-XL,198895432676,28
TB,100-SLANT-B925M-HAZE-XS,198895432638,21
TB,100-SLANT-B925M-HAZE-XXS,198895432621,10
TB,100-SLANT-B925M-INK-1X,198895275136,17
TB,100-SLANT-B925M-INK-2X,198895275143,5
TB,100-SLANT-B925M-INK-L,198895275112,55
TB,100-SLANT-B925M-INK-M,198895275105,74
TB,100-SLANT-B925M-INK-S,198895275099,54
TB,100-SLANT-B925M-INK-XL,198895275129,30
TB,100-SLANT-B925M-INK-XS,198895275082,21
TB,100-SLANT-B925M-INK-XXS,198895275075,11
TB,100-SLANT-G110M-GRAPE-1X,198895275853,42
TB,100-SLANT-G110M-GRAPE-2X,198895275860,31
TB,100-SLANT-G110M-GRAPE-3X,198895275877,28
TB,100-SLANT-G110M-GRAPE-L,198895275839,92
TB,100-SLANT-G110M-GRAPE-M,198895275822,107
TB,100-SLANT-G110M-GRAPE-S,198895275815,73
TB,100-SLANT-G110M-GRAPE-XL,198895275846,77
TB,100-SLANT-G110M-GRAPE-XS,198895275808,37
TB,100-SLANT-G110M-GRAPE-XXS,198895275792,13
TB,100-SLANT-G110M-HAZE-1X,198895275945,20
TB,100-SLANT-G110M-HAZE-2X,198895275952,19
TB,100-SLANT-G110M-HAZE-3X,198895275969,11
TB,100-SLANT-G110M-HAZE-L,198895275921,53
TB,100-SLANT-G110M-HAZE-M,198895275914,41
TB,100-SLANT-G110M-HAZE-S,198895275907,22
TB,100-SLANT-G110M-HAZE-XL,198895275938,40
TB,100-SLANT-G110M-HAZE-XS,198895275891,22
TB,100-SLANT-G110M-HAZE-XXS,198895275884,8
TB,100-SLANT-G110M-LFRST-1X,198895276034,13
TB,100-SLANT-G110M-LFRST-2X,198895276041,8
TB,100-SLANT-G110M-LFRST-3X,198895276058,6
TB,100-SLANT-G110M-LFRST-L,198895276010,36
TB,100-SLANT-G110M-LFRST-M,198895276003,20
TB,100-SLANT-G110M-LFRST-S,198895275990,12
TB,100-SLANT-G110M-LFRST-XL,198895276027,35
TB,100-SLANT-G110M-LFRST-XS,198895275983,14
TB,100-SLANT-G110M-LFRST-XXS,198895275976,5
TB,100-SLANT-G128M-AGAVE-1X,198895276577,30
TB,100-SLANT-G128M-AGAVE-2X,198895276584,22
TB,100-SLANT-G128M-AGAVE-3X,198895276591,18
TB,100-SLANT-G128M-AGAVE-L,198895276553,65
TB,100-SLANT-G128M-AGAVE-M,198895276546,68
TB,100-SLANT-G128M-AGAVE-S,198895276539,51
TB,100-SLANT-G128M-AGAVE-XL,198895276560,53
TB,100-SLANT-G128M-AGAVE-XS,198895276522,26
TB,100-SLANT-G128M-AGAVE-XXS,198895276515,10
TB,100-SLANT-G128M-HAZE-1X,198895276935,26
TB,100-SLANT-G128M-HAZE-2X,198895276942,20
TB,100-SLANT-G128M-HAZE-3X,198895276959,15
TB,100-SLANT-G128M-HAZE-L,198895276911,59
TB,100-SLANT-G128M-HAZE-M,198895276904,68
TB,100-SLANT-G128M-HAZE-S,198895276898,46
TB,100-SLANT-G128M-HAZE-XL,198895276928,56
TB,100-SLANT-G128M-HAZE-XS,198895276881,25
TB,100-SLANT-G128M-HAZE-XXS,198895276874,6
TB,100-SLANT-G129M-CITRS-1X,198895362409,30
TB,100-SLANT-G129M-CITRS-2X,198895362416,22
TB,100-SLANT-G129M-CITRS-3X,198895362423,16
TB,100-SLANT-G129M-CITRS-L,198895362386,65
TB,100-SLANT-G129M-CITRS-M,198895362379,75
TB,100-SLANT-G129M-CITRS-S,198895362362,51
TB,100-SLANT-G129M-CITRS-XL,198895362393,53
TB,100-SLANT-G129M-CITRS-XS,198895362355,26
TB,100-SLANT-G129M-CITRS-XXS,198895362348,10
TB,100-SLANT-L933M-HAZE-1X,198895432775,15
TB,100-SLANT-L933M-HAZE-2X,198895432782,9
TB,100-SLANT-L933M-HAZE-3X,198895432799,16
TB,100-SLANT-L933M-HAZE-L,198895432751,63
TB,100-SLANT-L933M-HAZE-M,198895432744,63
TB,100-SLANT-L933M-HAZE-S,198895432737,78
TB,100-SLANT-L933M-HAZE-XL,198895432768,31
TB,100-SLANT-L933M-HAZE-XS,198895432720,36
TB,100-SLANT-L933M-HAZE-XXS,198895432713,18
TB,100-SLANT-L933M-INK-1X,198895277659,17
TB,100-SLANT-L933M-INK-2X,198895277666,9
TB,100-SLANT-L933M-INK-3X,198895277673,18
TB,100-SLANT-L933M-INK-L,198895277635,62
TB,100-SLANT-L933M-INK-M,198895277628,60
TB,100-SLANT-L933M-INK-S,198895277611,77
TB,100-SLANT-L933M-INK-XL,198895277642,34
TB,100-SLANT-L933M-INK-XS,198895277604,36
TB,100-SLANT-L933M-INK-XXS,198895277598,18
TB,100-SLANT-L933M-LFRST-1X,198895277741,17
TB,100-SLANT-L933M-LFRST-2X,198895277758,8
TB,100-SLANT-L933M-LFRST-3X,198895277765,16
TB,100-SLANT-L933M-LFRST-L,198895277727,60
TB,100-SLANT-L933M-LFRST-M,198895277710,64
TB,100-SLANT-L933M-LFRST-S,198895277703,76
TB,100-SLANT-L933M-LFRST-XL,198895277734,33
TB,100-SLANT-L933M-LFRST-XS,198895277697,35
TB,100-SLANT-L933M-LFRST-XXS,198895277680,18
TB,100-SLANT-R144M-HAZE-1X/2X,198895277987,38
TB,100-SLANT-R144M-HAZE-L/XL,198895277970,99
TB,100-SLANT-R144M-HAZE-S/M,198895277963,105
TB,100-SLANT-R144M-HAZE-XX/XS,198895277956,40
TB,100-SLANT-R144M-LFRST-1X/2X,198895278021,36
TB,100-SLANT-R144M-LFRST-L/XL,198895278014,81
TB,100-SLANT-R144M-LFRST-S/M,198895278007,95
TB,100-SLANT-R144M-LFRST-XX/XS,198895277994,33
TB,100-SLANT-T952M-BLACK-1X,198895432867,23
TB,100-SLANT-T952M-BLACK-2X,198895432874,13
TB,100-SLANT-T952M-BLACK-3X,198895432881,9
TB,100-SLANT-T952M-BLACK-L,198895432843,53
TB,100-SLANT-T952M-BLACK-M,198895432836,76
TB,100-SLANT-T952M-BLACK-S,198895432829,61
TB,100-SLANT-T952M-BLACK-XL,198895432850,41
TB,100-SLANT-T952M-BLACK-XS,198895432812,27
TB,100-SLANT-T952M-BLACK-XXS,198895432805,15
TB,100-SLANT-T952M-HAZE-1X,198895418762,21
TB,100-SLANT-T952M-HAZE-2X,198895418779,10
TB,100-SLANT-T952M-HAZE-3X,198895418786,7
TB,100-SLANT-T952M-HAZE-L,198895418748,40
TB,100-SLANT-T952M-HAZE-M,198895418731,63
TB,100-SLANT-T952M-HAZE-S,198895418724,48
TB,100-SLANT-T952M-HAZE-XL,198895418755,33
TB,100-SLANT-T952M-HAZE-XS,198895418717,21
TB,100-SLANT-T952M-HAZE-XXS,198895418700,13
TB,100-SLANT-T952M-INK-1X,198895278588,20
TB,100-SLANT-T952M-INK-2X,198895278595,8
TB,100-SLANT-T952M-INK-3X,198895278601,7
TB,100-SLANT-T952M-INK-L,198895278564,44
TB,100-SLANT-T952M-INK-M,198895278557,57
TB,100-SLANT-T952M-INK-S,198895278540,49
TB,100-SLANT-T952M-INK-XL,198895278571,30
TB,100-SLANT-T952M-INK-XS,198895278533,24
TB,100-SLANT-T952M-INK-XXS,198895278526,14
TB,100-SLANT-T955M-SKYLT-1X,198895363482,30
TB,100-SLANT-T955M-SKYLT-2X,198895363499,17
TB,100-SLANT-T955M-SKYLT-3X,198895363505,11
TB,100-SLANT-T955M-SKYLT-L,198895363468,65
TB,100-SLANT-T955M-SKYLT-M,198895363451,90
TB,100-SLANT-T955M-SKYLT-S,198895363444,67
TB,100-SLANT-T955M-SKYLT-XL,198895363475,45
TB,100-SLANT-T955M-SKYLT-XS,198895363437,31
TB,100-SLANT-T955M-SKYLT-XXS,198895363420,16
TA,100-F5CHY-W6261M-BRNCH-1X,198895123192,10
TA,100-F5CHY-W6261M-BRNCH-2X,198895123208,2
TA,100-F5CHY-W6261M-BRNCH-M,198895123161,5
TA,100-F5CHY-W6261M-CHALK-1X,198895163532,8
TA,100-F5CHY-W6261M-CHALK-2X,198895163549,8
TA,100-F5CHY-W6261M-CHALK-3X,198895163556,2
TA,100-F5CHY-W6261M-CHALK-L,198895163518,30
TA,100-F5CHY-W6261M-CHALK-M,198895163501,38
TA,100-F5CHY-W6261M-CHALK-S,198895163495,28
TA,100-F5CHY-W6261M-CHALK-XL,198895163525,10
TA,100-F5CHY-W6261M-CHALK-XS,198895163488,8
TA,100-F5CHY-W6261M-CHALK-XXS,198895163471,8
TA,100-F5CHY-W6261M-MLGRP-S,198895163587,11
TA,100-F5CVY-V1343M-IVORY-1X,198895021177,22
TA,100-F5CVY-V1343M-IVORY-2X,198895021184,11
TA,100-F5CVY-V1343M-IVORY-3X,198895021191,10
TA,100-F5CVY-V1343M-IVORY-L,198895021153,105
TA,100-F5CVY-V1343M-IVORY-XXS,198895021115,49
TA,100-F5CVY-W6218M-BLACK-2X,198895021368,12
TA,100-F5CVY-W6218M-RYE-1X,198895021719,5
TA,100-F5CVY-W6218M-RYE-2X,198895021726,3
TA,100-F5CVY-W6218M-RYE-3X,198895021733,4
TA,100-F5CVY-W6218M-RYE-L,198895021696,22
TA,100-F5CVY-W6218M-RYE-M,198895021689,39
TA,100-F5CVY-W6218M-RYE-S,198895021672,26
TA,100-F5CVY-W6218M-RYE-XL,198895021702,29
TA,100-F5CVY-W6218M-RYE-XS,198895021665,20
TA,100-F5CVY-W6218M-RYE-XXS,198895021658,14
TA,100-F5FIT-W6211M-ARCBL-2X,198895023553,1
TA,100-F5FIT-W6211M-ARCBL-XL,198895023539,15
TA,100-F5FTE-T6260M-BLACK-XS,198895024482,4
TA,100-F5FTE-T6370M-ROYAL-1X,198895024895,10
TA,100-F5FTE-T6370M-ROYAL-L,198895024871,16
TA,100-F5FTE-T6370M-ROYAL-M,198895024864,33
TA,100-F5FTE-T6370M-ROYAL-S,198895024857,9
TA,100-F5FTE-T6370M-ROYAL-XL,198895024888,24
TA,100-F5FTE-T6370M-ROYAL-XS,198895024840,4
TA,100-F5FWU-W6223M-ASH-1X,198895130398,14
TA,100-F5FWU-W6223M-BISCU-XL,198895027223,10
TA,100-F5FWU-W6223M-BLACK-1X,198895027322,8
TA,100-F5FWU-W6223M-BLACK-2X,198895027339,11
TA,100-F5FWU-W6223M-BLACK-L,198895027308,21
TA,100-F5FWU-W6223M-BLACK-XL,198895027315,12
TA,100-F5FYJ-W6227M-ALPNE-XS,198895027810,14
TA,100-F5FYJ-W6227M-ALPNE-XXS,198895027803,24
TA,100-F5FYQ-T5945M-DKPRL-L,198895164041,19
TA,100-F5FYQ-T5945M-DKPRL-M,198895164034,31
TA,100-F5FYQ-T5945M-DKPRL-S,198895164027,14
TA,100-F5FYQ-T5945M-DKPRL-XXS,198895164003,7
TA,100-F5FYQ-T5945P-DKPRL-PL,198895164126,28
TA,100-F5FYQ-T5945P-DKPRL-PM,198895164119,35
TA,100-F5FYQ-T5945P-DKPRL-PP,198895164096,21
TA,100-F5FYQ-T5945P-DKPRL-PS,198895164102,37
TA,100-F5FYW-P4561M-ALPNE-XXS,198895028169,37
TA,100-F5FYW-P4664M-BLACK-1X,198895029487,5
TA,100-F5FYW-P4664M-BLACK-2X,198895029494,3
TA,100-F5FYW-P4664M-BLACK-3X,198895029500,6
TA,100-F5FYW-P4664M-BLACK-XXS,198895029425,8
TA,100-F5FYW-P4664M-CASIS-XXS,198895029517,25
TA,100-F5FYW-P4874M-ABGNE-M,198895123468,9
TA,100-F5FYW-P4874M-ABGNE-S,198895123451,24
TA,100-F5FYW-P4874M-ABGNE-XS,198895123444,22
TA,100-F5FYW-P4874M-ABGNE-XXS,198895123437,7
TA,100-F5FYW-P4874M-BLACK-2X,198895123604,3
TA,100-F5FYW-P4874M-BLACK-L,198895123574,19
TA,100-F5FYW-P4874M-BLACK-M,198895123567,35
TA,100-F5FYW-P4874M-BLACK-S,198895123550,32
TA,100-F5FYW-P4874M-BLACK-XL,198895123581,6
TA,100-F5FYW-P4874M-BLACK-XS,198895123543,7
TA,100-F5FYW-P4874M-BLACK-XXS,198895123536,8
TA,100-F5FYW-P4874P-ABGNE-PS,198895164232,9
TA,100-F5FYW-P4879M-BLACK-L,198895030001,1
TA,100-F5FYW-T5793M-BLACK-1X,198895164454,3
TA,100-F5FYW-T5793M-BLACK-2X,198895164461,10
TA,100-F5FYW-T5793M-BLACK-3X,198895164478,6
TA,100-F5FYW-T5793M-BLACK-L,198895164430,21
TA,100-F5FYW-T5793M-BLACK-M,198895164423,26
TA,100-F5FYW-T5793M-BLACK-S,198895164416,22
TA,100-F5FYW-T5793M-BLACK-XS,198895164409,2
TA,100-F5FYW-T5793M-BLACK-XXS,198895164393,5
TA,100-F5FYW-T5793M-ULTRV-1X,198895164546,9
TA,100-F5FYW-T5793M-ULTRV-2X,198895164553,11
TA,100-F5FYW-T5793M-ULTRV-3X,198895164560,12
TA,100-F5FYW-T5793M-ULTRV-M,198895164515,18
TA,100-F5FYW-T5793M-ULTRV-S,198895164508,19
TA,100-F5FYW-T5793M-ULTRV-XL,198895164539,24
TA,100-F5FYW-T5793M-ULTRV-XS,198895164492,1
TA,100-F5FYW-T5793M-ULTRV-XXS,198895164485,13
TA,100-F5FYW-T5945M-BLACK-L,198895164799,31
TA,100-F5FYW-T5945M-BLACK-M,198895164782,27
TA,100-F5FYW-T5945M-BLACK-S,198895164775,11
TA,100-F5FYW-T5945M-BLACK-XL,198895164805,14
TA,100-F5FYW-T5945M-BLACK-XS,198895164768,6
TA,100-F5FYW-T5945M-BLACK-XXS,198895164751,7
TA,100-F5FYW-T5945M-ULTRV-1X,198895164997,35
TA,100-F5FYW-T5945M-ULTRV-2X,198895165000,8
TA,100-F5FYW-T5945M-ULTRV-3X,198895165017,10
TA,100-F5FYW-T5945M-ULTRV-L,198895164973,37
TA,100-F5FYW-T5945M-ULTRV-M,198895164966,70
TA,100-F5FYW-T5945M-ULTRV-S,198895164959,58
TA,100-F5FYW-T5945M-ULTRV-XL,198895164980,80
TA,100-F5FYW-T5945M-ULTRV-XS,198895164942,27
TA,100-F5FYW-T5945M-ULTRV-XXS,198895164935,18
TA,100-F5FYW-T5945P-BLACK-PL,198895165093,32
TA,100-F5FYW-T5945P-BLACK-PM,198895165086,51
TA,100-F5FYW-T5945P-BLACK-PP,198895165062,17
TA,100-F5FYW-T5945P-BLACK-PS,198895165079,43
TA,100-F5FYW-T5945P-ULTRV-PL,198895165130,20
TA,100-F5FYW-T5945P-ULTRV-PM,198895165123,39
TA,100-F5FYW-T5945P-ULTRV-PP,198895165109,25
TA,100-F5FYW-T5945P-ULTRV-PS,198895165116,44
TA,100-F5FYW-T6241M-ARCBL-1X,198895031282,13
TA,100-F5FYW-T6241M-ARCBL-3X,198895031305,5
TA,100-F5FYW-T6241M-ARCBL-XL,198895031275,8
TA,100-F5FYW-T6241M-ATLAN-2X,198895031473,11
TA,100-F5FYW-T6241M-ATLAN-3X,198895031480,10
TA,100-F5FYW-T6241M-ATLAN-M,198895031435,14
TA,100-F5FYW-T6241M-ATLAN-XL,198895031459,26
TA,100-F5FYW-T6241M-BLACK-1X,198895031558,5
TA,100-F5FYW-T6241M-BLACK-2X,198895031565,7
TA,100-F5FYW-T6241M-BLACK-3X,198895031572,8
TA,100-F5FYW-T6241M-BLACK-L,198895031534,26
TA,100-F5FYW-T6241M-BLACK-M,198895031527,55
TA,100-F5FYW-T6241M-BLACK-XL,198895031541,7
TA,100-F5FYW-T6241M-INK-3X,198895031930,6
TA,100-F5FYW-T6244M-INK-XXS,198895032210,20
TA,100-F5FYW-T6244P-INK-PS,198895138776,5
TA,100-F5FYW-T6380M-BLACK-XS,198895033484,27
TA,100-F5FYW-T6380M-BLACK-XXS,198895033477,26
TA,100-F5FYY-T6241M-BLASH-1X,198895033897,28
TA,100-F5FYY-T6241M-BLASH-2X,198895033903,17
TA,100-F5FYY-T6241M-BLASH-3X,198895033910,12
TA,100-F5FYY-T6241M-BLASH-XL,198895033880,36
TA,100-F5FYY-T6241M-INK-2X,198895034085,6
TA,100-F5FYY-T6241M-INK-3X,198895034092,7
TA,100-F5FYY-T6244M-BLASH-L,198895034146,26
TA,100-F5FYY-T6244M-BLASH-M,198895034139,39
TA,100-F5FYY-T6244M-BLASH-S,198895034122,29
TA,100-F5FYY-T6244M-BLASH-XS,198895034115,12
TA,100-F5FYY-T6244P-BLASH-PL,198895094355,24
TA,100-F5GC1-D5387M-ROYAL-1X,198895034658,42
TA,100-F5GC1-D5387M-ROYAL-2X,198895034665,16
TA,100-F5GC1-D5387M-ROYAL-3X,198895034672,2
TA,100-F5GC1-D5387M-ROYAL-L,198895034634,96
TA,100-F5GC1-D5387M-ROYAL-M,198895034627,142
TA,100-F5GC1-D5387M-ROYAL-S,198895034610,112
TA,100-F5GC1-D5387M-ROYAL-XL,198895034641,56
TA,100-F5GC1-D5387M-ROYAL-XS,198895034603,69
TA,100-F5GC1-D5387M-ROYAL-XXS,198895034597,46
TA,100-F5GC1-D5387P-ROYAL-PL,198895034757,14
TA,100-F5GC1-D5387P-ROYAL-PM,198895034740,26
TA,100-F5GC1-D5387P-ROYAL-PP,198895034726,22
TA,100-F5GC1-D5387P-ROYAL-PS,198895034733,34
TA,100-F5GC1-P4874M-BLACK-3X,198895035020,8
TA,100-F5GC1-P4889M-BLACK-1X,198895035228,4
TA,100-F5GC1-P4889M-BLACK-2X,198895035235,5
TA,100-F5GC1-P4889M-BLACK-L,198895035204,5
TA,100-F5GC1-P4889M-BLACK-M,198895035198,9
TA,100-F5GC1-P4889M-BLACK-XL,198895035211,2
TA,100-F5GC1-T5775M-DALIA-3X,198895131876,5
TA,100-F5GC1-T5927M-BLACK-1X,198895035495,2
TA,100-F5GC1-T5927M-ROYAL-1X,198895035587,20
TA,100-F5GC1-T5927M-ROYAL-2X,198895035594,8
TA,100-F5GC1-T5927M-ROYAL-3X,198895035600,5
TA,100-F5GC1-T5927M-ROYAL-L,198895035563,55
TA,100-F5GC1-T5927M-ROYAL-M,198895035556,74
TA,100-F5GC1-T5927M-ROYAL-S,198895035549,45
TA,100-F5GC1-T5927M-ROYAL-XL,198895035570,24
TA,100-F5GC1-T5927M-ROYAL-XXS,198895035525,38
TA,100-F5GC1-T5927P-BLACK-PM,198895035631,8
TA,100-F5GC1-T5927P-BLACK-PP,198895035617,7
TA,100-F5GC1-T5927P-BLACK-PS,198895035624,8
TA,100-F5GC1-T5927P-ROYAL-PL,198895035686,13
TA,100-F5GC1-T5927P-ROYAL-PM,198895035679,16
TA,100-F5GC1-T5927P-ROYAL-PP,198895035655,19
TA,100-F5GC1-T6090M-ABGNE-1X,198895131982,1
TA,100-F5GC1-T6090M-ABGNE-3X,198895132002,2
TA,100-F5GC1-T6090M-ABGNE-L,198895131968,6
TA,100-F5GC1-T6090M-ABGNE-S,198895131944,6
TA,100-F5GC1-T6090M-ABGNE-XL,198895131975,14
TA,100-F5GC1-T6090M-ABGNE-XXS,198895131920,2
TA,100-F5GC1-T6090M-PLUME-1X,198895132347,1
TA,100-F5GC1-T6090M-PLUME-3X,198895132361,6
TA,100-F5GC1-T6090M-PLUME-XL,198895132330,3
TA,100-F5GC1-T6090M-RUBY-3X,198895136437,5
TA,100-F5GC1-T6090M-SSPRY-2X,198895132446,5
TA,100-F5GC1-T6090M-SSPRY-3X,198895132453,5
TA,100-F5GC1-T6090M-WINE-3X,198895035860,5
TA,100-F5GC1-T6090M-WINE-XXS,198895035785,8
TA,100-F5GC1-T6090P-WINE-PM,198895132521,12
TA,100-F5GC1-T6090P-WINE-PP,198895132507,9
TA,100-F5GC1-T6356M-BLACK-1X,198895036027,18
TA,100-F5GC1-T6356M-BLACK-2X,198895036034,20
TA,100-F5GC1-T6356M-BLACK-3X,198895036041,20
TA,100-F5GC1-T6356M-BLACK-L,198895036003,14
TA,100-F5GC1-T6356M-BLACK-XL,198895036010,19
TA,100-F5GC1-T6356M-IVORY-1X,198895036294,22
TA,100-F5GC1-T6356M-IVORY-2X,198895036300,22
TA,100-F5GC1-T6356M-IVORY-3X,198895036317,15
TA,100-F5GC1-T6356M-IVORY-L,198895036270,19
TA,100-F5GC1-T6356M-IVORY-XL,198895036287,34
TA,100-F5GC1-T6356M-ROYAL-1X,198895036478,28
TA,100-F5GC1-T6356M-ROYAL-2X,198895036485,29
TA,100-F5GC1-T6356M-ROYAL-3X,198895036492,26
TA,100-F5GC1-T6356M-ROYAL-L,198895036454,37
TA,100-F5GC1-T6356M-ROYAL-XL,198895036461,35
TA,100-F5GC1-T6356M-ROYAL-XXS,198895036416,14
TA,100-F5GC1-T6368M-BLACK-L,198895036546,26
TA,100-F5GC1-T6368M-BLACK-M,198895036539,37
TA,100-F5GC1-T6368M-BLACK-S,198895036522,22
TA,100-F5GC1-T6368M-BLACK-XS,198895036515,17
TA,100-F5GC1-T6368M-BLACK-XXS,198895036508,7
TA,100-F5GC1-U4274M-RYE-S,198895037789,2
TA,100-F5GC1-U4403M-BLACK-1X,198895038007,8
TA,100-F5GC1-U4403M-BLACK-2X,198895038014,10
TA,100-F5GC1-U4403M-BLACK-L,198895037987,11
TA,100-F5GC1-U4403M-BLACK-M,198895037970,38
TA,100-F5GC1-U4403M-BLACK-XXS,198895037949,7
TA,100-F5GC9-U4274M-ABGNE-1X,198895165291,10
TA,100-F5GC9-U4274M-ABGNE-2X,198895165307,8
TA,100-F5GC9-U4274M-ABGNE-3X,198895165314,3
TA,100-F5GC9-U4274M-ABGNE-L,198895165277,9
TA,100-F5GC9-U4274M-ABGNE-XS,198895165246,2
TA,100-F5GGR-C2160M-BISCU-2X,198895039004,3
TA,100-F5GGR-C2160M-BISCU-3X,198895039011,12
TA,100-F5GGR-C2169M-BLACK-1X,198895039448,14
TA,100-F5GGR-C2169M-BLACK-2X,198895039455,13
TA,100-F5GGR-C2169M-BLACK-3X,198895039462,14
TA,100-F5GGR-C2169M-BLACK-L,198895039424,17
TA,100-F5GGR-C2169M-BLACK-M,198895039417,11
TA,100-F5GGR-C2169M-BLACK-S,198895039400,1
TA,100-F5GGR-C2169M-BLACK-XL,198895039431,17
TA,100-F5GGR-C2169M-BLACK-XS,198895039394,3
TA,100-F5GGR-C2169M-BLACK-XXS,198895039387,1
TA,100-F5GK9-U2372M-CASIS-XXS,198895162238,35
TA,100-F5GK9-U2372M-INK-XXS,198895162412,6
TA,100-F5GK-T6246M-BLACK-1X,198895114336,35
TA,100-F5GK-T6246M-BLACK-2X,198895114343,20
TA,100-F5GK-T6246M-BLACK-L,198895114312,34
TA,100-F5GK-T6246M-BLACK-M,198895114305,89
TA,100-F5GK-T6246M-BLACK-S,198895114299,49
TA,100-F5GK-T6246M-BLACK-XL,198895114329,1
TA,100-F5GK-T6246M-BLACK-XS,198895114282,18
TA,100-F5GK-T6246M-BLACK-XXS,198895114275,11
TA,100-F5GK-U2372M-IVORY-3X,198895041458,7
TA,100-F5GK-U2372M-IVORY-XL,198895041427,16
TA,100-F5GK-U2372M-RYE-XXS,198895041649,18
TA,100-F5QVB-J5808M-BLACK-XXS,198895056346,5
TA,100-F5QVB-P4871M-RYE-1X,198895056841,8
TA,100-F5QVB-P4871M-RYE-2X,198895056858,8
TA,100-F5QVB-P4871M-RYE-L,198895056827,34
TA,100-F5QVB-P4871M-RYE-M,198895056810,33
TA,100-F5QVB-P4871M-RYE-XL,198895056834,32
TA,100-F5QVB-P4871M-WHITE-1X,198895057022,24
TA,100-F5QVB-P4871M-WHITE-2X,198895057039,15
TA,100-F5QVB-P4871M-WHITE-3X,198895057046,6
TA,100-F5QVB-P4871M-WHITE-L,198895057008,61
TA,100-F5QVB-P4871M-WHITE-M,198895056995,53
TA,100-F5QVB-P4871M-WHITE-S,198895056988,22
TA,100-F5QVB-P4871M-WHITE-XL,198895057015,41
TA,100-F5QVB-P4871P-RYE-PS,198895057060,5
TA,100-F5QVB-P4871P-WHITE-PL,198895057169,22
TA,100-F5QVB-P4871P-WHITE-PM,198895057152,13
TA,100-F5QVB-P4871P-WHITE-PS,198895057145,14
TA,100-F5QVB-P4873M-BLACK-2X,198895057244,4
TA,100-F5QVB-P4873M-WHEAT-1X,198895057411,16
TA,100-F5QVB-P4873M-WHEAT-2X,198895057428,15
TA,100-F5QVB-P4873M-WHEAT-3X,198895057435,10
TA,100-F5QVV-S4425M-BLACK-1X,198895166236,17
TA,100-F5QVV-S4425M-BLACK-2X,198895166243,2
TA,100-F5QVV-S4425M-BLACK-L,198895166212,28
TA,100-F5QVV-S4425M-BLACK-M,198895166205,26
TA,100-F5QVV-S4425M-BLACK-S,198895166199,14
TA,100-F5QVV-S4425M-BLACK-XL,198895166229,18
TA,100-F5QVV-S4425M-BLACK-XXS,198895166175,8
TA,100-F5QVV-S4425M-BRNCH-1X,198895166328,5
TA,100-F5QVV-S4425M-BRNCH-2X,198895166335,2
TA,100-F5QVV-S4425M-BRNCH-L,198895166304,35
TA,100-F5QVV-S4425M-BRNCH-M,198895166298,39
TA,100-F5QVV-S4425M-BRNCH-S,198895166281,48
TA,100-F5QVV-S4425M-BRNCH-XL,198895166311,20
TA,100-F5QVV-S4425M-BRNCH-XS,198895166274,24
TA,100-F5QVV-S4425M-BRNCH-XXS,198895166267,17
TA,100-F5QVV-S4425P-BRNCH-PL,198895166427,10
TA,100-F5QVV-S4425P-BRNCH-PM,198895166410,16
TA,100-F5QVV-S4425P-BRNCH-PP,198895166397,13
TA,100-F5QVV-S4425P-BRNCH-PS,198895166403,8
TA,100-F5QYZ-W6240M-ATLAN-3X,198895058098,3
TA,100-F5RBC-D5391M-BLACK-S,198895058487,20
TA,100-F5RBC-D5391M-BLACK-XS,198895058470,9
TA,100-F5RBC-D5391M-BLACK-XXS,198895058463,9
TA,100-F5RBC-D5391M-ROYAL-L,198895058593,7
TA,100-F5RBC-D5391M-ROYAL-M,198895058586,63
TA,100-F5RBC-D5391M-ROYAL-S,198895058579,22
TA,100-F5RBC-D5391M-ROYAL-XL,198895058609,11
TA,100-F5RBC-D5391M-ROYAL-XS,198895058562,33
TA,100-F5RBC-D5391M-ROYAL-XXS,198895058555,21
TA,100-F5RBC-P4660M-BLACK-L,198895058944,16
TA,100-F5RBC-P4660M-BLACK-M,198895058937,13
TA,100-F5RBC-P4660M-BLACK-S,198895058920,18
TA,100-F5RBC-P4660M-BLACK-XL,198895058951,17
TA,100-F5RBC-P4660M-BLACK-XS,198895058913,15
TA,100-F5RBC-P4660M-BLACK-XXS,198895058906,21
TA,100-F5RBC-P4660M-ROYAL-1X,198895059149,25
TA,100-F5RBC-P4660M-ROYAL-2X,198895059156,19
TA,100-F5RBC-P4660M-ROYAL-3X,198895059163,16
TA,100-F5RBC-P4660M-ROYAL-L,198895059125,65
TA,100-F5RBC-P4660M-ROYAL-M,198895059118,47
TA,100-F5RBC-P4660M-ROYAL-S,198895059101,53
TA,100-F5RBC-P4660M-ROYAL-XL,198895059132,50
TA,100-F5RBC-P4660M-ROYAL-XS,198895059095,52
TA,100-F5RBC-P4660M-ROYAL-XXS,198895059088,34
TA,100-F5RBC-P4660M-RYE-1X,198895059231,2
TA,100-F5RBC-P4660M-RYE-2X,198895059248,6
TA,100-F5RBC-P4660M-RYE-3X,198895059255,20
TA,100-F5RBC-P4660M-RYE-XL,198895059224,12
TA,100-F5RBC-P4660M-RYE-XS,198895059187,6
TA,100-F5RBC-P4660M-RYE-XXS,198895059170,4
TA,100-F5RBC-P4660P-BLACK-PL,198895059293,13
TA,100-F5RBC-P4660P-BLACK-PM,198895059286,17
TA,100-F5RBC-P4660P-BLACK-PP,198895059262,17
TA,100-F5RBC-P4660P-BLACK-PS,198895059279,32
TA,100-F5RBC-P4660P-ROYAL-PL,198895059330,24
TA,100-F5RBC-P4660P-ROYAL-PM,198895059323,15
TA,100-F5RBC-P4660P-ROYAL-PP,198895059309,23
TA,100-F5RBC-P4660P-RYE-PL,198895059378,4
TA,100-F5RBC-T6378M-ROYAL-1X,198895059804,14
TA,100-F5RBC-T6378M-ROYAL-2X,198895059811,26
TA,100-F5RBC-T6378M-ROYAL-3X,198895059828,21
TA,100-F5RBC-T6378M-ROYAL-L,198895059781,25
TA,100-F5RBC-T6378M-ROYAL-M,198895059774,22
TA,100-F5RBC-T6378M-ROYAL-S,198895059767,5
TA,100-F5RBC-T6378M-ROYAL-XL,198895059798,36
TA,100-F5RBC-T6378M-ROYAL-XS,198895059750,8
TA,100-F5RBC-T6378M-ROYAL-XXS,198895059743,3
TA,100-F5RBC-T6378M-RYE-2X,198895059903,8
TA,100-F5RBC-T6378M-RYE-3X,198895059910,10
TA,100-F5SBP-V1356M-BLACK-S,198895162702,4
TA,100-F5SBP-V1356M-BLACK-XXS,198895162689,6
TA,100-F5SBP-V1356M-DOVE-1X,198895142476,6
TA,100-F5SBP-V1356M-DOVE-3X,198895142490,5
TA,100-F5SBP-V1356M-DOVE-XL,198895142469,5
TA,100-F5SM2-T6399M-MLGRP-1X,198895151904,16
TA,100-F5SM2-T6399M-MLGRP-2X,198895151911,8
TA,100-F5SM2-T6399M-MLGRP-3X,198895151928,2
TA,100-F5SM2-T6399M-MLGRP-L,198895151881,29
TA,100-F5SM2-T6399M-MLGRP-M,198895151874,53
TA,100-F5SM2-T6399M-MLGRP-S,198895151867,24
TA,100-F5SM2-T6399M-MLGRP-XL,198895151898,48
TA,100-F5SM2-T6399M-MLGRP-XS,198895151850,26
TA,100-F5SM2-T6399M-MLGRP-XXS,198895151843,27
TA,100-F5SM2-T6399M-NMBUS-1X,198895151997,4
TA,100-F5SM2-T6399M-NMBUS-2X,198895152000,1
TA,100-F5SM2-T6399M-NMBUS-3X,198895152017,3
TA,100-F5SM2-T6399M-NMBUS-L,198895151973,19
TA,100-F5SM2-T6399M-NMBUS-M,198895151966,43
TA,100-F5SM2-T6399M-NMBUS-S,198895151959,20
TA,100-F5SM2-T6399M-NMBUS-XL,198895151980,33
TA,100-F5SM2-T6399M-NMBUS-XXS,198895151935,23
TA,100-F5SM2-T6399P-MLGRP-PL,198895166502,14
TA,100-F5SM2-T6399P-MLGRP-PM,198895166496,17
TA,100-F5SM2-T6399P-MLGRP-PP,198895166472,14
TA,100-F5SM2-T6399P-MLGRP-PS,198895166489,14
TA,100-F5SM2-T6399P-NMBUS-PL,198895166540,15
TA,100-F5SM2-T6399P-NMBUS-PM,198895166533,19
TA,100-F5SM2-T6399P-NMBUS-PP,198895166519,6
TA,100-F5SM2-T6399P-NMBUS-PS,198895166526,15
TA,100-F5SM9-T5775M-GRPHT-L,198895161583,1
TA,100-F5SM9-T5775M-MLGRP-M,198895166670,4
TA,100-F5SM9-T5775P-MLGRP-PL,198895166762,6
TA,100-F5SM9-T5775P-MLGRP-PM,198895166755,17
TA,100-F5SM9-T5775P-MLGRP-PP,198895166731,10
TA,100-F5SM9-T5775P-MLGRP-PS,198895166748,1
TA,100-F5SM9-U4031M-ABGNE-1X,198895166830,4
TA,100-F5SM9-U4031M-ABGNE-3X,198895166854,6
TA,100-F5SM9-U4031M-ABGNE-L,198895166816,12
TA,100-F5SM9-U4031M-ABGNE-S,198895166793,16
TA,100-F5SM9-U4031M-ABGNE-XS,198895166786,22
TA,100-F5SM9-U4031M-BRNCH-1X,198895166922,6
TA,100-F5SM9-U4031M-BRNCH-2X,198895166939,2
TA,100-F5SM9-U4031M-BRNCH-3X,198895166946,8
TA,100-F5SM9-U4031M-BRNCH-L,198895166908,3
TA,100-F5SM9-U4031M-BRNCH-M,198895166892,21
TA,100-F5SM9-U4031M-BRNCH-S,198895166885,6
TA,100-F5SM9-U4031M-BRNCH-XL,198895166915,14
TA,100-F5SM9-U4031M-BRNCH-XS,198895166878,23
TA,100-F5SM9-U4031M-BRNCH-XXS,198895166861,8
TA,100-F5SNY-T6253M-SERPN-L,198895064730,5
TA,100-F5SNY-T6253M-SERPN-XL,198895064747,6
TA,100-F5SNY-U4393M-GRPHT-2X,198895065126,2
TA,100-F5TDC-J5814M-BISCU-1X,198895066352,9
TA,100-F5TDC-J5814M-BISCU-2X,198895066369,7
TA,100-F5TDC-J5814M-BISCU-3X,198895066376,11
TA,100-F5TDC-J5814M-BISCU-L,198895066338,22
TA,100-F5TDC-J5814M-BISCU-XL,198895066345,28
TA,100-F5TDC-P4666M-BISCU-2X,198895066949,16
TA,100-F5TDC-P4666M-BISCU-3X,198895066956,10
TA,100-F5TDC-P4666M-BLACK-3X,198895067045,8
TA,100-F5TDC-P4666M-CHALK-2X,198895067212,9
TA,100-F5TDC-P4666M-CHALK-3X,198895067229,6
TA,100-F5TDC-P4666M-MAHGY-3X,198895067403,2
TA,100-F5TDC-P4666P-CHALK-PL,198895096694,19
TA,100-F5TFF-D5320P-ROYAL-PL,198895067991,10
TA,100-F5TFF-D5320P-ROYAL-PM,198895067984,16
TA,100-F5TFF-D5320P-ROYAL-PS,198895067977,18
TA,100-F5TFF-D5331M-BLACK-M,198895068219,8
TA,100-F5TFF-D5331M-BLACK-XXS,198895068189,2
TA,100-F5TFF-D5331M-INK-S,198895068295,4
TA,100-F5TFF-D5331M-INK-XS,198895068288,1
TA,100-F5TFF-D5331M-INK-XXS,198895068271,3
TA,100-F5TFF-D5331P-BLACK-PL,198895096892,12
TA,100-F5TFF-D5331P-BLACK-PM,198895096885,34
TA,100-F5TFF-D5331P-BLACK-PP,198895096861,22
TA,100-F5TFF-D5331P-BLACK-PS,198895096878,25
TA,100-F5TFF-D5331P-INK-PL,198895096939,9
TA,100-F5TFF-D5331P-INK-PM,198895096922,8
TA,100-F5TFF-D5331P-INK-PS,198895096915,2
TA,100-F5TFF-P4829M-BLACK-1X,198895137816,50
TA,100-F5TFF-P4829M-BLACK-L,198895137793,186
TA,100-F5TFF-P4829M-BLACK-M,198895137786,246
TA,100-F5TFF-P4829M-BLACK-S,198895137779,140
TA,100-F5TFF-P4829M-INK-1X,198895137908,15
TA,100-F5TFF-P4829M-INK-XL,198895137892,11
TA,100-F5TFF-P4829P-BLACK-PP,198895141486,51
TA,100-F5TFF-P4829P-BLACK-PS,198895141493,42
TA,100-F5TFF-T6300M-BLACK-2X,198895126759,2
TA,100-F5TFF-T6369M-ALPNE-1X,198895097004,18
TA,100-F5TFF-T6369M-ALPNE-2X,198895097011,24
TA,100-F5TFF-T6369M-ALPNE-3X,198895097028,15
TA,100-F5TFF-T6369M-ALPNE-L,198895096984,19
TA,100-F5TFF-T6369M-ALPNE-M,198895096977,32
TA,100-F5TFF-T6369M-ALPNE-S,198895096960,26
TA,100-F5TFF-T6369M-ALPNE-XL,198895096991,39
TA,100-F5TFF-T6369M-ALPNE-XS,198895096953,8
TA,100-F5TFF-T6369M-ALPNE-XXS,198895096946,4
TA,100-F5TFF-T6369M-BLACK-1X,198895068967,35
TA,100-F5TFF-T6369M-BLACK-2X,198895068974,21
TA,100-F5TFF-T6369M-BLACK-3X,198895068981,14
TA,100-F5TFF-T6369M-BLACK-L,198895068943,30
TA,100-F5TFF-T6369M-BLACK-M,198895068936,50
TA,100-F5TFF-T6369M-BLACK-S,198895068929,29
TA,100-F5TFF-T6369M-BLACK-XL,198895068950,40
TA,100-F5TFF-T6369M-BLACK-XS,198895068912,6
TA,100-F5TFF-T6369M-BLACK-XXS,198895068905,4
TA,100-F5TFF-T6369M-WDLND-1X,198895069056,17
TA,100-F5TFF-T6369M-WDLND-2X,198895069063,19
TA,100-F5TFF-T6369M-WDLND-3X,198895069070,8
TA,100-F5TFF-T6369M-WDLND-L,198895069032,9
TA,100-F5TFF-T6369M-WDLND-M,198895069025,41
TA,100-F5TFF-T6369M-WDLND-S,198895069018,25
TA,100-F5TFF-T6369M-WDLND-XL,198895069049,39
TA,100-F5TFF-T6369M-WHITE-1X,198895069148,27
TA,100-F5TFF-T6369M-WHITE-2X,198895069155,20
TA,100-F5TFF-T6369M-WHITE-3X,198895069162,13
TA,100-F5TFF-T6369M-WHITE-L,198895069124,42
TA,100-F5TFF-T6369M-WHITE-M,198895069117,59
TA,100-F5TFF-T6369M-WHITE-S,198895069100,23
TA,100-F5TFF-T6369M-WHITE-XL,198895069131,49
TA,100-F5TFF-T6369M-WHITE-XS,198895069094,12
TA,100-F5TFF-T6369M-WHITE-XXS,198895069087,6
TA,100-F5TFF-T6424M-BLACK-XXS,198895126988,1
TA,100-F5THI-K5446M-BLACK-XS,198895070359,6
TA,100-F5THI-V1348M-BLACK-1X,198895070823,10
TA,100-F5THI-W6235M-BLACK-XXS,198895071660,22
TA,100-F5THI-W6235M-DRGFY-XXS,198895071844,10
TA,100-F5TJH-P4846M-BLACK-1X,198895167288,12
TA,100-F5TJH-P4846M-BLACK-3X,198895167301,1
TA,100-F5TJH-P4846M-BLACK-XL,198895167271,23
TA,100-F5TJH-P4846M-BLACK-XS,198895167233,14
TA,100-F5TJX-J5820M-BLACK-2X,198895072803,8
TA,100-F5TJX-J5820P-WDLND-PL,198895097288,18
TA,100-F5TJX-P0696M-CASIS-XXS,198895073008,27
TA,100-F5TJX-P4366M-BLACK-1X,198895073510,23
TA,100-F5TJX-P4366M-BLACK-2X,198895073527,38
TA,100-F5TJX-P4366M-BLACK-3X,198895073534,7
TA,100-F5TJX-P4366M-BLACK-L,198895073497,54
TA,100-F5TJX-P4366M-BLACK-M,198895073480,61
TA,100-F5TJX-P4366M-BLACK-S,198895073473,31
TA,100-F5TJX-P4366M-BLACK-XL,198895073503,63
TA,100-F5TJX-P4366M-BLACK-XS,198895073466,19
TA,100-F5TJX-P4366M-BLACK-XXS,198895073459,4
TA,100-F5TJX-P4366P-BLACK-PL,198895097448,79
TA,100-F5TJX-P4366P-BLACK-PM,198895097431,36
TA,100-F5TJX-P4366P-BLACK-PP,198895097417,9
TA,100-F5TJX-P4366P-BLACK-PS,198895097424,56
TA,100-F5TJX-P4607M-ABGNE-M,198895167387,19
TA,100-F5TJX-P4607M-ABGNE-S,198895167370,11
TA,100-F5TJX-P4607M-ABGNE-XXS,198895167356,8
TA,100-F5TJX-P4607M-ALPNE-2X,198895073701,7
TA,100-F5TJX-P4607M-BLACK-XS,198895097462,5
TA,100-F5TJX-P4610M-BLACK-1X,198895073879,10
TA,100-F5TJX-P4610M-BLACK-3X,198895073893,7
TA,100-F5TJX-P4610M-BLACK-L,198895073855,3
TA,100-F5TJX-P4610M-BLACK-XL,198895073862,13
TA,100-F5TJX-P4610P-BLACK-PL,198895097653,9
TA,100-F5TJX-P4610P-BLACK-PP,198895097622,20
TA,100-F5TJX-P4610P-INK-PS,198895097677,5
TA,100-F5TJX-P4655M-BLACK-S,198895074012,4
TA,100-F5TJX-P4655M-BLACK-XL,198895074043,4
TA,100-F5TJX-P4655M-BLACK-XS,198895074005,6
TA,100-F5TJX-P4655M-INK-1X,198895074234,2
TA,100-F5TJX-P4655M-INK-XL,198895074227,23
TA,100-F5TJX-P4655M-INK-XS,198895074180,2
TA,100-F5TJX-P4655P-BLACK-PP,198895097707,10
TA,100-F5TJX-P4655P-INK-PS,198895097752,8
TA,100-F5TJX-P4708M-BLACK-1X,198895074326,9
TA,100-F5TJX-P4708M-BLACK-2X,198895074333,11
TA,100-F5TJX-P4708M-BLACK-L,198895074302,9
TA,100-F5TJX-P4708M-BLACK-M,198895074296,43
TA,100-F5TJX-P4708M-BLACK-S,198895074289,18
TA,100-F5TJX-P4708M-BLACK-XL,198895074319,18
TA,100-F5TJX-P4708M-INK-2X,198895074425,2
TA,100-F5TJX-P4708M-INK-XL,198895074401,12
TA,100-F5TJX-P4708P-BLACK-PL,198895097813,8
TA,100-F5TJX-P4708P-BLACK-PP,198895097783,6
TA,100-F5TJX-P4823M-CHALK-1X,198895074685,19
TA,100-F5TJX-P4823M-CHALK-2X,198895074692,9
TA,100-F5TJX-P4823M-CHALK-3X,198895074708,9
TA,100-F5TJX-P4823M-CHALK-L,198895074661,26
TA,100-F5TJX-P4823M-CHALK-M,198895074654,21
TA,100-F5TJX-P4823M-CHALK-XL,198895074678,26
TA,100-F5TJX-P4823P-CHALK-PM,198895097882,15
TA,100-F5TJX-P4893M-BLACK-1X,198895249274,10
TA,100-F5TJX-P4893M-BLACK-2X,198895249281,6
TA,100-F5TJX-P4893M-BLACK-3X,198895249298,5
TA,100-F5TJX-P4893M-BLACK-L,198895249250,19
TA,100-F5TJX-P4893M-BLACK-M,198895249243,56
TA,100-F5TJX-P4893M-BLACK-S,198895249236,43
TA,100-F5TJX-P4893M-BLACK-XL,198895249267,15
TA,100-F5TJX-P4893M-BLACK-XS,198895249229,13
TA,100-F5TJX-P4893M-BLACK-XXS,198895249212,7
TA,100-F5TJX-P4893P-BLACK-PL,198895296506,26
TA,100-F5TJX-P4893P-BLACK-PP,198895296476,7
TA,100-F5TJX-P4893P-BLACK-PS,198895296483,42
TA,100-F5TJX-P4933M-BLACK-M,198895417000,10
TA,100-F5TJX-P4933M-BLACK-S,198895416997,5
TA,100-F5TJX-P4933M-BLACK-XL,198895417024,9
TA,100-F5TJX-P4933M-BLACK-XXS,198895416973,5
TA,100-F5TJX-V1350M-BLACK-M,198895075286,40
TA,100-F5TJX-V1350M-BLACK-S,198895075279,46
TA,100-F5TJX-V1350M-BLACK-XS,198895075262,53
TA,100-F5TJX-V1350M-BLACK-XXS,198895075255,33
TA,100-F5TJX-V1350M-CHALK-1X,198895075408,9
TA,100-F5TJX-V1350M-CHALK-2X,198895075415,9
TA,100-F5TJX-V1350M-CHALK-3X,198895075422,4
TA,100-F5TJX-V1350M-CHALK-XL,198895075392,57
TA,100-F5TJX-V1350M-CHALK-XS,198895075354,76
TA,100-F5TJX-V1350M-CHALK-XXS,198895075347,57
TA,100-F5TJX-V1350P-BLACK-PM,198895098001,30
TA,100-F5TJX-V1350P-BLACK-PS,198895097998,44
TA,100-F5TJX-V1350P-CHALK-PL,198895098056,48
TA,100-F5TJX-V1350P-CHALK-PM,198895098049,67
TA,100-F5TJX-V1350P-CHALK-PP,198895098025,40
TA,100-F5TJX-V1350P-CHALK-PS,198895098032,71
TA,100-F5TK1-P0696M-ABGNE-XXS,198895116866,4
TA,100-F5TK1-P0696P-ABGNE-PP,198895167523,4
TA,100-F5TK-P4655M-CASIS-XXS,198895075521,20
TA,100-F5TK-P4655P-CASIS-PP,198895098063,16
TA,100-F5TK-P4699M-BLACK-3X,198895075873,3
TA,100-F5TK-P4699P-BLACK-PP,198895098148,7
TA,100-F5TK-P4876M-ALPNE-1X,198895076665,20
TA,100-F5TK-P4876M-ALPNE-3X,198895076689,7
TA,100-F5TK-P4876M-ALPNE-L,198895076641,29
TA,100-F5TK-P4876M-ALPNE-XL,198895076658,30
TA,100-F5TK-P4876M-WDLND-1X,198895076931,18
TA,100-F5TK-P4876M-WDLND-2X,198895076948,4
TA,100-F5TK-P4876M-WDLND-3X,198895076955,9
TA,100-F5TK-P4876M-WDLND-XL,198895076924,16
TA,100-F5TK-P4893M-BLACK-L,198895077044,35
TA,100-F5TK-P4893M-BLACK-M,198895077037,39
TA,100-F5TK-P4893P-BLACK-PS,198895077280,12
TA,100-F5TK-V1334M-BLACK-XXS,198895077976,6
TA,100-F5TZT-T6217M-ALPNE-XS,198895080402,6
TA,100-F5TZT-T6217M-RNFST-M,198895080785,38
TA,100-F5TZT-T6217M-RNFST-S,198895080778,32
TA,100-F5ULO-D5390M-BLACK-1X,198895081355,10
TA,100-F5ULO-D5390M-BLACK-L,198895081331,13
TA,100-F5ULO-D5390M-BLACK-M,198895081324,8
TA,100-F5ULO-D5390M-BLACK-XL,198895081348,10
TA,100-F5ULO-P4905M-BLACK-1X,198895162832,2
TA,100-F5ULO-P4905M-BLACK-2X,198895162849,3
TA,100-F5ULO-P4905M-BLACK-L,198895162818,13
TA,100-F5ULO-P4905M-BLACK-M,198895162801,16
TA,100-F5ULO-P4905M-BLACK-XL,198895162825,17
TA,100-F5ULO-P4905M-BLACK-XS,198895162788,15
TA,100-F5ULO-P4905M-BLACK-XXS,198895162771,6
TA,100-F5ULO-P4905M-CHALK-1X,198895162924,10
TA,100-F5ULO-P4905M-CHALK-2X,198895162931,7
TA,100-F5ULO-P4905M-CHALK-3X,198895162948,1
TA,100-F5ULO-P4905M-CHALK-L,198895162900,30
TA,100-F5ULO-P4905M-CHALK-M,198895162894,27
TA,100-F5ULO-P4905M-CHALK-S,198895162887,23
TA,100-F5ULO-P4905M-CHALK-XL,198895162917,20
TA,100-F5ULO-P4905M-CHALK-XS,198895162870,8
TA,100-F5ULO-P4905M-CHALK-XXS,198895162863,5
TA,100-F5ULO-P4905P-BLACK-PL,198895167639,6
TA,100-F5ULO-P4905P-CHALK-PL,198895167677,15
TA,100-F5ULO-P4905P-CHALK-PM,198895167660,24
TA,100-F5ULO-P4905P-CHALK-PP,198895167646,3
TA,100-F5ULO-P4905P-CHALK-PS,198895167653,14
TA,100-F5ULO-T6373M-BLACK-L,198895082239,18
TA,100-F5ULO-T6373M-BLACK-XL,198895082246,6
TA,100-F5ULO-T6373M-BLACK-XXS,198895082192,5
TA,100-F5URT-D5388M-BLACK-3X,198895082451,3
TA,100-F5URT-D5388M-BLACK-XS,198895082383,4
TA,100-F5URT-D5388M-BLACK-XXS,198895082376,7
TA,100-F5URT-P4894M-BLACK-XXS,198895082727,2
TA,100-F5URT-P4894M-RYE-S,198895082833,21
TA,100-F5URT-P4894M-RYE-XS,198895082826,9
TA,100-F5URT-P4894M-RYE-XXS,198895082819,2
TA,100-F5URT-P4894P-RYE-PP,198895082949,3
TA,100-F5URT-T6104M-BLACK-1X,198895083045,16
TA,100-F5URT-T6104M-BLACK-2X,198895083052,8
TA,100-F5URT-T6104M-BLACK-3X,198895083069,10
TA,100-F5URT-T6104M-BLACK-L,198895083021,20
TA,100-F5URT-T6104M-BLACK-XL,198895083038,1
TA,100-F5URT-T6104M-BLACK-XS,198895082994,9
TA,100-F5URT-T6104M-BLACK-XXS,198895082987,7
TA,100-F5URT-T6104M-RYE-3X,198895083151,1
TA,100-F5VBI-J5840M-BLSWH-1X,198895167745,13
TA,100-F5VBI-J5840M-BLSWH-2X,198895167752,2
TA,100-F5VBI-J5840M-BLSWH-XXS,198895167684,5
TA,100-F5VBI-W6272M-BLSWH-XXS,198895155759,6
TA,100-F5VLO-D0620M-BLACK-1X,198895083694,25
TA,100-F5VLO-D0620M-BLACK-2X,198895083700,3
TA,100-F5VLO-D5402M-ATLAN-L,198895083762,12
TA,100-F5VLO-D5402M-ATLAN-S,198895083748,23
TA,100-F5VLO-D5402M-ATLAN-XXS,198895083724,12
TA,100-F5VLO-P4874P-INK-PL,198895102333,18
TA,100-F5VLO-S4408M-BLACK-1X,198895133252,24
TA,100-F5VLO-S4408M-BLACK-L,198895133238,27
TA,100-F5VLO-S4408M-BLACK-M,198895133221,49
TA,100-F5VLO-S4408M-BLACK-S,198895133214,45
TA,100-F5VLO-S4408M-BLACK-XL,198895133245,1
TA,100-F5VLO-S4408M-BLACK-XS,198895133207,16
TA,100-F5VLO-S4408M-BLACK-XXS,198895133191,8
TA,100-F5VLO-S4408P-BLACK-PL,198895133313,19
TA,100-F5VLO-S4408P-BLACK-PM,198895133306,24
TA,100-F5VLO-S4408P-BLACK-PP,198895133283,23
TA,100-F5VLO-S4408P-BLACK-PS,198895133290,26
TA,100-F5VLO-T6225M-BLACK-1X,198895084707,18
TA,100-F5VLO-T6225M-BLACK-2X,198895084714,12
TA,100-F5VLO-T6225M-BLACK-3X,198895084721,5
TA,100-F5VLO-T6225M-BLACK-XL,198895084691,19
TA,100-F5VLO-T6368M-BLACK-XS,198895085285,7
TA,100-F5VLO-T6368M-BLACK-XXS,198895085278,4
TA,100-F5VUE-W6256M-BLACK-2X,198895001223,4
TA,100-F5WXA-P4834M-ABGNE-L,198895142902,8
TA,100-F5WXA-P4834M-BLACK-1X,198895143015,6
TA,100-F5WXA-P4834M-BLACK-2X,198895143022,14
TA,100-F5WXA-P4834M-BLACK-3X,198895143039,4
TA,100-F5WXA-P4834M-BLACK-L,198895142995,19
TA,100-F5WXA-P4834M-BLACK-M,198895142988,17
TA,100-F5WXA-P4834M-BLACK-S,198895142971,10
TA,100-F5WXA-P4834M-BLACK-XL,198895143008,21
TA,100-F5WXA-P4834M-LUNET-1X,198895143190,10
TA,100-F5WXA-P4834M-LUNET-2X,198895143206,12
TA,100-F5WXA-P4834M-LUNET-3X,198895143213,3
TA,100-F5WXA-P4834M-LUNET-L,198895143176,38
TA,100-F5WXA-P4834M-LUNET-M,198895143169,46
TA,100-F5WXA-P4834M-LUNET-S,198895143152,32
TA,100-F5WXA-P4834M-LUNET-XL,198895143183,32
TA,100-F5WXA-P4834M-LUNET-XS,198895143145,13
TA,100-F5WXA-T6423M-BLACK-1X,198895156084,2
TA,100-F5WXA-T6423M-BLACK-2X,198895156091,4
TA,100-F5WXA-T6423M-BLACK-L,198895156060,21
TA,100-F5WXA-T6423M-BLACK-M,198895156053,21
TA,100-F5WXA-T6423M-BLACK-XL,198895156077,10
TA,100-F5WXA-T6423M-LUNET-1X,198895156268,12
TA,100-F5WXA-T6423M-LUNET-2X,198895156275,8
TA,100-F5WXA-T6423M-LUNET-L,198895156244,31
TA,100-F5WXA-T6423M-LUNET-M,198895156237,44
TA,100-F5WXA-T6423M-LUNET-S,198895156220,28
TA,100-F5WXA-T6423M-LUNET-XL,198895156251,22
TA,100-F5WXA-T6423M-LUNET-XS,198895156213,7
TA,100-F5XJU-T6189M-CASIS-XXS,198895088064,21
TA,100-F5YHH-J5619M-BLACK-XXS,198895089238,7
TA,100-F5YHH-P4885M-BLACK-3X,198895089672,2
TA,100-F5YHH-P4885M-MAHGY-1X,198895089832,16
TA,100-F5YHH-P4885M-MAHGY-2X,198895089849,8
TA,100-F5YHH-P4885M-MAHGY-3X,198895089856,11
TA,100-F5YHH-P4885M-MAHGY-L,198895089818,61
TA,100-F5YHH-P4885M-MAHGY-M,198895089801,77
TA,100-F5YHH-P4885M-MAHGY-XL,198895089825,37
TA,100-F5YHH-P4885M-SOFWH-2X,198895089931,7
TA,100-F5YHH-P4885M-SOFWH-3X,198895089948,2
TA,100-F5YSA-W5894M-BLACK-1X,198895001599,6
TA,100-F5YSA-W5894M-BLACK-2X,198895001605,8
TA,100-F5YSA-W5894M-BLACK-3X,198895001612,3
TA,100-F5YSA-W5894M-BLACK-L,198895001575,27
TA,100-F5YSA-W5894M-BLACK-XL,198895001582,14
TA,100-F5YSA-W5894M-BLACK-XXS,198895001537,7
TA,100-F5YSA-W5894M-PLUME-1X,198895117375,15
TA,100-F5YSA-W5894M-PLUME-2X,198895117382,9
TA,100-F5YSA-W5894M-PLUME-3X,198895117399,5
TA,100-F5YSA-W5894M-PLUME-L,198895117351,22
TA,100-F5YSA-W5894M-PLUME-M,198895117344,18
TA,100-F5YSA-W5894M-PLUME-XL,198895117368,10
TA,100-F5YZX-W6246M-ATLAN-2X,198895090081,2
TA,100-F5YZX-W6246M-ATLAN-L,198895090050,17
TA,100-F5YZX-W6246M-ATLAN-XL,198895090067,14
TA,100-F5YZX-W6246M-BLACK-1X,198895133474,12
TA,100-F5YZX-W6246M-BLACK-2X,198895133481,9
TA,100-F5YZX-W6246M-BLACK-3X,198895133498,5
TA,100-F5YZX-W6246M-BLACK-L,198895133450,15
TA,100-F5YZX-W6246M-BLACK-M,198895133443,5
TA,100-F5YZX-W6246M-BLACK-S,198895133436,2
TA,100-F5YZX-W6246M-BLACK-XL,198895133467,20
TA,100-S6AKR-J5808M-DOVE-S,198895171377,16
TA,100-S6AKR-J5808M-DOVE-XS,198895171360,10
TA,100-S6AKR-J5808M-DOVE-XXS,198895171353,8
TA,100-S6BBR-P4607M-HAZE-1X,198895172671,11
TA,100-S6BBR-P4607M-HAZE-2X,198895172688,15
TA,100-S6BBR-P4607M-HAZE-3X,198895172695,2
TA,100-S6BBR-P4607M-HAZE-L,198895172657,35
TA,100-S6BBR-P4607M-HAZE-M,198895172640,42
TA,100-S6BBR-P4607M-HAZE-S,198895172633,19
TA,100-S6BBR-P4607M-HAZE-XL,198895172664,25
TA,100-S6BBR-P4607M-HAZE-XS,198895172626,12
TA,100-S6BBR-P4607M-HAZE-XXS,198895172619,2
TA,100-S6BBR-P4846M-WHEAT-1X,198895473907,20
TA,100-S6BBR-P4846M-WHEAT-2X,198895473914,13
TA,100-S6BBR-P4846M-WHEAT-3X,198895473921,8
TA,100-S6BBR-P4846M-WHEAT-L,198895473884,66
TA,100-S6BBR-P4846M-WHEAT-M,198895473877,69
TA,100-S6BBR-P4846M-WHEAT-S,198895473860,35
TA,100-S6BBR-P4846M-WHEAT-XL,198895473891,32
TA,100-S6BBR-P4846M-WHEAT-XS,198895473853,15
TA,100-S6BBR-P4846M-WHEAT-XXS,198895473846,8
TA,100-S6BBR-T6360M-BLSTR-1X,198895174200,24
TA,100-S6BBR-T6360M-BLSTR-2X,198895174217,11
TA,100-S6BBR-T6360M-BLSTR-3X,198895174224,6
TA,100-S6BBR-T6360M-BLSTR-L,198895174187,80
TA,100-S6BBR-T6360M-BLSTR-M,198895174170,100
TA,100-S6BBR-T6360M-BLSTR-S,198895174163,78
TA,100-S6BBR-T6360M-BLSTR-XL,198895174194,37
TA,100-S6BBR-T6360M-BLSTR-XS,198895174156,43
TA,100-S6BBR-T6360M-BLSTR-XXS,198895174149,24
TA,100-S6BBR-T6360M-HAZE-1X,198895174743,9
TA,100-S6BBR-T6360M-HAZE-2X,198895174750,1
TA,100-S6BBR-T6360M-HAZE-3X,198895174767,2
TA,100-S6BBR-T6360M-HAZE-L,198895174729,36
TA,100-S6BBR-T6360M-HAZE-M,198895174712,34
TA,100-S6BBR-T6360M-HAZE-S,198895174705,33
TA,100-S6BBR-T6360M-HAZE-XL,198895174736,13
TA,100-S6BBR-T6360M-HAZE-XS,198895174699,7
TA,100-S6BBR-T6360M-HAZE-XXS,198895174682,12
TA,100-S6BBR-T6360M-WHITE-1X,198895175641,16
TA,100-S6BBR-T6360M-WHITE-2X,198895175658,9
TA,100-S6BBR-T6360M-WHITE-3X,198895175665,8
TA,100-S6BBR-T6360M-WHITE-L,198895175627,67
TA,100-S6BBR-T6360M-WHITE-M,198895175610,71
TA,100-S6BBR-T6360M-WHITE-S,198895175603,37
TA,100-S6BBR-T6360M-WHITE-XL,198895175634,31
TA,100-S6BBR-T6360M-WHITE-XS,198895175597,31
TA,100-S6BBR-T6360M-WHITE-XXS,198895175580,24
TA,100-S6BBR-T6474M-WHEAT-1X,198895311353,16
TA,100-S6BBR-T6474M-WHEAT-2X,198895311360,7
TA,100-S6BBR-T6474M-WHEAT-3X,198895311377,2
TA,100-S6BBR-T6474M-WHEAT-L,198895311339,54
TA,100-S6BBR-T6474M-WHEAT-M,198895311322,60
TA,100-S6BBR-T6474M-WHEAT-S,198895311315,30
TA,100-S6BBR-T6474M-WHEAT-XL,198895311346,24
TA,100-S6BBR-T6474M-WHEAT-XS,198895311308,23
TA,100-S6BBR-T6474M-WHEAT-XXS,198895311292,10
TA,100-S6BBR-T6474M-WHITE-1X,198895311445,13
TA,100-S6BBR-T6474M-WHITE-2X,198895311452,6
TA,100-S6BBR-T6474M-WHITE-3X,198895311469,5
TA,100-S6BBR-T6474M-WHITE-L,198895311421,46
TA,100-S6BBR-T6474M-WHITE-M,198895311414,54
TA,100-S6BBR-T6474M-WHITE-S,198895311407,20
TA,100-S6BBR-T6474M-WHITE-XL,198895311438,25
TA,100-S6BBR-T6474M-WHITE-XS,198895311391,26
TA,100-S6BBR-T6474M-WHITE-XXS,198895311384,9
TA,100-S6CDQ-D5437M-KELP-1X,198895444006,13
TA,100-S6CDQ-D5437M-KELP-2X,198895444013,6
TA,100-S6CDQ-D5437M-KELP-3X,198895444020,4
TA,100-S6CDQ-D5437M-KELP-L,198895443986,28
TA,100-S6CDQ-D5437M-KELP-M,198895443979,32
TA,100-S6CDQ-D5437M-KELP-S,198895443962,9
TA,100-S6CDQ-D5437M-KELP-XL,198895443993,5
TA,100-S6CDQ-D5437M-KELP-XS,198895443955,6
TA,100-S6CDQ-T6493M-BREZE-1X,198895465735,6
TA,100-S6CDQ-T6493M-BREZE-2X,198895465742,2
TA,100-S6CDQ-T6493M-BREZE-3X,198895465759,3
TA,100-S6CDQ-T6493M-BREZE-L,198895465711,13
TA,100-S6CDQ-T6493M-BREZE-M,198895465704,13
TA,100-S6CDQ-T6493M-BREZE-S,198895465698,16
TA,100-S6CDQ-T6493M-BREZE-XL,198895465728,12
TA,100-S6CDQ-T6493M-BREZE-XS,198895465681,14
TA,100-S6CDQ-T6493M-BREZE-XXS,198895465674,4
TA,100-S6CIZ-U4406M-BLACK-L,198895250249,18
TA,100-S6CIZ-U4406M-BLACK-M,198895250232,20
TA,100-S6CIZ-U4406M-BLACK-S,198895250225,19
TA,100-S6CIZ-U4406M-BLACK-XL,198895250256,14
TA,100-S6CIZ-U4406M-BLACK-XS,198895250218,11
TA,100-S6CIZ-U4406M-BLACK-XXS,198895250201,11
TA,100-S6DEE-P4366P-DOVE-PL,198895267063,5
TA,100-S6DEE-P4366P-DOVE-PM,198895267056,8
TA,100-S6DEE-P4366P-DOVE-PP,198895267032,2
TA,100-S6DEE-P4366P-DOVE-PS,198895267049,5
TA,100-S6DEE-P4366P-INK-PL,198895267148,5
TA,100-S6DEE-P4366P-INK-PM,198895267131,9
TA,100-S6DEE-P4366P-INK-PP,198895267117,8
TA,100-S6DEE-P4366P-INK-PS,198895267124,9
TA,100-S6FDZ-W6282M-BLACK-1X,198895321079,14
TA,100-S6FDZ-W6282M-BLACK-2X,198895321086,3
TA,100-S6FDZ-W6282M-BLACK-L,198895321055,14
TA,100-S6FDZ-W6282M-BLACK-M,198895321048,19
TA,100-S6FDZ-W6282M-BLACK-XL,198895321062,16
TA,100-S6FON-K5486M-SDTOM-1X,198895476700,28
TA,100-S6FON-K5486M-SDTOM-2X,198895476717,22
TA,100-S6FON-K5486M-SDTOM-3X,198895476724,21
TA,100-S6FON-K5486M-SDTOM-L,198895476687,55
TA,100-S6FON-K5486M-SDTOM-M,198895476670,55
TA,100-S6FON-K5486M-SDTOM-S,198895476663,32
TA,100-S6FON-K5486M-SDTOM-XL,198895476694,43
TA,100-S6FON-K5486M-SDTOM-XS,198895476656,14
TA,100-S6FON-K5486M-SDTOM-XXS,198895476649,3
TA,100-S6FON-K5486M-WHITE-1X,198895476977,36
TA,100-S6FON-K5486M-WHITE-2X,198895476984,28
TA,100-S6FON-K5486M-WHITE-3X,198895476991,27
TA,100-S6FON-K5486M-WHITE-L,198895476953,68
TA,100-S6FON-K5486M-WHITE-M,198895476946,71
TA,100-S6FON-K5486M-WHITE-S,198895476939,35
TA,100-S6FON-K5486M-WHITE-XL,198895476960,54
TA,100-S6FON-K5486M-WHITE-XS,198895476922,19
TA,100-S6FON-K5486M-WHITE-XXS,198895476915,5
TA,100-S6FVF-K5475M-WHITE-1X,198895486068,34
TA,100-S6FVF-K5475M-WHITE-2X,198895486075,25
TA,100-S6FVF-K5475M-WHITE-3X,198895486082,27
TA,100-S6FVF-K5475M-WHITE-L,198895486044,59
TA,100-S6FVF-K5475M-WHITE-M,198895486037,68
TA,100-S6FVF-K5475M-WHITE-S,198895486020,36
TA,100-S6FVF-K5475M-WHITE-XL,198895486051,49
TA,100-S6FVF-K5475M-WHITE-XS,198895486013,12
TA,100-S6FVF-K5475M-WHITE-XXS,198895486006,1
TA,100-S6FVF-W5956M-BLACK-1X,198895470470,22
TA,100-S6FVF-W5956M-BLACK-2X,198895470487,14
TA,100-S6FVF-W5956M-BLACK-3X,198895470494,12
TA,100-S6FVF-W5956M-BLACK-L,198895470456,86
TA,100-S6FVF-W5956M-BLACK-M,198895470449,116
TA,100-S6FVF-W5956M-BLACK-S,198895470432,94
TA,100-S6FVF-W5956M-BLACK-XL,198895470463,48
TA,100-S6FVF-W5956M-BLACK-XS,198895470425,68
TA,100-S6FVF-W5956M-BLACK-XXS,198895470418,38
TA,100-S6FVF-W5956M-GRNDN-1X,198895470746,12
TA,100-S6FVF-W5956M-GRNDN-2X,198895470753,8
TA,100-S6FVF-W5956M-GRNDN-3X,198895470760,6
TA,100-S6FVF-W5956M-GRNDN-L,198895470722,50
TA,100-S6FVF-W5956M-GRNDN-M,198895470715,67
TA,100-S6FVF-W5956M-GRNDN-S,198895470708,54
TA,100-S6FVF-W5956M-GRNDN-XL,198895470739,28
TA,100-S6FVF-W5956M-GRNDN-XS,198895470692,41
TA,100-S6FVF-W5956M-GRNDN-XXS,198895470685,23
TA,100-S6FVF-W5956M-WHITE-1X,198895471101,17
TA,100-S6FVF-W5956M-WHITE-2X,198895471118,11
TA,100-S6FVF-W5956M-WHITE-3X,198895471125,9
TA,100-S6FVF-W5956M-WHITE-L,198895471088,68
TA,100-S6FVF-W5956M-WHITE-M,198895471071,90
TA,100-S6FVF-W5956M-WHITE-S,198895471064,75
TA,100-S6FVF-W5956M-WHITE-XL,198895471095,38
TA,100-S6FVF-W5956M-WHITE-XS,198895471057,54
TA,100-S6FVF-W5956M-WHITE-XXS,198895471040,30
TA,100-S6FVG-W6153M-NATWH-1X,198895281625,17
TA,100-S6FVG-W6153M-NATWH-2X,198895281632,13
TA,100-S6FVG-W6153M-NATWH-3X,198895281649,12
TA,100-S6FVG-W6153M-NATWH-S,198895281588,74
TA,100-S6FVG-W6153M-NATWH-XL,198895281618,39
TA,100-S6FVG-W6153M-NATWH-XS,198895281571,39
TA,100-S6FVG-W6153M-NATWH-XXS,198895281564,19
TA,100-S6FWA-K5474M-BLACK-1X,198895327071,18
TA,100-S6FWA-K5474M-BLACK-2X,198895327088,11
TA,100-S6FWA-K5474M-BLACK-3X,198895327095,6
TA,100-S6FWA-K5474M-BLACK-L,198895327057,29
TA,100-S6FWA-K5474M-BLACK-M,198895327040,39
TA,100-S6FWA-K5474M-BLACK-S,198895327033,16
TA,100-S6FWA-K5474M-BLACK-XL,198895327064,14
TA,100-S6FWA-K5474M-BLACK-XS,198895327026,8
TA,100-S6FWA-K5474M-BLACK-XXS,198895327019,2
TA,100-S6FWA-K5474M-UNNAT-XXS,198895327286,5
TA,100-S6FWA-K5482M-BLACK-1X,198895327439,19
TA,100-S6FWA-K5482M-BLACK-2X,198895327446,12
TA,100-S6FWA-K5482M-BLACK-3X,198895327453,13
TA,100-S6FWA-K5482M-BLACK-L,198895327415,37
TA,100-S6FWA-K5482M-BLACK-M,198895327408,31
TA,100-S6FWA-K5482M-BLACK-S,198895327392,13
TA,100-S6FWA-K5482M-BLACK-XL,198895327422,26
TA,100-S6FWA-K5482M-BLACK-XS,198895327385,5
TA,100-S6FWA-K5482M-BLACK-XXS,198895327378,5
TA,100-S6FWA-K5482M-WHITE-1X,198895327705,10
TA,100-S6FWA-K5482M-WHITE-2X,198895327712,10
TA,100-S6FWA-K5482M-WHITE-3X,198895327729,12
TA,100-S6FWA-K5482M-WHITE-L,198895327682,42
TA,100-S6FWA-K5482M-WHITE-M,198895327675,30
TA,100-S6FWA-K5482M-WHITE-S,198895327668,5
TA,100-S6FWA-K5482M-WHITE-XL,198895327699,19
TA,100-S6FWA-K5482M-WHITE-XS,198895327651,1
TA,100-S6FWA-W6277M-BLACK-1X,198895327880,9
TA,100-S6FWA-W6277M-BLACK-2X,198895327897,5
TA,100-S6FWA-W6277M-BLACK-3X,198895327903,4
TA,100-S6FWA-W6277M-BLACK-XXS,198895327828,19
TA,100-S6FWA-W6277M-BREZE-1X,198895327972,4
TA,100-S6FWA-W6277M-BREZE-2X,198895327989,3
TA,100-S6FWA-W6277M-BREZE-3X,198895327996,4
TA,100-S6FWA-W6277M-BREZE-L,198895327958,24
TA,100-S6FWA-W6277M-BREZE-M,198895327941,25
TA,100-S6FWA-W6277M-BREZE-S,198895327934,16
TA,100-S6FWA-W6277M-BREZE-XL,198895327965,17
TA,100-S6FWA-W6277M-BREZE-XS,198895327927,15
TA,100-S6FWA-W6277M-BREZE-XXS,198895327910,5
TA,100-S6FWA-W6277M-UNNAT-1X,198895328245,9
TA,100-S6FWA-W6277M-UNNAT-2X,198895328252,3
TA,100-S6FWA-W6277M-UNNAT-3X,198895328269,1
TA,100-S6FWA-W6277M-UNNAT-L,198895328221,21
TA,100-S6FWA-W6277M-UNNAT-M,198895328214,37
TA,100-S6FWA-W6277M-UNNAT-S,198895328207,21
TA,100-S6FWA-W6277M-UNNAT-XL,198895328238,9
TA,100-S6FWA-W6277M-UNNAT-XS,198895328191,3
TA,100-S6FWA-W6277M-UNNAT-XXS,198895328184,11
TA,100-S6FWA-W6277M-WHITE-1X,198895328337,6
TA,100-S6FWA-W6277M-WHITE-2X,198895328344,1
TA,100-S6FWA-W6277M-WHITE-3X,198895328351,4
TA,100-S6FWA-W6277M-WHITE-L,198895328313,35
TA,100-S6FWA-W6277M-WHITE-M,198895328306,38
TA,100-S6FWA-W6277M-WHITE-S,198895328290,15
TA,100-S6FWA-W6277M-WHITE-XL,198895328320,18
TA,100-S6FWA-W6277M-WHITE-XS,198895328283,7
TA,100-S6FWA-W6277M-WHITE-XXS,198895328276,9
TA,100-S6FWH-T5684M-KELP-1X,198895332471,11
TA,100-S6FWH-T5684M-KELP-2X,198895332488,7
TA,100-S6FWH-T5684M-KELP-3X,198895332495,12
TA,100-S6FWH-T5684M-KELP-L,198895332457,22
TA,100-S6FWH-T5684M-KELP-M,198895332440,31
TA,100-S6FWH-T5684M-KELP-XL,198895332464,8
TA,100-S6FWH-T5684M-KELP-XS,198895332426,1
TA,100-S6FWH-U4421M-NILE-1X,198895497460,17
TA,100-S6FWH-U4421M-NILE-2X,198895497477,13
TA,100-S6FWH-U4421M-NILE-3X,198895497484,8
TA,100-S6FWH-U4421M-NILE-L,198895497446,36
TA,100-S6FWH-U4421M-NILE-M,198895497439,42
TA,100-S6FWH-U4421M-NILE-S,198895497422,28
TA,100-S6FWH-U4421M-NILE-XL,198895497453,26
TA,100-S6FWH-U4421M-NILE-XS,198895497415,14
TA,100-S6FWH-U4421M-NILE-XXS,198895497408,6
TA,100-S6FWH-U4421M-WLNUT-1X,198895497644,18
TA,100-S6FWH-U4421M-WLNUT-2X,198895497651,13
TA,100-S6FWH-U4421M-WLNUT-3X,198895497668,8
TA,100-S6FWH-U4421M-WLNUT-L,198895497620,37
TA,100-S6FWH-U4421M-WLNUT-M,198895497613,41
TA,100-S6FWH-U4421M-WLNUT-S,198895497606,29
TA,100-S6FWH-U4421M-WLNUT-XL,198895497637,25
TA,100-S6FWH-U4421M-WLNUT-XS,198895497590,14
TA,100-S6FWH-U4421M-WLNUT-XXS,198895497583,5
TA,100-S6FWQ-P4885M-WHEAT-1X,198895333911,19
TA,100-S6FWQ-P4885M-WHEAT-2X,198895333928,12
TA,100-S6FWQ-P4885M-WHEAT-3X,198895333935,7
TA,100-S6FWQ-P4885M-WHEAT-L,198895333898,63
TA,100-S6FWQ-P4885M-WHEAT-M,198895333881,72
TA,100-S6FWQ-P4885M-WHEAT-S,198895333874,35
TA,100-S6FWQ-P4885M-WHEAT-XL,198895333904,41
TA,100-S6FWQ-P4885M-WHEAT-XS,198895333867,11
TA,100-S6FWQ-P4885M-WHEAT-XXS,198895333850,7
TA,100-S6FWQ-T5684M-WHEAT-1X,198895334093,23
TA,100-S6FWQ-T5684M-WHEAT-2X,198895334109,20
TA,100-S6FWQ-T5684M-WHEAT-3X,198895334116,17
TA,100-S6FWQ-T5684M-WHEAT-L,198895334079,55
TA,100-S6FWQ-T5684M-WHEAT-M,198895334062,71
TA,100-S6FWQ-T5684M-WHEAT-S,198895334055,45
TA,100-S6FWQ-T5684M-WHEAT-XL,198895334086,34
TA,100-S6FWQ-T5684M-WHEAT-XS,198895334048,22
TA,100-S6FWQ-T5684M-WHEAT-XXS,198895334031,2
TA,100-S6FWQ-T5684M-WREN-1X,198895334185,16
TA,100-S6FWQ-T5684M-WREN-2X,198895334192,16
TA,100-S6FWQ-T5684M-WREN-3X,198895334208,7
TA,100-S6FWQ-T5684M-WREN-L,198895334161,57
TA,100-S6FWQ-T5684M-WREN-M,198895334154,63
TA,100-S6FWQ-T5684M-WREN-S,198895334147,38
TA,100-S6FWQ-T5684M-WREN-XL,198895334178,29
TA,100-S6FWQ-T5684M-WREN-XS,198895334130,16
TA,100-S6FWQ-T5684M-WREN-XXS,198895334123,9
TA,100-S6GDD-P4898M-WHEAT-1X,198895302061,30
TA,100-S6GDD-P4898M-WHEAT-2X,198895302078,4
TA,100-S6GDD-P4898M-WHEAT-L,198895302047,61
TA,100-S6GDD-P4898M-WHEAT-M,198895302030,79
TA,100-S6GDD-P4898M-WHEAT-S,198895302023,40
TA,100-S6GDD-P4898M-WHEAT-XL,198895302054,28
TA,100-S6GDD-P4898M-WHEAT-XS,198895302016,23
TA,100-S6GDD-P4898M-WHEAT-XXS,198895302009,4
TA,100-S6GDD-P4898M-WHITE-1X,198895302153,39
TA,100-S6GDD-P4898M-WHITE-2X,198895302160,14
TA,100-S6GDD-P4898M-WHITE-3X,198895302177,1
TA,100-S6GDD-P4898M-WHITE-L,198895302139,102
TA,100-S6GDD-P4898M-WHITE-M,198895302122,121
TA,100-S6GDD-P4898M-WHITE-S,198895302115,67
TA,100-S6GDD-P4898M-WHITE-XL,198895302146,57
TA,100-S6GDD-P4898M-WHITE-XS,198895302108,31
TA,100-S6GDD-P4898M-WHITE-XXS,198895302092,10
TA,100-S6GDD-P4898P-WHEAT-PL,198895479084,23
TA,100-S6GDD-P4898P-WHEAT-PM,198895479077,42
TA,100-S6GDD-P4898P-WHEAT-PP,198895479053,20
TA,100-S6GDD-P4898P-WHEAT-PS,198895479060,28
TA,100-S6GDD-P4898P-WHITE-PL,198895479121,33
TA,100-S6GDD-P4898P-WHITE-PM,198895479114,63
TA,100-S6GDD-P4898P-WHITE-PP,198895479091,20
TA,100-S6GDD-P4898P-WHITE-PS,198895479107,44
TA,100-S6HLW-J5845M-UNNAT-1X,198895344658,20
TA,100-S6HLW-J5845M-UNNAT-2X,198895344665,25
TA,100-S6HLW-J5845M-UNNAT-3X,198895344672,14
TA,100-S6HLW-J5845M-UNNAT-L,198895344634,30
TA,100-S6HLW-J5845M-UNNAT-M,198895344627,35
TA,100-S6HLW-J5845M-UNNAT-S,198895344610,29
TA,100-S6HLW-J5845M-UNNAT-XL,198895344641,29
TA,100-S6HLW-J5845M-UNNAT-XS,198895344603,18
TA,100-S6HLW-J5845M-UNNAT-XXS,198895344597,9
TA,100-S6HLW-J5845M-WHITE-1X,198895344740,6
TA,100-S6HLW-J5845M-WHITE-2X,198895344757,12
TA,100-S6HLW-J5845M-WHITE-3X,198895344764,10
TA,100-S6HLW-J5845M-WHITE-L,198895344726,21
TA,100-S6HLW-J5845M-WHITE-M,198895344719,24
TA,100-S6HLW-J5845M-WHITE-S,198895344702,10
TA,100-S6HLW-J5845M-WHITE-XL,198895344733,19
TA,100-S6HLW-J5845M-WHITE-XS,198895344696,11
TA,100-S6HLW-J5845M-WHITE-XXS,198895344689,5
TA,100-S6HLW-P4925M-UNNAT-1X,198895344924,30
TA,100-S6HLW-P4925M-UNNAT-2X,198895344931,34
TA,100-S6HLW-P4925M-UNNAT-3X,198895344948,12
TA,100-S6HLW-P4925M-UNNAT-L,198895344900,57
TA,100-S6HLW-P4925M-UNNAT-M,198895344894,98
TA,100-S6HLW-P4925M-UNNAT-S,198895344887,46
TA,100-S6HLW-P4925M-UNNAT-XL,198895344917,52
TA,100-S6HLW-P4925M-UNNAT-XS,198895344870,28
TA,100-S6HLW-P4925M-UNNAT-XXS,198895344863,17
TA,100-S6HLW-P4925M-WHITE-1X,198895345013,21
TA,100-S6HLW-P4925M-WHITE-2X,198895345020,27
TA,100-S6HLW-P4925M-WHITE-3X,198895345037,9
TA,100-S6HLW-P4925M-WHITE-L,198895344993,45
TA,100-S6HLW-P4925M-WHITE-M,198895344986,71
TA,100-S6HLW-P4925M-WHITE-S,198895344979,39
TA,100-S6HLW-P4925M-WHITE-XL,198895345006,35
TA,100-S6HLW-P4925M-WHITE-XS,198895344962,19
TA,100-S6HLW-P4925M-WHITE-XXS,198895344955,14
TA,100-S6HLW-P4925P-UNNAT-PL,198895479367,14
TA,100-S6HLW-P4925P-UNNAT-PM,198895479350,25
TA,100-S6HLW-P4925P-UNNAT-PP,198895479336,17
TA,100-S6HLW-P4925P-UNNAT-PS,198895479343,29
TA,100-S6HLW-P4925P-WHITE-PL,198895479404,6
TA,100-S6HLW-P4925P-WHITE-PM,198895479398,3
TA,100-S6HLW-P4925P-WHITE-PP,198895479374,6
TA,100-S6HLW-P4925P-WHITE-PS,198895479381,10
TA,100-S6IZ1-T5852M-WLNUT-1X,198895463618,34
TA,100-S6IZ1-T5852M-WLNUT-2X,198895463625,26
TA,100-S6IZ1-T5852M-WLNUT-3X,198895463632,11
TA,100-S6IZ1-T5852M-WLNUT-L,198895463595,74
TA,100-S6IZ1-T5852M-WLNUT-M,198895463588,84
TA,100-S6IZ1-T5852M-WLNUT-S,198895463571,65
TA,100-S6IZ1-T5852M-WLNUT-XL,198895463601,58
TA,100-S6IZ1-T5852M-WLNUT-XS,198895463564,31
TA,100-S6IZ1-T5852M-WLNUT-XXS,198895463557,17
TA,100-S6KQO-T6304M-BLACK-1X,198895199692,24
TA,100-S6KQO-T6304M-BLACK-2X,198895199708,19
TA,100-S6KQO-T6304M-BLACK-3X,198895199715,13
TA,100-S6KQO-T6304M-BLACK-L,198895199678,46
TA,100-S6KQO-T6304M-BLACK-M,198895199661,45
TA,100-S6KQO-T6304M-BLACK-S,198895199654,28
TA,100-S6KQO-T6304M-BLACK-XL,198895199685,30
TA,100-S6KQO-T6304M-BLACK-XS,198895199647,16
TA,100-S6KQO-T6304M-BLACK-XXS,198895199630,4
TA,100-S6KQO-T6304M-CHALK-1X,198895199784,37
TA,100-S6KQO-T6304M-CHALK-2X,198895199791,26
TA,100-S6KQO-T6304M-CHALK-3X,198895199807,21
TA,100-S6KQO-T6304M-CHALK-L,198895199760,62
TA,100-S6KQO-T6304M-CHALK-M,198895199753,65
TA,100-S6KQO-T6304M-CHALK-S,198895199746,39
TA,100-S6KQO-T6304M-CHALK-XL,198895199777,55
TA,100-S6KQO-T6304M-CHALK-XS,198895199739,15
TA,100-S6KQO-T6304M-CHALK-XXS,198895199722,9
TA,100-S6KRS-T6172M-NILE-1X,198895201586,11
TA,100-S6KRS-T6172M-NILE-2X,198895201593,9
TA,100-S6KRS-T6172M-NILE-3X,198895201609,6
TA,100-S6KRS-T6172M-NILE-L,198895201562,36
TA,100-S6KRS-T6172M-NILE-M,198895201555,30
TA,100-S6KRS-T6172M-NILE-S,198895201548,22
TA,100-S6KRS-T6172M-NILE-XL,198895201579,23
TA,100-S6KRS-T6172M-NILE-XS,198895201531,10
TA,100-S6KRS-T6172M-NILE-XXS,198895201524,6
TA,100-S6LEL-W5971M-PETUN-1X,198895251888,3
TA,100-S6LEL-W5971M-PETUN-2X,198895251895,3
TA,100-S6LEL-W5971M-PETUN-XXS,198895251826,18
TA,100-S6LEL-W5971M-TEAL-1X,198895251970,9
TA,100-S6LEL-W5971M-TEAL-2X,198895251987,8
TA,100-S6LEL-W5971M-TEAL-3X,198895251994,4
TA,100-S6LEL-W5971M-TEAL-XXS,198895251918,19
TA,100-S6LEO-W6285M-BREZE-1X,198895359775,12
TA,100-S6LEO-W6285M-BREZE-2X,198895359782,14
TA,100-S6LEO-W6285M-BREZE-3X,198895359799,11
TA,100-S6LEO-W6285M-BREZE-L,198895359751,61
TA,100-S6LEO-W6285M-BREZE-M,198895359744,87
TA,100-S6LEO-W6285M-BREZE-S,198895359737,64
TA,100-S6LEO-W6285M-BREZE-XL,198895359768,29
TA,100-S6LEO-W6285M-BREZE-XS,198895359720,29
TA,100-S6LEO-W6285M-BREZE-XXS,198895359713,14
TA,100-S6OFQ-C0506M-BAYLF-XXS,198895207014,3
TA,100-S6OJH-J5787M-BLACK-1X,198895447878,33
TA,100-S6OJH-J5787M-BLACK-2X,198895447885,25
TA,100-S6OJH-J5787M-BLACK-3X,198895447892,21
TA,100-S6OJH-J5787M-BLACK-L,198895447854,59
TA,100-S6OJH-J5787M-BLACK-M,198895447847,80
TA,100-S6OJH-J5787M-BLACK-S,198895447830,53
TA,100-S6OJH-J5787M-BLACK-XL,198895447861,46
TA,100-S6OJH-J5787M-BLACK-XS,198895447823,24
TA,100-S6OJH-J5787M-BLACK-XXS,198895447816,9
TA,100-S6OJH-P4867M-GRNDN-1X,198895499631,18
TA,100-S6OJH-P4867M-GRNDN-2X,198895499648,8
TA,100-S6OJH-P4867M-GRNDN-3X,198895499655,8
TA,100-S6OJH-P4867M-GRNDN-L,198895499617,58
TA,100-S6OJH-P4867M-GRNDN-M,198895499600,84
TA,100-S6OJH-P4867M-GRNDN-S,198895499594,40
TA,100-S6OJH-P4867M-GRNDN-XL,198895499624,33
TA,100-S6OJH-P4867M-GRNDN-XS,198895499587,24
TA,100-S6OJH-P4867M-GRNDN-XXS,198895499570,8
TA,100-S6OJH-P4867M-WLNUT-1X,198895244682,19
TA,100-S6OJH-P4867M-WLNUT-2X,198895244699,8
TA,100-S6OJH-P4867M-WLNUT-3X,198895244705,8
TA,100-S6OJH-P4867M-WLNUT-L,198895244668,67
TA,100-S6OJH-P4867M-WLNUT-M,198895244651,95
TA,100-S6OJH-P4867M-WLNUT-S,198895244644,45
TA,100-S6OJH-P4867M-WLNUT-XL,198895244675,39
TA,100-S6OJH-P4867M-WLNUT-XS,198895244637,27
TA,100-S6OJH-P4867M-WLNUT-XXS,198895244620,8
TA,100-S6OJH-P4926M-BLACK-1X,198895368890,52
TA,100-S6OJH-P4926M-BLACK-2X,198895368906,17
TA,100-S6OJH-P4926M-BLACK-3X,198895368913,17
TA,100-S6OJH-P4926M-BLACK-L,198895368876,115
TA,100-S6OJH-P4926M-BLACK-M,198895368869,61
TA,100-S6OJH-P4926M-BLACK-S,198895368852,28
TA,100-S6OJH-P4926M-BLACK-XL,198895368883,89
TA,100-S6OJH-P4926M-BLACK-XS,198895368845,28
TA,100-S6OJH-P4926M-BLACK-XXS,198895368838,17
TA,100-S6OJH-P4926P-BLACK-PL,198895480202,74
TA,100-S6OJH-P4926P-BLACK-PM,198895480196,122
TA,100-S6OJH-P4926P-BLACK-PP,198895480172,62
TA,100-S6OJH-P4926P-BLACK-PS,198895480189,110
TA,100-S6OJH-U4035M-BLACK-1X,198895370787,20
TA,100-S6OJH-U4035M-BLACK-2X,198895370794,13
TA,100-S6OJH-U4035M-BLACK-3X,198895370800,5
TA,100-S6OJH-U4035M-BLACK-L,198895370763,53
TA,100-S6OJH-U4035M-BLACK-M,198895370756,65
TA,100-S6OJH-U4035M-BLACK-S,198895370749,56
TA,100-S6OJH-U4035M-BLACK-XL,198895370770,38
TA,100-S6OJH-U4035M-BLACK-XS,198895370732,29
TA,100-S6OJH-U4035M-BLACK-XXS,198895370725,7
TA,100-S6OJH-U4035M-WHITE-1X,198895371234,9
TA,100-S6OJH-U4035M-WHITE-2X,198895371241,7
TA,100-S6OJH-U4035M-WHITE-3X,198895371258,2
TA,100-S6OJH-U4035M-WHITE-L,198895371210,29
TA,100-S6OJH-U4035M-WHITE-M,198895371203,31
TA,100-S6OJH-U4035M-WHITE-S,198895371197,27
TA,100-S6OJH-U4035M-WHITE-XL,198895371227,18
TA,100-S6OJH-U4035M-WHITE-XS,198895371180,15
TA,100-S6OJH-U4035M-WHITE-XXS,198895371173,4
TA,100-S6OLA-T6368M-FIELD-1X,198895463977,4
TA,100-S6OLA-T6368M-FIELD-2X,198895463984,13
TA,100-S6OLA-T6368M-FIELD-3X,198895463991,5
TA,100-S6OLA-T6368M-FIELD-L,198895463953,14
TA,100-S6OLA-T6368M-FIELD-M,198895463946,38
TA,100-S6OLA-T6368M-FIELD-S,198895463939,16
TA,100-S6OLA-T6368M-FIELD-XL,198895463960,20
TA,100-S6OLA-T6368M-FIELD-XS,198895463922,10
TA,100-S6OLA-T6368M-FIELD-XXS,198895463915,5
TA,100-S6OLA-T6368P-FIELD-PL,198895510299,8
TA,100-S6OLA-T6368P-FIELD-PM,198895510282,11
TA,100-S6OLA-T6368P-FIELD-PP,198895510268,6
TA,100-S6OLA-T6368P-FIELD-PS,198895510275,12
TA,100-S6OLA-T6450M-WHITE-M,198895372910,1
TA,100-S6QVB-P4873M-PARUS-3X,198895215873,1
TA,100-S6QVB-P4873M-PARUS-XL,198895215842,23
TA,100-S6RII-D5451M-BLACK-1X,198895386191,24
TA,100-S6RII-D5451M-BLACK-2X,198895386207,16
TA,100-S6RII-D5451M-BLACK-3X,198895386214,10
TA,100-S6RII-D5451M-BLACK-L,198895386177,36
TA,100-S6RII-D5451M-BLACK-M,198895386160,47
TA,100-S6RII-D5451M-BLACK-S,198895386153,31
TA,100-S6RII-D5451M-BLACK-XL,198895386184,36
TA,100-S6RII-D5451M-BLACK-XS,198895386146,14
TA,100-S6RII-D5451M-BLACK-XXS,198895386139,6
TA,100-S6RII-D5451M-NILE-1X,198895386467,55
TA,100-S6RII-D5451M-NILE-2X,198895386474,35
TA,100-S6RII-D5451M-NILE-3X,198895386481,23
TA,100-S6RII-D5451M-NILE-L,198895386443,80
TA,100-S6RII-D5451M-NILE-M,198895386436,101
TA,100-S6RII-D5451M-NILE-S,198895386429,67
TA,100-S6RII-D5451M-NILE-XL,198895386450,80
TA,100-S6RII-D5451M-NILE-XS,198895386412,33
TA,100-S6RII-D5451M-NILE-XXS,198895386405,11
TA,100-S6RII-P4689M-TEAL-1X,198895217747,30
TA,100-S6RII-P4689M-TEAL-2X,198895217754,31
TA,100-S6RII-P4689M-TEAL-3X,198895217761,13
TA,100-S6RII-P4689M-TEAL-L,198895217723,82
TA,100-S6RII-P4689M-TEAL-M,198895217716,86
TA,100-S6RII-P4689M-TEAL-S,198895217709,62
TA,100-S6RII-P4689M-TEAL-XL,198895217730,57
TA,100-S6RII-P4689M-TEAL-XS,198895217693,31
TA,100-S6RII-P4689M-TEAL-XXS,198895217686,10
TA,100-S6RII-P4689M-WHITE-1X,198895217921,34
TA,100-S6RII-P4689M-WHITE-2X,198895217938,28
TA,100-S6RII-P4689M-WHITE-3X,198895217945,13
TA,100-S6RII-P4689M-WHITE-L,198895217907,87
TA,100-S6RII-P4689M-WHITE-M,198895217891,84
TA,100-S6RII-P4689M-WHITE-S,198895217884,66
TA,100-S6RII-P4689M-WHITE-XL,198895217914,56
TA,100-S6RII-P4689M-WHITE-XS,198895217877,32
TA,100-S6RII-P4689M-WHITE-XXS,198895217860,11
TA,100-S6RII-P4689P-TEAL-PL,198895481087,9
TA,100-S6RII-P4689P-TEAL-PM,198895481070,19
TA,100-S6RII-P4689P-TEAL-PP,198895481056,9
TA,100-S6RII-P4689P-TEAL-PS,198895481063,13
TA,100-S6RII-P4689P-WHITE-PL,198895286002,45
TA,100-S6RII-P4689P-WHITE-PM,198895285999,64
TA,100-S6RII-P4689P-WHITE-PP,198895285975,27
TA,100-S6RII-P4689P-WHITE-PS,198895285982,49
TA,100-S6RII-P4700M-BLACK-1X,198895218195,33
TA,100-S6RII-P4700M-BLACK-2X,198895218201,16
TA,100-S6RII-P4700M-BLACK-3X,198895218218,6
TA,100-S6RII-P4700M-BLACK-L,198895218171,77
TA,100-S6RII-P4700M-BLACK-M,198895218164,86
TA,100-S6RII-P4700M-BLACK-S,198895218157,66
TA,100-S6RII-P4700M-BLACK-XL,198895218188,57
TA,100-S6RII-P4700M-BLACK-XS,198895218140,27
TA,100-S6RII-P4700M-BLACK-XXS,198895218133,13
TA,100-S6RII-P4700M-UNNAT-1X,198895218645,32
TA,100-S6RII-P4700M-UNNAT-2X,198895218652,10
TA,100-S6RII-P4700M-UNNAT-3X,198895218669,9
TA,100-S6RII-P4700M-UNNAT-L,198895218621,71
TA,100-S6RII-P4700M-UNNAT-M,198895218614,64
TA,100-S6RII-P4700M-UNNAT-S,198895218607,44
TA,100-S6RII-P4700M-UNNAT-XL,198895218638,42
TA,100-S6RII-P4700M-UNNAT-XS,198895218591,20
TA,100-S6RII-P4700M-UNNAT-XXS,198895218584,12
TA,100-S6RII-P4700M-WHITE-1X,198895218737,35
TA,100-S6RII-P4700M-WHITE-2X,198895218744,22
TA,100-S6RII-P4700M-WHITE-3X,198895218751,10
TA,100-S6RII-P4700M-WHITE-L,198895218713,86
TA,100-S6RII-P4700M-WHITE-M,198895218706,82
TA,100-S6RII-P4700M-WHITE-S,198895218690,64
TA,100-S6RII-P4700M-WHITE-XL,198895218720,61
TA,100-S6RII-P4700M-WHITE-XS,198895218683,20
TA,100-S6RII-P4700M-WHITE-XXS,198895218676,11
TA,100-S6RII-P4700P-BLACK-PL,198895481124,78
TA,100-S6RII-P4700P-BLACK-PM,198895481117,107
TA,100-S6RII-P4700P-BLACK-PP,198895481094,50
TA,100-S6RII-P4700P-BLACK-PS,198895481100,95
TA,100-S6RII-P4700P-UNNAT-PL,198895481162,64
TA,100-S6RII-P4700P-UNNAT-PM,198895481155,84
TA,100-S6RII-P4700P-UNNAT-PP,198895481131,29
TA,100-S6RII-P4700P-UNNAT-PS,198895481148,56
TA,100-S6RII-P4700P-WHITE-PL,198895481209,35
TA,100-S6RII-P4700P-WHITE-PM,198895481193,45
TA,100-S6RII-P4700P-WHITE-PP,198895481179,21
TA,100-S6RII-P4700P-WHITE-PS,198895481186,39
TA,100-S6RII-P4794P-INK-PL,198895286125,5
TA,100-S6RII-P4794P-INK-PM,198895286118,5
TA,100-S6RII-P4794P-INK-PS,198895286101,4
TA,100-S6SJP-T6512M-AQUA-1X,198895469641,19
TA,100-S6SJP-T6512M-AQUA-2X,198895469658,17
TA,100-S6SJP-T6512M-AQUA-3X,198895469665,14
TA,100-S6SJP-T6512M-AQUA-L,198895469627,44
TA,100-S6SJP-T6512M-AQUA-M,198895469610,47
TA,100-S6SJP-T6512M-AQUA-S,198895469603,27
TA,100-S6SJP-T6512M-AQUA-XL,198895469634,38
TA,100-S6SJP-T6512M-AQUA-XS,198895469597,12
TA,100-S6SJP-T6512M-AQUA-XXS,198895469580,6
TA,100-S6SJP-T6512M-BLACK-1X,198895393410,29
TA,100-S6SJP-T6512M-BLACK-2X,198895393427,27
TA,100-S6SJP-T6512M-BLACK-3X,198895393434,18
TA,100-S6SJP-T6512M-BLACK-L,198895393397,60
TA,100-S6SJP-T6512M-BLACK-M,198895393380,68
TA,100-S6SJP-T6512M-BLACK-S,198895393373,41
TA,100-S6SJP-T6512M-BLACK-XL,198895393403,46
TA,100-S6SJP-T6512M-BLACK-XS,198895393366,13
TA,100-S6SJP-T6512M-BLACK-XXS,198895393359,7
TA,100-S6SJP-T6512M-CRSPK-1X,198895469733,16
TA,100-S6SJP-T6512M-CRSPK-2X,198895469740,17
TA,100-S6SJP-T6512M-CRSPK-3X,198895469757,13
TA,100-S6SJP-T6512M-CRSPK-L,198895469719,38
TA,100-S6SJP-T6512M-CRSPK-M,198895469702,48
TA,100-S6SJP-T6512M-CRSPK-S,198895469696,25
TA,100-S6SJP-T6512M-CRSPK-XL,198895469726,33
TA,100-S6SJP-T6512M-CRSPK-XS,198895469689,9
TA,100-S6SJP-T6512M-CRSPK-XXS,198895469672,6
TA,100-S6SJP-T6512M-FIELD-1X,198895469825,36
TA,100-S6SJP-T6512M-FIELD-2X,198895469832,36
TA,100-S6SJP-T6512M-FIELD-3X,198895469849,26
TA,100-S6SJP-T6512M-FIELD-L,198895469801,63
TA,100-S6SJP-T6512M-FIELD-M,198895469795,83
TA,100-S6SJP-T6512M-FIELD-S,198895469788,44
TA,100-S6SJP-T6512M-FIELD-XL,198895469818,52
TA,100-S6SJP-T6512M-FIELD-XS,198895469771,17
TA,100-S6SJP-T6512M-FIELD-XXS,198895469764,12
TA,100-S6SJP-T6512M-WLNUT-1X,198895470272,20
TA,100-S6SJP-T6512M-WLNUT-2X,198895470289,20
TA,100-S6SJP-T6512M-WLNUT-3X,198895470296,13
TA,100-S6SJP-T6512M-WLNUT-L,198895470258,50
TA,100-S6SJP-T6512M-WLNUT-M,198895470241,55
TA,100-S6SJP-T6512M-WLNUT-S,198895470234,33
TA,100-S6SJP-T6512M-WLNUT-XL,198895470265,43
TA,100-S6SJP-T6512M-WLNUT-XS,198895470227,14
TA,100-S6SJP-T6512M-WLNUT-XXS,198895470210,3
TA,100-S6SVY-D5433M-FIELD-1X,198895394981,14
TA,100-S6SVY-D5433M-FIELD-2X,198895394998,16
TA,100-S6SVY-D5433M-FIELD-3X,198895395001,7
TA,100-S6SVY-D5433M-FIELD-L,198895394967,34
TA,100-S6SVY-D5433M-FIELD-M,198895394950,45
TA,100-S6SVY-D5433M-FIELD-S,198895394943,28
TA,100-S6SVY-D5433M-FIELD-XL,198895394974,23
TA,100-S6SVY-D5433M-FIELD-XS,198895394936,11
TA,100-S6SVY-D5433M-FIELD-XXS,198895394929,4
TA,100-S6SVY-D5433M-KELP-1X,198895395070,7
TA,100-S6SVY-D5433M-KELP-2X,198895395087,10
TA,100-S6SVY-D5433M-KELP-3X,198895395094,5
TA,100-S6SVY-D5433M-KELP-L,198895395056,22
TA,100-S6SVY-D5433M-KELP-M,198895395049,43
TA,100-S6SVY-D5433M-KELP-S,198895395032,21
TA,100-S6SVY-D5433M-KELP-XL,198895395063,16
TA,100-S6SVY-D5433M-KELP-XS,198895395025,6
TA,100-S6SVY-D5433M-KELP-XXS,198895395018,3
TA,100-S6SVY-D5433M-WHEAT-1X,198895395162,12
TA,100-S6SVY-D5433M-WHEAT-2X,198895395179,14
TA,100-S6SVY-D5433M-WHEAT-3X,198895395186,7
TA,100-S6SVY-D5433M-WHEAT-L,198895395148,22
TA,100-S6SVY-D5433M-WHEAT-M,198895395131,43
TA,100-S6SVY-D5433M-WHEAT-S,198895395124,16
TA,100-S6SVY-D5433M-WHEAT-XL,198895395155,25
TA,100-S6SVY-D5433M-WHEAT-XS,198895395117,4
TA,100-S6SVY-D5433P-FIELD-PL,198895481681,23
TA,100-S6SVY-D5433P-FIELD-PM,198895481674,23
TA,100-S6SVY-D5433P-FIELD-PP,198895481650,10
TA,100-S6SVY-D5433P-FIELD-PS,198895481667,27
TA,100-S6SVY-D5433P-KELP-PL,198895481728,11
TA,100-S6SVY-D5433P-KELP-PM,198895481711,12
TA,100-S6SVY-D5433P-KELP-PP,198895481698,5
TA,100-S6SVY-D5433P-KELP-PS,198895481704,22
TA,100-S6SVY-D5433P-WHEAT-PL,198895481766,18
TA,100-S6SVY-D5433P-WHEAT-PM,198895481759,21
TA,100-S6SVY-D5433P-WHEAT-PP,198895481735,8
TA,100-S6SVY-D5433P-WHEAT-PS,198895481742,22
TA,100-S6SVY-P4922M-KELP-1X,198895396152,6
TA,100-S6SVY-P4922M-KELP-2X,198895396169,8
TA,100-S6SVY-P4922M-KELP-3X,198895396176,5
TA,100-S6SVY-P4922M-KELP-L,198895396138,10
TA,100-S6SVY-P4922M-KELP-M,198895396121,15
TA,100-S6SVY-P4922M-KELP-S,198895396114,20
TA,100-S6SVY-P4922M-KELP-XS,198895396107,4
TA,100-S6SVY-P4922M-KELP-XXS,198895396091,5
TA,100-S6SVY-P4922M-WHEAT-1X,198895396244,17
TA,100-S6SVY-P4922M-WHEAT-2X,198895396251,14
TA,100-S6SVY-P4922M-WHEAT-3X,198895396268,14
TA,100-S6SVY-P4922M-WHEAT-L,198895396220,32
TA,100-S6SVY-P4922M-WHEAT-M,198895396213,43
TA,100-S6SVY-P4922M-WHEAT-S,198895396206,49
TA,100-S6SVY-P4922M-WHEAT-XL,198895396237,13
TA,100-S6SVY-P4922M-WHEAT-XS,198895396190,15
TA,100-S6SVY-P4922P-KELP-PL,198895481889,7
TA,100-S6SVY-P4922P-KELP-PM,198895481872,7
TA,100-S6SVY-P4922P-KELP-PS,198895481865,6
TA,100-S6SVY-P4922P-WHEAT-PL,198895481926,18
TA,100-S6SVY-P4922P-WHEAT-PM,198895481919,24
TA,100-S6SVY-P4922P-WHEAT-PP,198895481896,4
TA,100-S6SVY-P4922P-WHEAT-PS,198895481902,21
TA,100-S6SVY-S4428M-NILE-1X,198895396428,13
TA,100-S6SVY-S4428M-NILE-2X,198895396435,13
TA,100-S6SVY-S4428M-NILE-3X,198895396442,9
TA,100-S6SVY-S4428M-NILE-L,198895396404,43
TA,100-S6SVY-S4428M-NILE-M,198895396398,59
TA,100-S6SVY-S4428M-NILE-S,198895396381,40
TA,100-S6SVY-S4428M-NILE-XL,198895396411,29
TA,100-S6SVY-S4428M-NILE-XS,198895396374,22
TA,100-S6SVY-S4428M-NILE-XXS,198895396367,8
TA,100-S6SVY-S4428M-RUBY-1X,198895505905,11
TA,100-S6SVY-S4428M-RUBY-2X,198895505912,9
TA,100-S6SVY-S4428M-RUBY-3X,198895505929,5
TA,100-S6SVY-S4428M-RUBY-L,198895505882,32
TA,100-S6SVY-S4428M-RUBY-M,198895505875,41
TA,100-S6SVY-S4428M-RUBY-S,198895505868,30
TA,100-S6SVY-S4428M-RUBY-XL,198895505899,18
TA,100-S6SVY-S4428M-RUBY-XS,198895505851,14
TA,100-S6SVY-S4428M-RUBY-XXS,198895505844,7
TA,100-S6SVY-S4428P-NILE-PL,198895481964,23
TA,100-S6SVY-S4428P-NILE-PM,198895481957,36
TA,100-S6SVY-S4428P-NILE-PP,198895481933,22
TA,100-S6SVY-S4428P-NILE-PS,198895481940,37
TA,100-S6SVY-S4428P-RUBY-PL,198895505967,12
TA,100-S6SVY-S4428P-RUBY-PM,198895505950,18
TA,100-S6SVY-S4428P-RUBY-PP,198895505936,11
TA,100-S6SVY-S4428P-RUBY-PS,198895505943,19
TA,100-S6SVY-T6509M-NILE-1X,198895396961,19
TA,100-S6SVY-T6509M-NILE-2X,198895396978,17
TA,100-S6SVY-T6509M-NILE-3X,198895396985,12
TA,100-S6SVY-T6509M-NILE-L,198895396947,47
TA,100-S6SVY-T6509M-NILE-M,198895396930,62
TA,100-S6SVY-T6509M-NILE-S,198895396923,40
TA,100-S6SVY-T6509M-NILE-XL,198895396954,30
TA,100-S6SVY-T6509M-NILE-XS,198895396916,27
TA,100-S6SVY-T6509M-NILE-XXS,198895396909,9
TA,100-S6SVY-T6509M-RUBY-1X,198895506032,16
TA,100-S6SVY-T6509M-RUBY-2X,198895506049,13
TA,100-S6SVY-T6509M-RUBY-3X,198895506056,9
TA,100-S6SVY-T6509M-RUBY-L,198895506018,34
TA,100-S6SVY-T6509M-RUBY-M,198895506001,45
TA,100-S6SVY-T6509M-RUBY-S,198895505998,30
TA,100-S6SVY-T6509M-RUBY-XL,198895506025,20
TA,100-S6SVY-T6509M-RUBY-XS,198895505981,20
TA,100-S6SVY-T6509M-RUBY-XXS,198895505974,8
TA,100-S6SVY-T6509P-NILE-PL,198895482046,25
TA,100-S6SVY-T6509P-NILE-PM,198895482039,36
TA,100-S6SVY-T6509P-NILE-PP,198895482015,20
TA,100-S6SVY-T6509P-NILE-PS,198895482022,34
TA,100-S6SVY-T6509P-RUBY-PL,198895506094,13
TA,100-S6SVY-T6509P-RUBY-PM,198895506087,19
TA,100-S6SVY-T6509P-RUBY-PP,198895506063,10
TA,100-S6SVY-T6509P-RUBY-PS,198895506070,18
TA,100-S6SVY-U4419M-KELP-1X,198895478537,6
TA,100-S6SVY-U4419M-KELP-2X,198895478544,7
TA,100-S6SVY-U4419M-KELP-3X,198895478551,6
TA,100-S6SVY-U4419M-KELP-L,198895478513,31
TA,100-S6SVY-U4419M-KELP-M,198895478506,22
TA,100-S6SVY-U4419M-KELP-S,198895478490,25
TA,100-S6SVY-U4419M-KELP-XL,198895478520,21
TA,100-S6SVY-U4419M-KELP-XS,198895478483,9
TA,100-S6SVY-U4419M-KELP-XXS,198895478476,11
TA,100-S6SVY-U4419M-WHEAT-1X,198895478629,8
TA,100-S6SVY-U4419M-WHEAT-2X,198895478636,14
TA,100-S6SVY-U4419M-WHEAT-3X,198895478643,9
TA,100-S6SVY-U4419M-WHEAT-L,198895478605,30
TA,100-S6SVY-U4419M-WHEAT-M,198895478599,23
TA,100-S6SVY-U4419M-WHEAT-S,198895478582,16
TA,100-S6SVY-U4419M-WHEAT-XL,198895478612,24
TA,100-S6SVY-U4419M-WHEAT-XS,198895478575,13
TA,100-S6SVY-U4419M-WHEAT-XXS,198895478568,9
TA,100-S6TKO-P0696M-INK-M,198895228064,10
TA,100-S6TKO-P4932M-INK-L,198895307820,5
TA,100-S6TKO-P4932M-INK-M,198895307813,4
TA,100-S6TKO-P4932M-INK-S,198895307806,10
TA,100-S6TKO-P4932M-INK-XXS,198895307783,7
TA,100-S6TKO-P4932P-INK-PM,198895361877,2
TA,100-S6TKO-P4932P-INK-PS,198895361860,8
TA,100-S6TUP-C2180M-DKIND-XS,198895229573,1
TA,100-S6TUP-P4701M-DKIND-M,198895229689,2
TA,100-S6TUP-P4701P-DKIND-PM,198895269159,3
TA,100-S6TUP-P4701P-DKIND-PP,198895269135,4
TA,100-S6TUP-P4701P-DKIND-PS,198895269142,2
TA,100-S6TUP-T6268M-DKIND-S,198895229764,1
TA,100-S6TZP-D5436M-BLACK-1X,198895402457,24
TA,100-S6TZP-D5436M-BLACK-2X,198895402464,20
TA,100-S6TZP-D5436M-BLACK-3X,198895402471,12
TA,100-S6TZP-D5436M-BLACK-L,198895402433,45
TA,100-S6TZP-D5436M-BLACK-M,198895402426,63
TA,100-S6TZP-D5436M-BLACK-S,198895402419,33
TA,100-S6TZP-D5436M-BLACK-XL,198895402440,43
TA,100-S6TZP-D5436M-BLACK-XS,198895402402,14
TA,100-S6TZP-D5436M-BLACK-XXS,198895402396,3
TA,100-S6TZP-D5436M-FIELD-1X,198895446253,24
TA,100-S6TZP-D5436M-FIELD-2X,198895446260,23
TA,100-S6TZP-D5436M-FIELD-3X,198895446277,13
TA,100-S6TZP-D5436M-FIELD-L,198895446239,47
TA,100-S6TZP-D5436M-FIELD-M,198895446222,60
TA,100-S6TZP-D5436M-FIELD-S,198895446215,32
TA,100-S6TZP-D5436M-FIELD-XL,198895446246,44
TA,100-S6TZP-D5436M-FIELD-XS,198895446208,16
TA,100-S6TZP-D5436M-FIELD-XXS,198895446192,6
TA,100-S6TZP-D5436M-TEAL-1X,198895402990,23
TA,100-S6TZP-D5436M-TEAL-2X,198895403003,25
TA,100-S6TZP-D5436M-TEAL-3X,198895403010,16
TA,100-S6TZP-D5436M-TEAL-L,198895402976,44
TA,100-S6TZP-D5436M-TEAL-M,198895402969,64
TA,100-S6TZP-D5436M-TEAL-S,198895402952,29
TA,100-S6TZP-D5436M-TEAL-XL,198895402983,48
TA,100-S6TZP-D5436M-TEAL-XS,198895402945,16
TA,100-S6TZP-D5436M-TEAL-XXS,198895402938,5
TA,100-S6ULO-T6373M-BLACK-XL,198895231347,5
TA,100-S6XJU-T6510M-BLACK-1X,198895457129,31
TA,100-S6XJU-T6510M-BLACK-2X,198895457136,25
TA,100-S6XJU-T6510M-BLACK-3X,198895457143,18
TA,100-S6XJU-T6510M-BLACK-L,198895457105,69
TA,100-S6XJU-T6510M-BLACK-M,198895457099,74
TA,100-S6XJU-T6510M-BLACK-S,198895457082,40
TA,100-S6XJU-T6510M-BLACK-XL,198895457112,55
TA,100-S6XJU-T6510M-BLACK-XS,198895457075,20
TA,100-S6XJU-T6510M-BLACK-XXS,198895457068,8
TA,100-S6XJU-T6510M-WHITE-1X,198895457396,26
TA,100-S6XJU-T6510M-WHITE-2X,198895457402,20
TA,100-S6XJU-T6510M-WHITE-3X,198895457419,15
TA,100-S6XJU-T6510M-WHITE-L,198895457372,59
TA,100-S6XJU-T6510M-WHITE-M,198895457365,59
TA,100-S6XJU-T6510M-WHITE-S,198895457358,37
TA,100-S6XJU-T6510M-WHITE-XL,198895457389,45
TA,100-S6XJU-T6510M-WHITE-XS,198895457341,14
TA,100-S6XJU-T6510M-WHITE-XXS,198895457334,5
TA,100-S6YCN-P4794M-WHTBL-1X,198895406592,39
TA,100-S6YCN-P4794M-WHTBL-2X,198895406608,21
TA,100-S6YCN-P4794M-WHTBL-3X,198895406615,9
TA,100-S6YCN-P4794M-WHTBL-L,198895406578,100
TA,100-S6YCN-P4794M-WHTBL-M,198895406561,122
TA,100-S6YCN-P4794M-WHTBL-S,198895406554,65
TA,100-S6YCN-P4794M-WHTBL-XL,198895406585,69
TA,100-S6YCN-P4794M-WHTBL-XS,198895406547,40
TA,100-S6YCN-P4794M-WHTBL-XXS,198895406530,8
TA,100-S6YCN-P4794P-WHTBL-PL,198895482480,20
TA,100-S6YCN-P4794P-WHTBL-PM,198895482473,24
TA,100-S6YCN-P4794P-WHTBL-PP,198895482459,8
TA,100-S6YCN-P4794P-WHTBL-PS,198895482466,26
TA,100-S6YCN-T5775M-WHTBL-1X,198895407223,26
TA,100-S6YCN-T5775M-WHTBL-2X,198895407230,25
TA,100-S6YCN-T5775M-WHTBL-3X,198895407247,7
TA,100-S6YCN-T5775M-WHTBL-L,198895407209,58
TA,100-S6YCN-T5775M-WHTBL-M,198895407193,108
TA,100-S6YCN-T5775M-WHTBL-S,198895407186,38
TA,100-S6YCN-T5775M-WHTBL-XL,198895407216,32
TA,100-S6YCN-T5775M-WHTBL-XS,198895407179,32
TA,100-S6YCN-T5775M-WHTBL-XXS,198895407162,1
TA,100-S6YCN-T5775P-WHTBL-PL,198895482527,16
TA,100-S6YCN-T5775P-WHTBL-PM,198895482510,37
TA,100-S6YCN-T5775P-WHTBL-PS,198895482503,18
TA,100-SLANK-B923M-PERIW-XXS,198895102562,4
TA,100-SLANK-C103M-PERIW-1X,672178789591,13
TA,100-SLANK-C103M-PERIW-2X,672178789607,2
TA,100-SLANK-C103M-PERIW-3X,672178789614,4
TA,100-SLANK-C103M-PERIW-L,672178789577,12
TA,100-SLANK-C103M-PERIW-M,672178789560,28
TA,100-SLANK-C103M-PERIW-S,672178789553,21
TA,100-SLANK-C103M-PERIW-XL,672178789584,10
TA,100-SLANK-C103M-PERIW-XS,672178789546,17
TA,100-SLANK-C103M-PERIW-XXS,672178789539,9
TA,100-SLANK-R144M-WINE-L/XL,198895149185,23
TA,100-SLANK-T946M-ATLAN-XXS,672178620405,9
TA,100-SLANK-T946M-INK-M,198895129422,1
TA,100-SLANK-T946M-INK-XL,198895129446,2
TA,100-SLANK-T946M-INK-XXS,198895129392,8
TA,100-SLANT-B921M-AGAVE-1X,198895273248,24
TA,100-SLANT-B921M-AGAVE-2X,198895273255,13
TA,100-SLANT-B921M-AGAVE-3X,198895273262,8
TA,100-SLANT-B921M-AGAVE-L,198895273224,67
TA,100-SLANT-B921M-AGAVE-M,198895273217,92
TA,100-SLANT-B921M-AGAVE-S,198895273200,65
TA,100-SLANT-B921M-AGAVE-XL,198895273231,38
TA,100-SLANT-B921M-AGAVE-XS,198895273194,31
TA,100-SLANT-B921M-AGAVE-XXS,198895273187,12
TA,100-SLANT-B921M-BLSTR-1X,198895273422,26
TA,100-SLANT-B921M-BLSTR-2X,198895273439,14
TA,100-SLANT-B921M-BLSTR-3X,198895273446,9
TA,100-SLANT-B921M-BLSTR-L,198895273408,72
TA,100-SLANT-B921M-BLSTR-M,198895273392,98
TA,100-SLANT-B921M-BLSTR-S,198895273385,70
TA,100-SLANT-B921M-BLSTR-XL,198895273415,40
TA,100-SLANT-B921M-BLSTR-XS,198895273378,33
TA,100-SLANT-B921M-BLSTR-XXS,198895273361,13
TA,100-SLANT-B921M-CRSPK-1X,198895273514,24
TA,100-SLANT-B921M-CRSPK-2X,198895273521,13
TA,100-SLANT-B921M-CRSPK-3X,198895273538,8
TA,100-SLANT-B921M-CRSPK-L,198895273491,67
TA,100-SLANT-B921M-CRSPK-M,198895273484,92
TA,100-SLANT-B921M-CRSPK-S,198895273477,65
TA,100-SLANT-B921M-CRSPK-XL,198895273507,38
TA,100-SLANT-B921M-CRSPK-XS,198895273460,31
TA,100-SLANT-B921M-CRSPK-XXS,198895273453,12
TA,100-SLANT-B921M-SKYLT-1X,198895273965,26
TA,100-SLANT-B921M-SKYLT-2X,198895273972,14
TA,100-SLANT-B921M-SKYLT-3X,198895273989,9
TA,100-SLANT-B921M-SKYLT-L,198895273941,72
TA,100-SLANT-B921M-SKYLT-M,198895273934,98
TA,100-SLANT-B921M-SKYLT-S,198895273927,70
TA,100-SLANT-B921M-SKYLT-XL,198895273958,40
TA,100-SLANT-B921M-SKYLT-XS,198895273910,33
TA,100-SLANT-B921M-SKYLT-XXS,198895273903,13
TA,100-SLANT-G110M-BLSTR-1X,198895275587,41
TA,100-SLANT-G110M-BLSTR-2X,198895275594,30
TA,100-SLANT-G110M-BLSTR-3X,198895275600,25
TA,100-SLANT-G110M-BLSTR-L,198895275563,89
TA,100-SLANT-G110M-BLSTR-M,198895275556,103
TA,100-SLANT-G110M-BLSTR-S,198895275549,70
TA,100-SLANT-G110M-BLSTR-XL,198895275570,74
TA,100-SLANT-G110M-BLSTR-XS,198895275532,36
TA,100-SLANT-G110M-BLSTR-XXS,198895275525,12
TA,100-SLANT-G110M-CRSPK-1X,198895275679,30
TA,100-SLANT-G110M-CRSPK-2X,198895275686,21
TA,100-SLANT-G110M-CRSPK-3X,198895275693,18
TA,100-SLANT-G110M-CRSPK-L,198895275655,65
TA,100-SLANT-G110M-CRSPK-M,198895275648,75
TA,100-SLANT-G110M-CRSPK-S,198895275631,51
TA,100-SLANT-G110M-CRSPK-XL,198895275662,53
TA,100-SLANT-G110M-CRSPK-XS,198895275624,26
TA,100-SLANT-G110M-CRSPK-XXS,198895275617,10
TA,100-SLANT-G128M-SKYLT-1X,198895277116,39
TA,100-SLANT-G128M-SKYLT-2X,198895277123,30
TA,100-SLANT-G128M-SKYLT-3X,198895277130,25
TA,100-SLANT-G128M-SKYLT-L,198895277093,89
TA,100-SLANT-G128M-SKYLT-M,198895277086,103
TA,100-SLANT-G128M-SKYLT-S,198895277079,68
TA,100-SLANT-G128M-SKYLT-XL,198895277109,74
TA,100-SLANT-G128M-SKYLT-XS,198895277062,36
TA,100-SLANT-G128M-SKYLT-XXS,198895277055,12
TA,100-SLANT-G129M-BLSTR-1X,198895362317,32
TA,100-SLANT-G129M-BLSTR-2X,198895362324,23
TA,100-SLANT-G129M-BLSTR-3X,198895362331,21
TA,100-SLANT-G129M-BLSTR-L,198895362294,69
TA,100-SLANT-G129M-BLSTR-M,198895362287,81
TA,100-SLANT-G129M-BLSTR-S,198895362270,55
TA,100-SLANT-G129M-BLSTR-XL,198895362300,56
TA,100-SLANT-G129M-BLSTR-XS,198895362263,28
TA,100-SLANT-G129M-BLSTR-XXS,198895362256,10
TA,100-SLANT-R145M-BLSTR-1X/2X,198895516444,65
TA,100-SLANT-R145M-BLSTR-L/XL,198895516437,126
TA,100-SLANT-R145M-BLSTR-S/M,198895516420,137
TA,100-SLANT-R145M-BLSTR-XX/XS,198895516413,45
TA,100-SLANT-R145M-CRSPK-1X/2X,198895516482,61
TA,100-SLANT-R145M-CRSPK-L/XL,198895516475,117
TA,100-SLANT-R145M-CRSPK-S/M,198895516468,129
TA,100-SLANT-R145M-CRSPK-XX/XS,198895516451,42
TA,100-SLANT-T955M-AGAVE-1X,198895363123,28
TA,100-SLANT-T955M-AGAVE-2X,198895363130,16
TA,100-SLANT-T955M-AGAVE-3X,198895363147,12
TA,100-SLANT-T955M-AGAVE-L,198895363109,61
TA,100-SLANT-T955M-AGAVE-M,198895363093,84
TA,100-SLANT-T955M-AGAVE-S,198895363086,63
TA,100-SLANT-T955M-AGAVE-XL,198895363116,42
TA,100-SLANT-T955M-AGAVE-XS,198895363079,29
TA,100-SLANT-T955M-AGAVE-XXS,198895363062,15
TA,100-SLANT-T955M-BLSTR-1X,198895363215,30
TA,100-SLANT-T955M-BLSTR-2X,198895363222,17
TA,100-SLANT-T955M-BLSTR-3X,198895363239,14
TA,100-SLANT-T955M-BLSTR-L,198895363192,65
TA,100-SLANT-T955M-BLSTR-M,198895363185,90
TA,100-SLANT-T955M-BLSTR-S,198895363178,67
TA,100-SLANT-T955M-BLSTR-XL,198895363208,45
TA,100-SLANT-T955M-BLSTR-XS,198895363161,31
TA,100-SLANT-T955M-BLSTR-XXS,198895363154,16
TA,100-SLANT-T955M-CRSPK-1X,198895363307,27
TA,100-SLANT-T955M-CRSPK-2X,198895363314,16
TA,100-SLANT-T955M-CRSPK-3X,198895363321,12
TA,100-SLANT-T955M-CRSPK-L,198895363284,61
TA,100-SLANT-T955M-CRSPK-M,198895363277,84
TA,100-SLANT-T955M-CRSPK-S,198895363260,63
TA,100-SLANT-T955M-CRSPK-XL,198895363291,42
TA,100-SLANT-T955M-CRSPK-XS,198895363253,29
TA,100-SLANT-T955M-CRSPK-XXS,198895363246,15
TA,100-SLKWR-Z0280M-SOFWH-XL,198895115197,23
SC,EF37025E-001-001-5,784239164633,12
SC,EF37025E-001-001-5.5,784239164640,3
SC,EF37025E-001-001-6,784239164657,62
SC,EF37025E-001-001-6.5,784239164664,57
SC,EF39477-001-10,784239482584,2
SC,EF39477-001-11,784239482591,19
SC,EF39477-001-5,784239482348,3
SC,EF39477-001-5.5,784239482355,4
SC,EF39477-001-6,784239482362,89
SC,EF39477-001-6.5,784239482515,70
SC,EF39477-001-7.5,784239482539,26
SC,EF39477-001-8,784239482546,34
SC,EF39477-001-8.5,784239482553,18
SC,EF39477-001-9,784239482560,13
SC,EF39477E-001-001-5.5,808448064291,2
SC,EF39477E-001-001-6,808448064307,1
SC,EF39477E-001-001-9.5,808448064437,4
SC,EF39477E-001-10,808448064383,0
SC,EF39477E-001-5,808448064284,1
SC,EF39477K-703-703-10,784239670370,25
SC,EF39477K-703-703-11,784239739077,11
SC,EF39477K-703-703-5,784239670271,3
SC,EF39477K-703-703-5.5,784239670288,1
SC,EF39477K-703-703-6,784239670295,9
SC,EF39477K-703-703-6.5,784239670301,8
SC,EF39477K-703-703-7.5,784239670325,7
SC,EF39477K-703-703-8,784239670332,24
SC,EF39477K-703-703-8.5,784239670349,14
SC,EF39477K-703-703-9,784239670356,7
SC,EF39477K-703-703-9.5,784239739046,21
SC,EF39477L-046-046-11,784239089318,4
SC,EF39477L-046-046-5.5,784239089301,10
SC,EF39477L-046-046-6,784239089073,9
SC,EF39477L-046-046-6.5,784239089080,6
SC,EF39477L-046-046-7,784239089097,5
SC,EF39477L-046-046-7.5,784239089103,10
SC,EF39477L-046-046-8.5,784239089127,14
SC,EF39477L-046-046-9.5,784239089226,6
SC,EF41296-001-11,808448412276,43
SC,EF41296-001-5.5,808448412177,1
SC,EF41296-001-6,808448412184,36
SC,EF41296-001-6.5,808448412191,1
SC,EF41296-001-9.5,808448412252,2
SC,EF41296D-050-050-10,197592052361,10
SC,EF41296D-050-050-11,197592052378,11
SC,EF41296D-050-050-5,197592052262,1
SC,EF41296D-050-050-5.5,197592052279,1
SC,EF41296D-050-050-6,197592052286,3
SC,EF41296D-050-050-6.5,197592052293,4
SC,EF41296D-050-050-7,197592052309,12
SC,EF41296D-050-050-7.5,197592052316,17
SC,EF41296D-050-050-8,197592052323,8
SC,EF41296D-050-050-8.5,197592052330,9
SC,EF41296D-050-050-9,197592052347,3
SC,EF41296D-050-050-9.5,197592052354,14
SC,EF43312-001-001-10,784239868135,57
SC,EF43312-001-001-11,784239868180,48
SC,EF43312-001-001-5.5,784239868043,4
SC,EF43312-001-001-6,784239868050,15
SC,EF43312-001-001-6.5,784239868067,28
SC,EF43312-001-001-7,784239868074,19
SC,EF43312-001-001-7.5,784239868081,16
SC,EF43312-001-001-8,784239868098,43
SC,EF43312-001-001-8.5,784239868104,29
SC,EF43312-001-001-9,784239868111,27
SC,EF43312-001-001-9.5,784239868159,156
SC,EF43312-800-800-10,784239982497,21
SC,EF43312-800-800-11,784239982503,43
SC,EF43312-800-800-6,784239982411,1
SC,EF43312-800-800-6.5,784239982428,4
SC,EF43312-800-800-7,784239982435,10
SC,EF43312-800-800-7.5,784239982442,10
SC,EF43312-800-800-8,784239982459,6
SC,EF43312-800-800-8.5,784239982466,10
SC,EF43312-800-800-9,784239982473,6
SC,EF43312-800-800-9.5,784239982480,10
SC,EF44049-001-5,808448080468,4
SC,EF44049-001-5.5,808448080499,3
SC,EF44049-001-6,808448080628,23
SC,EF44049-001-6.5,808448080635,14
SC,EF45878G-251-251-10,197592054648,1
SC,EF45878G-251-251-6,197592054563,10
SC,EF45878G-251-251-6.5,197592054570,11
SC,EF45878H-001-001-10,197592054525,4
SC,EF45878H-001-001-11,197592054532,5
SC,EF45878H-001-001-5,197592054426,2
SC,EF45878H-001-001-6,197592054440,25
SC,EF45878H-001-001-6.5,197592054457,19
SC,EF45878H-001-001-7,197592054464,24
SC,EF45878H-001-001-7.5,197592054471,18
SC,EF45878H-001-001-8,197592054488,13
SC,EF45878H-001-001-8.5,197592054495,11
SC,EF45878H-001-001-9,197592054501,12
SC,EF45878H-001-001-9.5,197592054518,2
SC,EF46222-001-001-6,808448713908,1
SC,EF46223-001-001-5,808448705439,10
SC,EF46223-001-001-5.5,808448705446,7
SC,EF46223-001-001-6,808448705453,6
SC,EF46223-001-001-6.5,808448705460,10
SC,EF46223-419-419-5.5,784239483802,9
SC,EF46223-419-419-6.5,784239483826,1
SC,EF46223-419-419-7,784239483833,2
SC,EF46339-001-10,784239057256,4
SC,EF46339-001-11,784239057263,1
SC,EF46339-001-6,784239057171,5
SC,EF46339-001-6.5,784239057188,11
SC,EF46339-001-7.5,784239057201,18
SC,EF46339-001-8,784239057218,8
SC,EF46339-001-8.5,784239057225,23
SC,EF46339-001-9,784239057232,2
SC,EF46339-001-9.5,784239057249,9
SC,EF46339A-001-10,808448692135,1
SC,EF46339A-001-11,808448692180,1
SC,EF46339A-001-6,808448692050,2
SC,EF46339A-001-7.5,808448692081,10
SC,EF46339A-001-8,808448692098,3
SC,EF46339A-001-8.5,808448692104,10
SC,EF46339A-001-9.5,808448692159,4
SC,EF46339A-947-947-9,197592053429,1
SC,EF46713-001-001-5,808448878096,2
SC,EF46713-001-001-6.5,808448878126,8
SC,EF46858-100-100-11,197592087462,7
SC,EF46858-100-100-6,197592087370,23
SC,EF46858-100-100-6.5,197592087387,23
SC,EF46858-100-100-7,197592087394,21
SC,EF46858-100-100-7.5,197592087400,21
SC,EF46858-100-100-8,197592087417,19
SC,EF46858-100-100-8.5,197592087424,15
SC,EF46858-100-100-9,197592087431,23
SC,EF46858-100-100-9.5,197592087448,19
SC,EF47511-196-196-11,784239146110,19
SC,EF47511-196-196-6,784239145861,4
SC,EF47511-196-196-6.5,784239145878,10
SC,EF47870A-748-748-10,784239503586,1
SC,EF48030-001-001-10,784239453294,1
SC,EF48030-001-001-11,784239453447,3
SC,EF48030-001-001-5.5,784239451924,2
SC,EF48030-001-001-6,784239451931,4
SC,EF48030-001-001-6.5,784239451948,7
SC,EF48030-001-001-7.5,784239452853,4
SC,EF48030-001-001-9,784239453270,1
SC,EF48030-001-001-9.5,784239453348,2
SC,EF48246-196-196-10,808448086927,4
SC,EF48246-196-196-11,808448086934,6
SC,EF48246-196-196-8,808448086620,7
SC,EF48246-196-196-9,808448086903,4
SC,EF48248-001-001-10,784239562064,8
SC,EF48248-001-001-11,784239562071,11
SC,EF48248-001-001-5,784239561760,5
SC,EF48248-001-001-5.5,784239561777,12
SC,EF48248-001-001-6,784239561869,8
SC,EF48248-001-001-6.5,784239561876,16
SC,EF48248-001-001-7,784239561883,13
SC,EF48248-001-001-7.5,784239561890,24
SC,EF48248-001-001-8,784239561906,27
SC,EF48248-001-001-8.5,784239561913,30
SC,EF48248-001-001-9,784239561920,26
SC,EF48248-001-001-9.5,784239561951,13
SC,EF48248-100-100-10,784239565294,1
SC,EF48248-100-100-11,784239565300,22
SC,EF48248-100-100-5,784239564877,4
SC,EF48248-100-100-5.5,784239564907,10
SC,EF48248-100-100-6,784239564914,3
SC,EF48248-100-100-6.5,784239564921,6
SC,EF48248-100-100-7,784239564938,5
SC,EF48248-100-100-7.5,784239565089,4
SC,EF48248-100-100-8,784239565096,3
SC,EF48248-100-100-8.5,784239565102,1
SC,EF48248-100-100-9,784239565119,10
SC,EF48248-100-100-9.5,784239565287,19
SC,EF48263-001-001-6,784239343236,1
SC,EF48385-001-001-10,784239998474,8
SC,EF48385-001-001-11,784239998481,7
SC,EF48385-001-001-5,784239998375,6
SC,EF48385-001-001-5.5,784239998382,11
SC,EF48385-001-001-6,784239998399,36
SC,EF48385-001-001-6.5,784239998405,48
SC,EF48385-001-001-7,784239998412,21
SC,EF48385-001-001-7.5,784239998429,34
SC,EF48385-001-001-8,784239998436,20
SC,EF48385-001-001-8.5,784239998443,9
SC,EF48385-001-001-9,784239998450,12
SC,EF48385-001-001-9.5,784239998467,3
SC,EF48385-703-703-10,784239998597,9
SC,EF48385-703-703-11,784239998603,5
SC,EF48385-703-703-5,784239998498,5
SC,EF48385-703-703-5.5,784239998504,9
SC,EF48385-703-703-6,784239998511,5
SC,EF48385-703-703-6.5,784239998528,4
SC,EF48385-703-703-7,784239998535,8
SC,EF48385-703-703-7.5,784239998542,9
SC,EF48385-703-703-8,784239998559,20
SC,EF48385-703-703-8.5,784239998566,18
SC,EF48385-703-703-9,784239998573,17
SC,EF48385-703-703-9.5,784239998580,3
SC,EF48642-045-045-6,784239413205,2
SC,EF48642-045-045-6.5,784239413212,4
SC,EF48642-045-045-7.5,784239413236,15
SC,EF48642-045-045-8,784239413243,2
SC,EF48962-001-001-5,784239324914,5
SC,EF48962-001-001-5.5,784239324921,5
SC,EF48963-001-001-5,784239460056,1
SC,EF48963-001-001-5.5,784239460063,6
SC,EF49052-001-001-10,784239532029,1
SC,EF49052-001-001-11,784239532036,11
SC,EF49052-001-001-5,784239531206,2
SC,EF49052-001-001-5.5,784239531213,5
SC,EF49080-205-205-11,784239467642,1
SC,EF49296-001-001-5.5,808448069388,3
SC,EF49296S-627-627-10,808448588193,0
SC,EF49316-100-100-5,808448068770,1
SC,EF49316-100-100-5.5,808448068787,8
SC,EF49381-001-001-10,784239680850,2
SC,EF49381-001-001-11,784239680867,7
SC,EF49381-001-001-5.5,784239680768,4
SC,EF49381-001-001-6,784239680775,36
SC,EF49381-001-001-6.5,784239680782,19
SC,EF49381-001-001-7,784239680799,10
SC,EF49381-001-001-7.5,784239680805,7
SC,EF49381-001-001-8,784239680812,7
SC,EF49381-001-001-8.5,784239680829,20
SC,EF49381-001-001-9,784239680836,3
SC,EF49381-001-001-9.5,784239680843,1
SC,EF49381-208-208-10,197592060144,5
SC,EF49381-208-208-11,197592060151,4
SC,EF49381-208-208-5,197592060045,1
SC,EF49381-208-208-6,197592060069,23
SC,EF49381-208-208-6.5,197592060076,12
SC,EF49381-208-208-7,197592060083,20
SC,EF49381-208-208-7.5,197592060090,5
SC,EF49381-208-208-8,197592060106,9
SC,EF49381-208-208-8.5,197592060113,11
SC,EF49381-208-208-9,197592060120,16
SC,EF49432-001-001-10,808448399201,7
SC,EF49432-001-001-11,808448399218,49
SC,EF49432-001-001-9.5,808448399195,12
SC,EF49432-703-703-10,197592032936,33
SC,EF49432-703-703-11,197592032943,25
SC,EF49432-703-703-9,197592032912,5
SC,EF49432-703-703-9.5,197592032929,13
SC,EF49458-001-001-6.5,808448477619,1
SC,EF49458-001-001-9,808448477664,4
SC,EF49614-001-001-10,808448486246,15
SC,EF49614-001-001-11,808448486253,14
SC,EF49614-001-001-5.5,808448486154,8
SC,EF49614-001-001-6,808448486161,19
SC,EF49614-001-001-6.5,808448486178,26
SC,EF49614-001-001-7,808448486185,18
SC,EF49614-001-001-7.5,808448486192,31
SC,EF49614-001-001-8,808448486208,40
SC,EF49614-001-001-8.5,808448486215,22
SC,EF49614-001-001-9,808448486222,24
SC,EF49614-001-001-9.5,808448486239,15
SC,EF49614-703-703-10,197592030413,3
SC,EF49614-703-703-11,197592030420,2
SC,EF49614-703-703-6,197592030338,3
SC,EF49614-703-703-6.5,197592030345,5
SC,EF49614-703-703-7,197592030352,2
SC,EF49614-703-703-7.5,197592030369,6
SC,EF49614-703-703-8,197592030376,2
SC,EF49614-703-703-9.5,197592030406,3
SC,EF49614H-046-046-11,197592030307,4
SC,EF49614H-046-046-6,197592030215,5
SC,EF49614H-046-046-6.5,197592030222,7
SC,EF49614H-046-046-7,197592030239,8
SC,EF49614H-046-046-7.5,197592030246,9
SC,EF49614H-046-046-8,197592030253,9
SC,EF49614H-046-046-8.5,197592030260,8
SC,EF49614H-046-046-9,197592030277,3
SC,EF49614H-046-046-9.5,197592030284,3
SC,EF49728-001-001-11,197592005206,17
SC,EF49728-001-001-6,197592005114,1
SC,EF49728A-050-050-10,197592005312,19
SC,EF49728A-050-050-11,197592005329,27
SC,EF49728A-050-050-6,197592005237,14
SC,EF49728A-050-050-6.5,197592005244,7
SC,EF49728A-050-050-9.5,197592005305,14
SC,EF49788-001-001-11,197592007361,13
SC,EF49788-001-001-6,197592007279,26
SC,EF49788-001-001-6.5,197592007286,28
SC,EF49819-018-018-6.5,197592008245,1
SC,EF49819-018-018-7.5,197592008269,2
SC,EF49819-018-018-8,197592008276,25
SC,EF49819-018-018-8.5,197592008283,13
SC,EF49819-018-018-9,197592008290,13
SC,EF49819-018-018-9.5,197592008306,3
SC,EF49826-001-001-10,808448787497,27
SC,EF49826-001-001-11,808448787503,33
SC,EF49826-001-001-5,808448781044,4
SC,EF49826-001-001-5.5,808448781051,3
SC,EF49826-001-001-6,808448781068,28
SC,EF49826-001-001-6.5,808448781075,20
SC,EF49826-001-001-7,808448781082,24
SC,EF49826-001-001-7.5,808448781112,24
SC,EF49826-001-001-8,808448781136,28
SC,EF49826-001-001-8.5,808448787466,50
SC,EF49826-001-001-9,808448787473,25
SC,EF49826-001-001-9.5,808448787480,30
SC,EF49826B-001-001-10,197592006395,24
SC,EF49826B-001-001-11,197592006401,21
SC,EF49826B-001-001-6,197592006319,20
SC,EF49826B-001-001-6.5,197592006326,16
SC,EF49826B-001-001-7,197592006333,35
SC,EF49826B-001-001-7.5,197592006340,37
SC,EF49826B-001-001-8,197592006357,50
SC,EF49826B-001-001-8.5,197592006364,55
SC,EF49826B-001-001-9,197592006371,59
SC,EF49826B-001-001-9.5,197592006388,36
SC,EF49826B-247-247-7.5,197592006104,12
SC,EF49826C-247-247-10,197592006159,9
SC,EF49826C-247-247-11,197592006166,9
SC,EF49826C-247-247-6,197592006074,14
SC,EF49826C-247-247-6.5,197592006081,13
SC,EF49826C-247-247-7,197592006098,2
SC,EF49826C-247-247-8,197592006111,16
SC,EF49826C-247-247-8.5,197592006128,17
SC,EF49826C-247-247-9,197592006135,9
SC,EF49826C-247-247-9.5,197592006142,12
SC,EF49826C-947-947-10,197592052729,4
SC,EF49826C-947-947-11,197592052736,9
SC,EF49826C-947-947-6,197592052644,12
SC,EF49826C-947-947-6.5,197592052651,10
SC,EF49826C-947-947-7,197592052668,8
SC,EF49826C-947-947-7.5,197592052675,6
SC,EF49826C-947-947-8,197592052682,13
SC,EF49826C-947-947-8.5,197592052699,10
SC,EF49826C-947-947-9,197592052705,12
SC,EF49826C-947-947-9.5,197592052712,7
SC,EF49826D-243-243-10,197592044595,21
SC,EF49826D-243-243-11,197592044601,27
SC,EF49826D-243-243-6,197592044519,28
SC,EF49826D-243-243-6.5,197592044526,21
SC,EF49826D-243-243-7,197592044533,30
SC,EF49826D-243-243-7.5,197592044540,31
SC,EF49826D-243-243-8,197592044557,38
SC,EF49826D-243-243-8.5,197592044564,42
SC,EF49826D-243-243-9,197592044571,47
SC,EF49826D-243-243-9.5,197592044588,22
SC,EF49826E-025-025-10,197592052606,3
SC,EF49826E-025-025-11,197592052613,3
SC,EF49826E-025-025-5.5,197592052514,2
SC,EF49826E-025-025-6,197592052521,7
SC,EF49826E-025-025-6.5,197592052538,7
SC,EF49826E-025-025-7,197592052545,6
SC,EF49826E-025-025-7.5,197592052552,12
SC,EF49826E-025-025-8,197592052569,8
SC,EF49826E-025-025-8.5,197592052576,13
SC,EF49826E-025-025-9,197592052583,13
SC,EF49826E-025-025-9.5,197592052590,5
SC,EF49826F-001-001-10,197592052842,37
SC,EF49826F-001-001-11,197592052859,25
SC,EF49826F-001-001-5.5,197592052750,3
SC,EF49826F-001-001-6,197592052767,22
SC,EF49826F-001-001-6.5,197592052774,27
SC,EF49826F-001-001-7,197592052781,26
SC,EF49826F-001-001-7.5,197592052798,27
SC,EF49826F-001-001-8,197592052804,21
SC,EF49826F-001-001-8.5,197592052811,25
SC,EF49826F-001-001-9,197592052828,41
SC,EF49826F-001-001-9.5,197592052835,28
SC,EF49827-001-001-10,197592009167,13
SC,EF49827-001-001-11,197592009174,13
SC,EF49827-001-001-5,197592009068,2
SC,EF49827-001-001-5.5,197592009075,3
SC,EF49827-001-001-6,197592009082,7
SC,EF49827-001-001-6.5,197592009099,8
SC,EF49827-001-001-7,197592009105,9
SC,EF49827-001-001-7.5,197592009112,14
SC,EF49827-001-001-8,197592009129,18
SC,EF49827-001-001-8.5,197592009136,17
SC,EF49827-001-001-9,197592009143,16
SC,EF49827-001-001-9.5,197592009150,11
SC,EF49827-245-245-10,197592009280,18
SC,EF49827-245-245-11,197592009297,12
SC,EF49827-245-245-5,197592009181,2
SC,EF49827-245-245-5.5,197592009198,3
SC,EF49827-245-245-6,197592009204,8
SC,EF49827-245-245-6.5,197592009211,6
SC,EF49827-245-245-7,197592009228,9
SC,EF49827-245-245-7.5,197592009235,13
SC,EF49827-245-245-8,197592009242,15
SC,EF49827-245-245-8.5,197592009259,16
SC,EF49827-245-245-9,197592009266,18
SC,EF49827-245-245-9.5,197592009273,16
SC,EF49828-001-001-10,197592009402,28
SC,EF49828-001-001-11,197592009419,26
SC,EF49828-001-001-6,197592009327,32
SC,EF49828-001-001-6.5,197592009334,34
SC,EF49828-001-001-7,197592009341,33
SC,EF49828-001-001-7.5,197592009358,29
SC,EF49828-001-001-8,197592009365,37
SC,EF49828-001-001-8.5,197592009372,29
SC,EF49828-001-001-9,197592009389,18
SC,EF49828-001-001-9.5,197592009396,96
SC,EF49828-606-606-10,197592009525,36
SC,EF49828-606-606-11,197592009532,25
SC,EF49828-606-606-5,197592009426,1
SC,EF49828-606-606-5.5,197592009433,1
SC,EF49828-606-606-6,197592009440,38
SC,EF49828-606-606-6.5,197592009457,40
SC,EF49828-606-606-7,197592009464,44
SC,EF49828-606-606-7.5,197592009471,38
SC,EF49828-606-606-8,197592009488,51
SC,EF49828-606-606-8.5,197592009495,30
SC,EF49828-606-606-9,197592009501,33
SC,EF49828-606-606-9.5,197592009518,36
SC,EF49886-001-001-11,197592007248,10
SC,EF49886-001-001-6,197592007156,19
SC,EF49886-001-001-6.5,197592007163,18
SC,EF49898-001-001-6,197592000874,1
SC,EF49899-001-001-6,197592007996,13
SC,EF49899-001-001-6.5,197592008009,9
SC,EF49899-001-001-7,197592008016,7
SC,EF49899-001-001-8,197592008030,4
SC,EF49908A-087-087-11,197592015670,1
SC,EF49908A-087-087-5.5,197592015571,2
SC,EF49908A-087-087-6,197592015588,4
SC,EF49908B-088-088-6,197592015823,19
SC,EF49908B-088-088-6.5,197592015830,8
SC,EF49908C-001-001-11,197592065194,2
SC,EF49908C-001-001-6,197592065101,2
SC,EF49908C-001-001-6.5,197592065118,11
SC,EF49908C-001-001-7,197592065125,4
SC,EF49908C-001-001-7.5,197592065132,14
SC,EF49908C-270-270-10,197592065309,10
SC,EF49908C-270-270-11,197592065316,5
SC,EF49908C-270-270-5.5,197592065217,1
SC,EF49908C-270-270-6,197592065224,3
SC,EF49908C-270-270-6.5,197592065231,3
SC,EF49908C-270-270-7,197592065248,8
SC,EF49908C-270-270-7.5,197592065255,15
SC,EF49908C-270-270-8,197592065262,15
SC,EF49908C-270-270-8.5,197592065279,16
SC,EF49908C-270-270-9,197592065286,15
SC,EF49908C-270-270-9.5,197592065293,7
SC,EF49911-001-001-10,197592013263,8
SC,EF49911-001-001-11,197592013270,8
SC,EF49911-001-001-6,197592013188,3
SC,EF49911-001-001-6.5,197592013195,2
SC,EF49911-001-001-8,197592013225,3
SC,EF49911-001-001-8.5,197592013232,10
SC,EF49911-001-001-9.5,197592013256,5
SC,EF49911A-075-075-10,197592017582,8
SC,EF49911A-075-075-11,197592017599,4
SC,EF49911A-075-075-6,197592017506,8
SC,EF49911A-075-075-6.5,197592017513,1
SC,EF49911A-075-075-8,197592017544,10
SC,EF49911A-075-075-8.5,197592017551,2
SC,EF49911A-075-075-9.5,197592017575,6
SC,EF49915-001-001-10,197592022388,21
SC,EF49915-001-001-7,197592022326,9
SC,EF49915-001-001-7.5,197592022333,2
SC,EF49915-001-001-8.5,197592022357,14
SC,EF49915-001-001-9,197592022364,12
SC,EF49915-001-001-9.5,197592022371,10
SC,EF49931-001-001-10,197592016509,1
SC,EF49931-001-001-11,197592016516,30
SC,EF49931-001-001-6,197592016424,10
SC,EF49931-001-001-6.5,197592016431,20
SC,EF49931-001-001-7,197592016448,17
SC,EF49931-001-001-7.5,197592016455,2
SC,EF49931-001-001-8,197592016462,27
SC,EF49931-001-001-8.5,197592016479,9
SC,EF49931-001-001-9.5,197592016493,3
SC,EF49931-800-800-10,197592016622,9
SC,EF49931-800-800-11,197592016639,28
SC,EF49931-800-800-6,197592016547,4
SC,EF49931-800-800-6.5,197592016554,9
SC,EF50020-001-001-5,197592031519,2
SC,EF50020-001-001-6,197592031533,6
SC,EF50020-001-001-6.5,197592031540,8
SC,EF50020-001-001-7,197592031557,4
SC,EF50020-703-703-10,197592031854,33
SC,EF50020-703-703-11,197592031861,20
SC,EF50020-703-703-5,197592031755,1
SC,EF50020-703-703-6,197592031779,26
SC,EF50020-703-703-6.5,197592031786,34
SC,EF50020-703-703-7,197592031793,50
SC,EF50020-703-703-7.5,197592031809,73
SC,EF50020-703-703-8,197592031816,65
SC,EF50020-703-703-8.5,197592031823,56
SC,EF50020-703-703-9,197592031830,35
SC,EF50020-703-703-9.5,197592031847,43
SC,EF50020-934-934-10,197592031731,13
SC,EF50020-934-934-11,197592031748,5
SC,EF50020-934-934-6,197592031656,27
SC,EF50020-934-934-6.5,197592031663,13
SC,EF50020-934-934-7,197592031670,29
SC,EF50020-934-934-7.5,197592031687,37
SC,EF50020-934-934-8,197592031694,41
SC,EF50020-934-934-8.5,197592031700,29
SC,EF50020-934-934-9,197592031717,26
SC,EF50020-934-934-9.5,197592031724,25
SC,EF50022-934-934-10,197592031250,28
SC,EF50022-934-934-11,197592031267,14
SC,EF50022-934-934-6,197592031175,21
SC,EF50022-934-934-6.5,197592031182,17
SC,EF50022-934-934-7,197592031199,31
SC,EF50022-934-934-7.5,197592031205,35
SC,EF50022-934-934-8,197592031212,37
SC,EF50022-934-934-8.5,197592031229,29
SC,EF50022-934-934-9,197592031236,33
SC,EF50022-934-934-9.5,197592031243,21
SC,EF50022X-046-046-11,197592031021,5
SC,EF50022X-046-046-9.5,197592031007,4
SC,EF50027-107-107-6,197592029493,3
SC,EF50027-107-107-6.5,197592029509,2
SC,EF50027-107-107-7.5,197592029523,4
SC,EF50027B-001-001-10,197592029813,33
SC,EF50027B-001-001-11,197592029820,16
SC,EF50027B-001-001-5,197592029714,4
SC,EF50027B-001-001-5.5,197592029721,5
SC,EF50027B-001-001-6,197592029738,7
SC,EF50027B-001-001-6.5,197592029745,9
SC,EF50027B-001-001-7,197592029752,19
SC,EF50027B-001-001-7.5,197592029769,20
SC,EF50027B-001-001-8,197592029776,20
SC,EF50027B-001-001-8.5,197592029783,14
SC,EF50027B-001-001-9,197592029790,28
SC,EF50027B-001-001-9.5,197592029806,12
SC,EF50027C-001-001-10,197592045073,19
SC,EF50027C-001-001-11,197592045080,15
SC,EF50027C-001-001-5,197592044977,2
SC,EF50027C-001-001-5.5,197592044984,2
SC,EF50027C-001-001-6,197592044991,7
SC,EF50027C-001-001-6.5,197592045004,11
SC,EF50027C-001-001-7,197592045011,22
SC,EF50027C-001-001-7.5,197592045028,21
SC,EF50027C-001-001-8,197592045035,29
SC,EF50027C-001-001-8.5,197592045042,20
SC,EF50027C-001-001-9,197592045059,28
SC,EF50027C-001-001-9.5,197592045066,18
SC,EF50027C-703-703-11,197592045202,6
SC,EF50027C-703-703-6,197592045110,4
SC,EF50027C-703-703-6.5,197592045127,4
SC,EF50027C-703-703-7,197592045134,8
SC,EF50027C-703-703-7.5,197592045141,6
SC,EF50027C-703-703-8,197592045158,5
SC,EF50027C-703-703-8.5,197592045165,6
SC,EF50027C-703-703-9,197592045172,10
SC,EF50027C-703-703-9.5,197592045189,15
SC,EF50060-001-001-10,197592054280,2
SC,EF50060-001-001-11,197592054297,10
SC,EF50060-001-001-5,197592054181,1
SC,EF50060-001-001-5.5,197592054198,1
SC,EF50060-001-001-6,197592054204,29
SC,EF50060-001-001-6.5,197592054211,21
SC,EF50060-001-001-7,197592054228,22
SC,EF50060-001-001-7.5,197592054235,25
SC,EF50060-001-001-8,197592054242,17
SC,EF50060-001-001-8.5,197592054259,39
SC,EF50060-001-001-9,197592054266,17
SC,EF50060-001-001-9.5,197592054273,16
SC,EF50060A-975-975-11,197592054419,5
SC,EF50060A-975-975-5,197592054303,2
SC,EF50060A-975-975-6,197592054327,17
SC,EF50060A-975-975-6.5,197592054334,13
SC,EF50060A-975-975-7,197592054341,3
SC,EF50060A-975-975-7.5,197592054358,1
SC,EF50060A-975-975-8,197592054365,6
SC,EF50060A-975-975-8.5,197592054372,15
SC,EF50060A-975-975-9,197592054389,2
SC,EF50069-001-001-6,197592029851,7
SC,EF50069-001-001-6.5,197592029868,12
SC,EF50069-001-001-7,197592029875,12
SC,EF50069-001-001-7.5,197592029882,19
SC,EF50069-001-001-8,197592029899,9
SC,EF50071-001-001-10,197592022623,59
SC,EF50071-001-001-11,197592022630,36
SC,EF50071-001-001-6,197592022548,38
SC,EF50071-001-001-6.5,197592022555,37
SC,EF50071-001-001-7,197592022562,47
SC,EF50071-001-001-7.5,197592022579,58
SC,EF50071-001-001-8,197592022586,81
SC,EF50071-001-001-8.5,197592022593,66
SC,EF50071-001-001-9,197592022609,68
SC,EF50071-001-001-9.5,197592022616,50
SC,EF50250-001-001-11,197592044847,4
SC,EF50250-001-001-9,197592044816,1
SC,EF50250-001-001-9.5,197592044823,1
SC,EF50250-100-100-11,197592044960,21
SC,EF50250-100-100-7.5,197592044908,3
SC,EF50250-100-100-8,197592044915,8
SC,EF50250-100-100-9,197592044939,12
SC,EF50253-001-001-11,197592042584,13
SC,EF50253-001-001-5,197592042478,0
SC,EF50253-001-001-5.5,197592042485,0
SC,EF50253-001-001-6,197592042492,10
SC,EF50253-001-001-6.5,197592042508,4
SC,EF50253-001-001-7,197592042515,1
SC,EF50253-001-001-7.5,197592042522,0
SC,EF50253-001-001-8,197592042539,0
SC,EF50253-001-001-8.5,197592042546,0
SC,EF50253-001-001-9,197592042553,0
SC,EF50253-001-001-9.5,197592042560,0
SC,EF50327-001-001-5,197592053948,2
SC,EF50327-050-050-9,197592054143,2
SC,EF50340-001-001-7,197592059964,1
SC,EF50344-001-001-11,197592055959,23
SC,EF50344-001-001-6,197592055867,4
SC,EF50344-001-001-8.5,197592055911,1
SC,EF50344-001-001-9,197592055928,2
SC,EF50354-001-001-10,197592049637,1
SC,EF50354-001-001-5,197592049538,2
SC,EF50354-001-001-5.5,197592049545,1
SC,EF50354-001-001-6,197592049552,7
SC,EF50354-001-001-6.5,197592049569,4
SC,EF50354-001-001-7,197592049576,1
SC,EF50354-001-001-7.5,197592049583,1
SC,EF50354-001-001-8,197592049590,1
SC,EF50354-001-001-9,197592049613,1
SC,EF50359-050-050-10,197592055249,4
SC,EF50359-050-050-11,197592055256,5
SC,EF50359-050-050-5,197592055140,1
SC,EF50359-050-050-6,197592055164,6
SC,EF50359-050-050-6.5,197592055171,7
SC,EF50359-050-050-7,197592055188,8
SC,EF50359-050-050-7.5,197592055195,3
SC,EF50359-050-050-8.5,197592055218,4
SC,EF50359-050-050-9,197592055225,2
SC,EF50359-050-050-9.5,197592055232,3
SC,EF50376-975-975-10,197592053207,13
SC,EF50376-975-975-11,197592053214,14
SC,EF50376-975-975-6,197592053122,12
SC,EF50376-975-975-6.5,197592053139,14
SC,EF50376-975-975-7,197592053146,14
SC,EF50376-975-975-7.5,197592053153,17
SC,EF50376-975-975-8,197592053160,16
SC,EF50376-975-975-8.5,197592053177,1
SC,EF50376-975-975-9,197592053184,13
SC,EF50376-975-975-9.5,197592053191,14
SC,EF50466-001-001-10,197592054761,5
SC,EF50466-001-001-11,197592054778,4
SC,EF50466-001-001-8.5,197592054730,1
SC,EF50502-001-001-10,197592049279,17
SC,EF50502-001-001-11,197592049286,5
SC,EF50502-001-001-5.5,197592049187,2
SC,EF50502-001-001-6,197592049194,10
SC,EF50502-001-001-6.5,197592049200,11
SC,EF50502-001-001-7,197592049217,5
SC,EF50502-001-001-7.5,197592049224,6
SC,EF50502-001-001-8,197592049231,18
SC,EF50502-001-001-8.5,197592049248,23
SC,EF50502-001-001-9,197592049255,29
SC,EF50502-001-001-9.5,197592049262,13
SC,EF50526-001-001-7,197592051944,1
SC,EF50526-001-001-8,197592051968,1
SC,EF50706A-001-001-10,197592064708,11
SC,EF50706A-001-001-11,197592064715,9
SC,EF50706A-001-001-5,197592064609,1
SC,EF50706A-001-001-6,197592064623,1
SC,EF50706A-001-001-6.5,197592064630,2
SC,EF50706A-001-001-7,197592064647,8
SC,EF50706A-001-001-7.5,197592064654,10
SC,EF50706A-001-001-8,197592064661,21
SC,EF50706A-001-001-8.5,197592064678,8
SC,EF50706A-001-001-9,197592064685,16
SC,EF50706A-001-001-9.5,197592064692,10
SC,EF50706A-212-212-10,197592063145,1
SC,EF50706A-212-212-8,197592063107,2
SC,EF50706A-212-212-9,197592063121,2
SC,EF50725-001-001-10,197592087332,31
SC,EF50725-001-001-11,197592087349,15
SC,EF50725-001-001-6,197592087257,11
SC,EF50725-001-001-6.5,197592087264,8
SC,EF50725-001-001-7,197592087271,37
SC,EF50725-001-001-7.5,197592087288,27
SC,EF50725-001-001-8,197592087295,48
SC,EF50725-001-001-8.5,197592087301,39
SC,EF50725-001-001-9,197592087318,47
SC,EF50725-001-001-9.5,197592087325,32
SC,EF50727-001-001-10,197592065422,7
SC,EF50727-001-001-11,197592065439,15
SC,EF50727-001-001-6,197592065347,12
SC,EF50727-001-001-6.5,197592065354,16
SC,EF50727-001-001-7,197592065361,25
SC,EF50727-001-001-7.5,197592065378,20
SC,EF50727-001-001-8,197592065385,14
SC,EF50727-001-001-9,197592065408,9
SC,EF50727-001-001-9.5,197592065415,1
SC,EF50727-114-114-10,197592065545,25
SC,EF50727-114-114-11,197592065552,18
SC,EF50727-114-114-5,197592065446,1
SC,EF50727-114-114-6,197592065460,18
SC,EF50727-114-114-6.5,197592065477,22
SC,EF50727-114-114-7,197592065484,33
SC,EF50727-114-114-7.5,197592065491,48
SC,EF50727-114-114-8,197592065507,50
SC,EF50727-114-114-8.5,197592065514,44
SC,EF50727-114-114-9,197592065521,51
SC,EF50727-114-114-9.5,197592065538,26
SC,EF50744-243-243-10,197592079047,8
SC,EF50744-243-243-11,197592079054,4
SC,EF50744-243-243-8.5,197592079016,1
SC,EF50744-243-243-9,197592079023,9
SC,EF50744-243-243-9.5,197592079030,4
SC,EF50747-001-001-10,197592063503,19
SC,EF50747-001-001-11,197592063510,1
SC,EF50747-001-001-5,197592063404,2
SC,EF50747-001-001-5.5,197592063411,1
SC,EF50747-001-001-6,197592063428,6
SC,EF50747-001-001-6.5,197592063435,10
SC,EF50747-001-001-7,197592063442,5
SC,EF50747-001-001-7.5,197592063459,11
SC,EF50747-001-001-8,197592063466,33
SC,EF50747-001-001-8.5,197592063473,16
SC,EF50747-001-001-9,197592063480,35
SC,EF50747-001-001-9.5,197592063497,19
SC,EF50756-001-001-10,197592062421,10
SC,EF50756-001-001-11,197592062438,1
SC,EF50756-001-001-7,197592062360,4
SC,EF50756-001-001-7.5,197592062377,14
SC,EF50756-001-001-8,197592062384,25
SC,EF50756-001-001-8.5,197592062391,8
SC,EF50756-001-001-9,197592062407,24
SC,EF50756-001-001-9.5,197592062414,2
SC,EF50756A-461-461-11,197592062551,2
SC,EF50760-001-001-11,197592063039,1
SC,EF50760-001-001-7,197592062964,1
SC,EF50760-001-001-7.5,197592062971,3
SC,EF50760-001-001-8,197592062988,12
SC,EF50760-001-001-8.5,197592062995,1
SC,EF50760-001-001-9.5,197592063015,3
SC,EF50764-001-001-11,197592078576,1
SC,EF50764-001-001-5,197592078460,1
SC,EF50764-001-001-6,197592078484,17
SC,EF50764-001-001-6.5,197592078491,15
SC,EF50764-001-001-7,197592078507,13
SC,EF50764-001-001-7.5,197592078514,15
SC,EF50764-001-001-8,197592078521,8
SC,EF50764-001-001-8.5,197592078538,2
SC,EF50770-001-001-10,197592079641,28
SC,EF50770-001-001-11,197592079658,7
SC,EF50770-001-001-5,197592079542,1
SC,EF50770-001-001-5.5,197592079559,2
SC,EF50770-001-001-6,197592079566,6
SC,EF50770-001-001-6.5,197592079573,10
SC,EF50770-001-001-7,197592079580,19
SC,EF50770-001-001-7.5,197592079597,19
SC,EF50770-001-001-8,197592079603,34
SC,EF50770-001-001-8.5,197592079610,22
SC,EF50770-001-001-9,197592079627,32
SC,EF50770-001-001-9.5,197592079634,22
SC,EF50772-001-001-10,197592079764,30
SC,EF50772-001-001-11,197592079771,22
SC,EF50772-001-001-6,197592079689,13
SC,EF50772-001-001-6.5,197592079696,12
SC,EF50772-001-001-7,197592079702,19
SC,EF50772-001-001-7.5,197592079719,25
SC,EF50772-001-001-8,197592079726,22
SC,EF50772-001-001-8.5,197592079733,26
SC,EF50772-001-001-9,197592079740,35
SC,EF50772-001-001-9.5,197592079757,24
SC,EF50811A-046-046-10,197592081323,6
SC,EF50811A-046-046-11,197592081330,4
SC,EF50811A-046-046-6,197592081248,2
SC,EF50811A-046-046-6.5,197592081255,4
SC,EF50811A-046-046-7,197592081262,18
SC,EF50811A-046-046-7.5,197592081279,14
SC,EF50811A-046-046-8,197592081286,7
SC,EF50811A-046-046-8.5,197592081293,15
SC,EF50811A-046-046-9,197592081309,26
SC,EF50811A-046-046-9.5,197592081316,9
SC,EF50811B-242-242-10,197592074240,19
SC,EF50811B-242-242-11,197592074257,13
SC,EF50811B-242-242-6,197592074165,1
SC,EF50811B-242-242-6.5,197592074172,8
SC,EF50811B-242-242-7.5,197592074196,1
SC,EF50811B-242-242-8,197592074202,4
SC,EF50811B-242-242-9,197592074226,3
SC,EF50811B-242-242-9.5,197592074233,5
SC,EF50947-001-001-10,197592081569,12
SC,EF50947-001-001-11,197592081576,2
SC,EF50947-001-001-5.5,197592081477,1
SC,EF50947-001-001-6,197592081484,12
SC,EF50947-001-001-6.5,197592081491,12
SC,EF50947-001-001-7,197592081507,24
SC,EF50947-001-001-7.5,197592081514,6
SC,EF50947-001-001-8,197592081521,31
SC,EF50947-001-001-8.5,197592081538,20
SC,EF50947-001-001-9,197592081545,33
SC,EF50947-001-001-9.5,197592081552,10
SC,EF50963-001-001-10,197592080845,5
SC,EF50963-001-001-11,197592080852,3
SC,EF50963-001-001-5,197592080746,2
SC,EF50963-001-001-6,197592080760,8
SC,EF50963-001-001-6.5,197592080777,6
SC,EF50963-001-001-7,197592080784,8
SC,EF50963-001-001-7.5,197592080791,5
SC,EF50963-001-001-8,197592080807,15
SC,EF50963-001-001-8.5,197592080814,15
SC,EF50963-001-001-9,197592080821,15
SC,EF50963-001-001-9.5,197592080838,13
SC,EF50963-242-242-10,197592080968,16
SC,EF50963-242-242-11,197592080975,9
SC,EF50963-242-242-5,197592080869,1
SC,EF50963-242-242-6,197592080883,8
SC,EF50963-242-242-6.5,197592080890,11
SC,EF50963-242-242-7,197592080906,9
SC,EF50963-242-242-7.5,197592080913,17
SC,EF50963-242-242-8,197592080920,25
SC,EF50963-242-242-8.5,197592080937,9
SC,EF50963-242-242-9,197592080944,24
SC,EF50963-242-242-9.5,197592080951,14
SC,EF51103-001-001-10,197592096181,8
SC,EF51103-001-001-11,197592096198,12
SC,EF51103-001-001-5,197592096082,0
SC,EF51103-001-001-5.5,197592096099,0
SC,EF51103-001-001-6,197592096105,21
SC,EF51103-001-001-6.5,197592096112,13
SC,EF51103-001-001-7,197592096129,11
SC,EF51103-001-001-7.5,197592096136,15
SC,EF51103-001-001-8,197592096143,15
SC,EF51103-001-001-8.5,197592096150,2
SC,EF51103-001-001-9,197592096167,18
SC,EF51103-001-001-9.5,197592096174,11
